# Blender 4.4.1
# www.blender.org
mtllib PoseCWall.mtl
o PoseCWall
v -1.249999 0.000000 -0.075000
v 1.249999 0.000000 -0.075000
v -1.249999 2.499999 -0.075000
v 1.249999 2.499999 -0.075000
v -0.345289 1.762306 -0.075000
v -0.333933 1.729364 -0.075000
v -0.351308 1.779164 -0.075000
v -0.537317 1.964199 -0.075000
v -0.551368 1.936504 -0.075000
v -0.556091 1.927085 -0.075000
v -0.576173 1.889659 -0.075000
v -0.575568 1.890888 -0.075000
v 0.089026 1.416908 -0.075000
v 0.042791 1.413755 -0.075000
v 0.038245 1.417696 -0.075000
v 0.034533 1.415728 -0.075000
v 0.465994 1.270483 -0.075000
v -0.137182 1.111376 -0.075000
v 0.310467 0.595871 -0.075000
v -0.017773 0.764782 -0.075000
v -0.022467 0.763261 -0.075000
v -0.609525 0.320308 -0.075000
v -0.658827 0.308206 -0.075000
v 0.545723 0.082443 -0.075000
v 0.236638 1.768276 -0.075000
v 0.228496 1.766562 -0.075000
v -0.576316 1.909832 -0.075000
v -0.569378 1.902392 -0.075000
v -0.572219 1.897112 -0.075000
v -0.562021 1.865458 -0.075000
v -0.566750 1.880137 -0.075000
v -0.546300 1.814338 -0.075000
v -0.551431 1.830653 -0.075000
v -0.535739 1.776752 -0.075000
v -0.534448 1.773001 -0.075000
v -0.580360 1.766630 -0.075000
v -0.616194 1.760480 -0.075000
v -0.622417 1.748021 -0.075000
v 0.336143 1.746267 -0.075000
v 0.359302 1.733217 -0.075000
v 0.324145 1.753103 -0.075000
v 0.101685 1.690725 -0.075000
v 0.091017 1.678102 -0.075000
v 0.099425 1.688051 -0.075000
v -0.338211 1.725747 -0.075000
v -0.612697 1.738210 -0.075000
v -0.609485 1.732897 -0.075000
v 0.085891 1.672034 -0.075000
v 0.433053 1.639136 -0.075000
v 0.444103 1.599255 -0.075000
v 0.077582 1.653177 -0.075000
v -0.432747 1.672987 -0.075000
v 0.052092 1.595320 -0.075000
v 0.438796 1.531798 -0.075000
v 0.445454 1.573749 -0.075000
v 0.043196 1.539260 -0.075000
v 0.042938 1.537248 -0.075000
v 0.399793 1.459417 -0.075000
v 0.043409 1.535317 -0.075000
v 0.058149 1.482116 -0.075000
v 0.541666 1.390220 -0.075000
v 0.544422 1.394906 -0.075000
v 0.375472 1.427246 -0.075000
v 0.353545 1.403497 -0.075000
v 0.348003 1.390051 -0.075000
v 0.094340 1.423240 -0.075000
v 0.089769 1.430675 -0.075000
v 0.014167 1.400674 -0.075000
v 0.016797 1.398395 -0.075000
v 0.298834 1.349430 -0.075000
v 0.497896 1.330338 -0.075000
v 0.491099 1.322985 -0.075000
v 0.463915 1.286200 -0.075000
v -0.082396 1.285732 -0.075000
v -0.084045 1.306299 -0.075000
v -0.084642 1.283919 -0.075000
v -0.079248 1.261565 -0.075000
v -0.085304 0.659540 -0.075000
v -0.085552 0.659793 -0.075000
v -0.119173 0.448297 -0.075000
v -0.303601 0.328916 -0.075000
v -0.141899 0.433586 -0.075000
v -0.434100 0.244444 -0.075000
v -0.283633 0.518709 -0.075000
v -0.528788 0.356633 -0.075000
v -0.658728 0.295718 -0.075000
v -0.651007 0.298506 -0.075000
v -0.576305 0.328461 -0.075000
v 0.572010 0.054283 -0.075000
v 0.561980 0.056649 -0.075000
v 0.587281 0.050659 -0.075000
v 0.589388 0.022657 -0.075000
v -0.368210 0.123962 -0.075000
v -0.568689 1.767103 -0.075000
v -0.620649 1.758184 -0.075000
v -0.617030 1.758805 -0.075000
v -0.579118 1.765313 -0.075000
v -0.621716 1.756049 -0.075000
v 0.371872 1.724964 -0.075000
v 0.363666 1.729589 -0.075000
v 0.321220 1.753611 -0.075000
v 0.106979 1.695293 -0.075000
v -0.238220 1.634424 -0.075000
v -0.282268 1.669124 -0.075000
v -0.339401 1.724741 -0.075000
v -0.619516 1.753828 -0.075000
v 0.447066 1.587525 -0.075000
v 0.446607 1.589181 -0.075000
v 0.431975 1.641991 -0.075000
v 0.432530 1.639987 -0.075000
v 0.444230 1.597758 -0.075000
v 0.447151 1.587175 -0.075000
v 0.051294 1.592945 -0.075000
v 0.051953 1.594442 -0.075000
v -0.355793 1.607804 -0.075000
v -0.411348 1.692019 -0.075000
v 0.447104 1.586809 -0.075000
v 0.445404 1.576094 -0.075000
v 0.437998 1.529423 -0.075000
v 0.438210 1.530759 -0.075000
v 0.044324 1.549027 -0.075000
v 0.044374 1.546682 -0.075000
v 0.045506 1.526711 -0.075000
v 0.045378 1.528208 -0.075000
v 0.397962 1.457022 -0.075000
v 0.398402 1.457899 -0.075000
v 0.057071 1.484971 -0.075000
v 0.545717 1.400370 -0.075000
v 0.544177 1.397750 -0.075000
v 0.540064 1.390758 -0.075000
v 0.534980 1.382115 -0.075000
v 0.387053 1.442593 -0.075000
v 0.383339 1.438570 -0.075000
v 0.346104 1.387143 -0.075000
v 0.346940 1.389173 -0.075000
v 0.394308 1.453034 -0.075000
v 0.057594 1.484120 -0.075000
v 0.303158 1.351664 -0.075000
v 0.500388 1.335014 -0.075000
v 0.299333 1.349842 -0.075000
v 0.497667 1.332070 -0.075000
v -0.081729 1.319259 -0.075000
v -0.081428 1.315506 -0.075000
v -0.225686 0.554162 -0.075000
v -0.250143 0.537993 -0.075000
v -0.655173 0.290343 -0.075000
v -0.654570 0.290560 -0.075000
v -0.360334 0.107176 -0.075000
v -0.368732 0.122531 -0.075000
v 0.488950 1.586081 -0.075000
v 0.460439 1.588493 -0.075000
v 0.464412 1.573812 -0.075000
v 0.553754 1.486424 -0.075000
v 0.560977 1.474055 -0.075000
v 0.561566 1.467223 -0.075000
v -0.538817 0.137915 -0.075000
v -0.369308 0.009617 -0.075000
v -0.392791 0.017659 -0.075000
v -0.435155 0.043707 -0.075000
v 0.431465 1.209119 -0.075000
v 0.431828 1.206381 -0.075000
v 0.446796 1.237454 -0.075000
v 0.448229 1.236271 -0.075000
v 0.446657 1.240865 -0.075000
v 0.217293 1.268834 -0.075000
v 0.219831 1.251780 -0.075000
v 0.216493 1.244975 -0.075000
v 0.413244 1.186275 -0.075000
v 0.182336 1.149300 -0.075000
v 0.170776 1.078952 -0.075000
v 0.362099 1.196101 -0.075000
v 0.155246 0.999465 -0.075000
v 0.158011 0.975905 -0.075000
v 0.378141 1.192491 -0.075000
v 0.370836 0.261119 -0.075000
v 0.388119 0.153943 -0.075000
v 0.069721 0.710343 -0.075000
v 0.054341 0.733816 -0.075000
v 0.031331 0.766968 -0.075000
v 0.222647 0.170092 -0.075000
v 0.223736 0.132017 -0.075000
v 0.027385 0.767501 -0.075000
v 0.224380 0.112249 -0.075000
v 0.477134 1.567029 -0.075000
v 0.467228 1.590153 -0.075000
v 0.481276 1.587194 -0.075000
v 0.468659 1.586914 -0.075000
v -0.013114 1.393494 -0.075000
v -0.010244 1.387728 -0.075000
v -0.048555 1.426009 -0.075000
v 0.549797 1.484550 -0.075000
v 0.558254 1.453252 -0.075000
v 0.557627 1.460526 -0.075000
v -0.331023 0.043511 -0.075000
v -0.333285 0.038189 -0.075000
v -0.538585 0.138589 -0.075000
v -0.547538 0.146726 -0.075000
v -0.570045 0.177565 -0.075000
v 0.293531 1.760692 -0.075000
v 0.276362 1.763668 -0.075000
v 0.214532 1.761469 -0.075000
v 0.190446 1.751156 -0.075000
v 0.409464 1.682458 -0.075000
v 0.305253 1.758659 -0.075000
v 0.154029 1.735557 -0.075000
v -0.170708 1.566208 -0.075000
v -0.166455 1.561327 -0.075000
v 0.428206 1.651968 -0.075000
v 0.470962 1.544368 -0.075000
v 0.435207 1.521125 -0.075000
v -0.149602 1.522881 -0.075000
v -0.143636 1.510897 -0.075000
v 0.418943 1.492311 -0.075000
v -0.215959 1.464084 -0.075000
v 0.550243 1.419462 -0.075000
v 0.549706 1.425692 -0.075000
v 0.548727 1.437054 -0.075000
v 0.339468 1.376984 -0.075000
v 0.412752 1.386971 -0.075000
v 0.413029 1.386878 -0.075000
v 0.318268 1.359470 -0.075000
v 0.509096 1.351352 -0.075000
v -0.635190 0.262953 -0.075000
v -0.337959 0.060225 -0.075000
v -0.340977 0.051379 -0.075000
v -0.570258 0.186019 -0.075000
v -0.563872 0.177895 -0.075000
v 0.225523 1.280546 -0.075000
v 0.245415 1.266795 -0.075000
v 0.224733 1.280029 -0.075000
v 0.240150 1.270074 -0.075000
v 0.214278 1.289094 -0.075000
v 0.244187 1.268600 -0.075000
v 0.217160 1.269724 -0.075000
v 0.246799 1.268577 -0.075000
v 0.198749 0.001930 -0.075000
v 0.226853 1.281540 -0.075000
v 0.227737 1.275595 -0.075000
v 0.227327 1.278354 -0.075000
v 0.224391 1.268772 -0.075000
v 0.220542 1.260926 -0.075000
v 0.196580 1.193806 -0.075000
v 0.175640 1.128211 -0.075000
v 0.183227 1.179988 -0.075000
v 0.307403 1.229279 -0.075004
v 0.218805 1.258677 -0.075000
v 0.168136 1.089801 -0.075000
v 0.312503 1.228127 -0.075000
v 0.209850 0.073063 -0.075000
v 0.223456 0.101390 -0.075000
v 0.297168 1.760062 -0.075000
v -0.149601 1.522880 -0.075000
v -0.215960 1.464085 -0.075000
v 0.511619 1.353793 -0.075000
v 0.412752 1.386971 -0.075000
v 0.508641 1.354792 -0.075000
v 0.227491 1.278248 -0.075000
v 0.227377 1.278016 -0.075000
v 0.222203 1.267466 -0.075000
v 0.222850 1.268786 -0.075000
v 0.202420 1.212054 -0.075000
v 0.202863 1.227335 -0.075000
v 0.196945 1.206388 -0.075000
v 0.284988 1.242876 -0.075002
v 0.255741 1.261762 -0.075000
v 0.247891 1.268568 -0.075000
v 0.248796 1.267783 -0.075000
v 0.218257 1.262359 -0.075000
v 0.176662 1.143428 -0.075000
v 0.174558 1.132659 -0.075000
v 0.287075 1.242406 -0.075002
v 0.199303 0.003093 -0.075000
v 0.202628 0.042142 -0.075000
v 0.208206 0.053755 -0.075000
v 0.290901 1.345652 -0.075000
v 0.246981 1.269357 -0.075000
v 0.225206 1.282963 -0.075000
v 0.226788 1.281975 -0.075000
v 0.214163 1.289864 -0.075000
v 0.241229 1.272951 -0.075000
v 0.226788 1.281975 -0.075000
v 0.226356 1.282245 -0.075000
v 0.352723 1.318127 -0.075000
v 0.381560 1.349051 -0.075000
v 0.380813 1.348249 -0.075000
v 0.380974 1.348423 -0.075000
v 0.499578 1.588363 -0.075000
v 0.506745 1.593151 -0.075000
v 0.498243 1.587471 -0.075000
v 0.560098 1.549143 -0.075000
v 0.538097 1.567290 -0.075000
v 0.541276 1.499140 -0.075000
v 0.530073 1.573908 -0.075000
v 0.481696 1.550168 -0.075000
v 0.478993 1.542676 -0.075000
v 0.453003 1.470629 -0.075000
v 0.470237 1.518403 -0.075000
v 0.222686 0.343319 -0.075000
v 0.232233 0.279539 -0.075000
v 0.218000 0.499833 -0.075000
v -0.199299 0.808571 -0.075000
v -0.417893 1.831112 -0.075000
v -0.419808 1.836556 -0.075000
v -0.429956 1.865160 -0.075000
v -0.432742 1.873785 -0.075000
v -0.425719 1.851249 -0.075000
v -0.525904 1.951030 -0.075000
v -0.516249 1.970139 -0.075000
v 0.158534 0.974630 -0.075000
v 0.174855 0.941421 -0.075000
v 0.173346 0.954284 -0.075000
v 0.363086 0.284726 -0.075000
v 0.304379 0.591431 -0.075000
v 0.306489 0.585927 -0.075000
v 0.177684 0.934528 -0.075000
v 0.455500 1.250795 -0.075000
v 0.454535 1.258087 -0.075000
v 0.446507 1.241066 -0.075000
v 0.464693 1.284910 -0.075000
v 0.464193 1.284100 -0.075000
v 0.464011 1.285474 -0.075000
v 0.391573 0.140126 -0.075000
v 0.420630 0.134345 -0.075000
v 0.483264 0.112020 -0.075000
v 0.489210 0.102586 -0.075000
v 0.366436 0.423621 -0.075000
v 0.350411 0.520812 -0.075000
v 0.261708 0.702747 -0.075000
v 0.292423 0.622622 -0.075000
v 0.205947 0.804156 -0.075000
v 0.213231 0.785155 -0.075000
v 0.183355 0.883407 -0.075000
v 0.184601 0.873964 -0.075000
v -0.003029 0.770663 -0.075000
v 0.001106 0.771566 -0.075000
v 0.099185 0.676194 -0.075000
v 0.217925 0.502342 -0.075000
v 0.185420 0.551950 -0.075000
v 0.047466 1.410564 -0.075000
v 0.079585 1.404139 -0.075000
v 0.056621 1.419741 -0.075000
v 0.274173 1.763944 -0.075000
v 0.275868 1.763650 -0.075000
v 0.215535 1.761858 -0.075000
v 0.214634 1.761472 -0.075000
v -0.531692 1.764555 -0.075000
v 0.407490 1.685446 -0.075000
v 0.305514 1.758510 -0.075000
v 0.151588 1.734471 -0.075000
v 0.153821 1.735428 -0.075000
v -0.174666 1.570208 -0.075000
v -0.172215 1.567396 -0.075000
v -0.237650 1.486136 -0.075000
v 0.428427 1.651383 -0.075000
v 0.408984 1.683014 -0.075000
v 0.428319 1.651559 -0.075000
v 0.471086 1.542852 -0.075000
v 0.471688 1.542725 -0.075000
v 0.475474 1.532920 -0.075000
v 0.435371 1.521612 -0.075000
v 0.417226 1.489466 -0.075000
v -0.086103 1.340113 -0.075000
v 0.435250 1.521399 -0.075000
v 0.418566 1.491840 -0.075000
v -0.235330 1.483722 -0.075000
v -0.229211 1.477827 -0.075000
v 0.425205 1.401954 -0.075000
v 0.549978 1.418343 -0.075000
v 0.512988 1.355453 -0.075000
v 0.549928 1.418925 -0.075000
v 0.339857 1.377580 -0.075000
v -0.237030 1.485484 -0.075000
v 0.414121 1.388631 -0.075000
v 0.414121 1.388631 -0.075000
v 0.414128 1.388626 -0.075000
v 0.414187 1.388609 -0.075000
v 0.339640 1.377400 -0.075000
v 0.317382 1.359013 -0.075000
v 0.317484 1.359096 -0.075000
v 0.508586 1.350394 -0.075000
v 0.508539 1.350749 -0.075000
v 0.512660 1.355563 -0.075000
v 0.507512 1.349233 -0.075000
v -0.637374 0.265710 -0.075000
v -0.338365 0.060918 -0.075000
v -0.340342 0.062480 -0.075000
v -0.341751 0.063599 -0.075000
v -0.338465 0.060626 -0.075000
v -0.635091 0.263006 -0.075000
v -0.650809 0.283743 -0.075000
v -0.650068 0.284010 -0.075000
v -0.643641 0.274852 -0.075000
v -0.636374 0.266241 -0.075000
v -0.351979 0.082949 -0.075000
v -0.360974 0.105419 -0.075000
v -0.350663 0.086564 -0.075000
v -0.258894 1.514657 -0.075000
v -0.311364 1.562026 -0.075000
v -0.320610 1.576041 -0.075000
v -0.088653 1.329808 -0.075000
v -0.091880 1.344811 -0.075000
v -0.085310 1.338448 -0.075000
v -0.080539 1.323447 -0.075000
v -0.131585 1.382814 -0.075000
v -0.117089 1.352365 -0.075000
v 0.113478 1.700902 -0.075000
v 0.226752 1.765815 -0.075000
v 0.216570 1.761895 -0.075000
v 0.127379 1.717349 -0.075000
v 0.141897 1.729914 -0.075000
v 0.149477 1.733161 -0.075000
v 0.225632 1.765775 -0.075000
v 0.246738 1.766526 -0.075000
v 0.269175 1.763766 -0.075000
v 0.308149 1.757008 -0.075000
v 0.317630 1.754234 -0.075000
v 0.402644 1.691059 -0.075000
v 0.431333 1.643035 -0.075000
v 0.429571 1.647253 -0.075000
v 0.430650 1.645498 -0.075000
v 0.387306 1.714832 -0.075000
v 0.388789 1.713599 -0.075000
v 0.377228 1.720512 -0.075000
v 0.314780 1.755858 -0.075000
v 0.252143 1.766718 -0.075000
v 0.503449 1.340756 -0.075000
v 0.503115 1.343282 -0.075000
v 0.500107 1.337141 -0.075000
v 0.523468 1.373270 -0.075000
v 0.526770 1.372162 -0.075000
v 0.533013 1.382775 -0.075000
v 0.547308 1.407079 -0.075000
v 0.546802 1.412943 -0.075000
v 0.545416 1.403863 -0.075000
v -0.567165 1.765485 -0.075000
v -0.544402 1.757114 -0.075000
v -0.554359 1.767683 -0.075000
v 0.344799 1.386065 -0.075000
v 0.343772 1.383574 -0.075000
v 0.341582 1.381764 -0.075000
v 0.303772 1.352171 -0.075000
v 0.308468 1.354408 -0.075000
v 0.309496 1.355257 -0.075000
v 0.437277 1.528147 -0.075000
v 0.435807 1.524364 -0.075000
v 0.472330 1.527590 -0.075000
v 0.473002 1.526069 -0.075000
v 0.473465 1.527351 -0.075000
v 0.437017 1.526508 -0.075000
v 0.427904 1.405340 -0.075000
v 0.427996 1.405309 -0.075000
v 0.430635 1.408623 -0.075000
v 0.404996 1.469777 -0.075000
v 0.413433 1.484725 -0.075000
v 0.056389 1.487433 -0.075000
v 0.055746 1.488478 -0.075000
v 0.049379 1.511458 -0.075000
v 0.049223 1.513295 -0.075000
v 0.046494 1.565962 -0.075000
v 0.051123 1.591868 -0.075000
v 0.050313 1.590030 -0.075000
v 0.046555 1.563082 -0.075000
v -0.189844 1.582165 -0.075000
v -0.223538 1.617576 -0.075000
v -0.214495 1.610452 -0.075000
v -0.124950 1.129976 -0.075000
v -0.135717 1.105306 -0.075000
v -0.146524 1.080543 -0.075000
v -0.130829 1.116505 -0.075000
v -0.108062 1.160200 -0.075000
v -0.185075 0.920296 -0.075000
v -0.177175 0.973650 -0.075000
v -0.164159 1.027758 -0.075000
v -0.217038 0.559774 -0.075000
v -0.217319 0.564248 -0.075000
v -0.197555 0.813027 -0.075000
v -0.196593 0.820271 -0.075000
v -0.198625 0.804974 -0.075000
v -0.189466 0.866646 -0.075000
v -0.187032 0.880368 -0.075000
v -0.217290 0.595569 -0.075000
v -0.215759 0.633550 -0.075000
v -0.212785 0.676731 -0.075000
v -0.208481 0.723453 -0.075000
v -0.203014 0.771920 -0.075000
v -0.591784 1.711466 -0.075000
v -0.594152 1.714965 -0.075000
v -0.585339 1.704338 -0.075000
v -0.568232 1.690588 -0.075000
v -0.558227 1.684493 -0.075000
v -0.577387 1.697289 -0.075000
v -0.547756 1.679238 -0.075000
v -0.543870 1.677684 -0.075000
v -0.458353 1.651707 -0.075000
v -0.451665 1.653872 -0.075000
v -0.446853 1.657111 -0.075000
v -0.444101 1.661300 -0.075000
v -0.443893 1.663074 -0.075000
v -0.444101 1.661300 -0.075000
v -0.444101 1.661300 -0.075000
v -0.497869 1.654777 -0.075000
v -0.486806 1.652264 -0.075000
v -0.466661 1.650699 -0.075000
v -0.476268 1.650887 -0.075000
v -0.538916 1.673689 -0.075000
v -0.519868 1.662784 -0.075000
v -0.529959 1.667971 -0.075000
v -0.509033 1.658329 -0.075000
v 0.198830 0.001933 -0.075000
v 0.198830 0.002102 -0.075000
v 0.198830 0.002240 -0.075000
v 0.198896 0.002240 -0.075000
v 0.198830 0.000000 -0.075000
v 0.590638 0.008157 -0.075000
v 0.590479 0.008157 -0.075000
v 0.590638 0.001938 -0.075000
v 0.590638 0.000000 -0.075000
v -0.345578 0.008827 -0.075000
v -0.345733 0.008896 -0.075000
v -0.350338 0.000000 -0.075000
v -0.349508 0.000000 -0.075000
v -0.358665 0.003707 -0.075000
v -0.358698 0.003656 -0.075000
v -0.366030 0.008417 -0.075000
v -0.655173 0.290343 0.075000
v -0.650068 0.284010 0.075000
v -0.654570 0.290560 0.075000
v -0.658728 0.295718 0.075000
v -0.651007 0.298506 0.075000
v -0.658827 0.308206 0.075000
v -1.249999 0.000000 0.075000
v -0.350338 0.000000 0.075000
v -0.358665 0.003707 0.075000
v -0.358698 0.003656 0.075000
v -0.366030 0.008417 0.075000
v -0.369308 0.009617 0.075000
v -0.392791 0.017659 0.075000
v -0.435155 0.043707 0.075000
v -0.538817 0.137915 0.075000
v -0.538585 0.138589 0.075000
v -0.547538 0.146726 0.075000
v -0.570045 0.177565 0.075000
v -0.563872 0.177895 0.075000
v -0.570258 0.186019 0.075000
v -0.635190 0.262953 0.075000
v -0.635091 0.263006 0.075000
v -0.637374 0.265710 0.075000
v -0.636374 0.266241 0.075000
v -0.643641 0.274852 0.075000
v -0.650809 0.283743 0.075000
v -0.338365 0.060918 0.075000
v -0.340342 0.062480 0.075000
v -0.338465 0.060626 0.075000
v -0.337959 0.060225 0.075000
v -0.340977 0.051379 0.075000
v -0.331023 0.043511 0.075000
v -0.333285 0.038189 0.075000
v -0.345733 0.008896 0.075000
v -0.345578 0.008827 0.075000
v -0.349508 0.000000 0.075000
v 0.198830 0.000000 0.075000
v 0.198830 0.001933 0.075000
v 0.198749 0.001930 0.075000
v 0.198830 0.002102 0.075000
v 0.198830 0.002240 0.075000
v 0.198897 0.002240 0.075000
v 0.199303 0.003093 0.075000
v 0.202628 0.042142 0.075000
v 0.208206 0.053755 0.075000
v 0.209850 0.073063 0.075000
v 0.223456 0.101390 0.075000
v 0.224380 0.112249 0.075000
v 0.223736 0.132017 0.075000
v 0.222647 0.170092 0.075000
v 0.232233 0.279539 0.075000
v 0.222686 0.343319 0.075000
v 0.218000 0.499833 0.075000
v -0.141899 0.433586 0.075000
v -0.303601 0.328916 0.075000
v -0.434100 0.244444 0.075000
v -0.368210 0.123962 0.075000
v -0.368732 0.122531 0.075000
v -0.360334 0.107176 0.075000
v -0.360974 0.105419 0.075000
v -0.350663 0.086564 0.075000
v -0.351979 0.082949 0.075000
v -0.341751 0.063599 0.075000
v -0.444101 1.661300 0.075000
v -0.444101 1.661300 0.075000
v -0.446853 1.657111 0.075000
v -0.451665 1.653872 0.075000
v -0.458353 1.651707 0.075000
v -0.466661 1.650699 0.075000
v -0.476268 1.650887 0.075000
v -0.486806 1.652264 0.075000
v -0.497869 1.654777 0.075000
v -0.509033 1.658329 0.075000
v -0.519868 1.662784 0.075000
v -0.529959 1.667971 0.075000
v -0.538916 1.673689 0.075000
v -0.543870 1.677684 0.075000
v -0.547756 1.679238 0.075000
v -0.558227 1.684493 0.075000
v -0.568232 1.690588 0.075000
v -0.577387 1.697289 0.075000
v -0.585339 1.704338 0.075000
v -0.591784 1.711466 0.075000
v -0.594152 1.714965 0.075000
v -0.609485 1.732897 0.075000
v -0.612697 1.738210 0.075000
v -0.622417 1.748021 0.075000
v -1.249999 2.499999 0.075000
v -0.609525 0.320308 0.075000
v -0.576305 0.328461 0.075000
v -0.528788 0.356633 0.075000
v -0.283633 0.518709 0.075000
v -0.250143 0.537993 0.075000
v -0.225686 0.554162 0.075000
v -0.217038 0.559774 0.075000
v -0.217319 0.564248 0.075000
v -0.217290 0.595569 0.075000
v -0.215759 0.633550 0.075000
v -0.212785 0.676731 0.075000
v -0.208481 0.723453 0.075000
v -0.203014 0.771920 0.075000
v -0.198625 0.804974 0.075000
v -0.199299 0.808571 0.075000
v -0.197555 0.813027 0.075000
v -0.196593 0.820271 0.075000
v -0.189466 0.866646 0.075000
v -0.187032 0.880368 0.075000
v -0.185074 0.920296 0.075000
v -0.177175 0.973650 0.075000
v -0.164159 1.027758 0.075000
v -0.146524 1.080543 0.075000
v -0.135717 1.105306 0.075000
v -0.137182 1.111376 0.075000
v -0.130829 1.116505 0.075000
v -0.124950 1.129976 0.075000
v -0.108062 1.160200 0.075000
v -0.079248 1.261565 0.075000
v -0.084642 1.283919 0.075000
v -0.082396 1.285732 0.075000
v -0.084045 1.306299 0.075000
v -0.081428 1.315506 0.075000
v -0.081729 1.319259 0.075000
v -0.080539 1.323447 0.075000
v -0.085310 1.338448 0.075000
v -0.086103 1.340113 0.075000
v -0.091880 1.344811 0.075000
v -0.088653 1.329808 0.075000
v -0.117089 1.352365 0.075000
v -0.131585 1.382814 0.075000
v -0.215959 1.464084 0.075000
v -0.215960 1.464085 0.075000
v -0.229211 1.477827 0.075000
v -0.235330 1.483722 0.075000
v -0.237030 1.485484 0.075000
v -0.237650 1.486136 0.075000
v -0.258894 1.514657 0.075000
v -0.311364 1.562026 0.075000
v -0.320610 1.576041 0.075000
v -0.355793 1.607804 0.075000
v -0.411348 1.692019 0.075000
v -0.432747 1.672987 0.075000
v -0.443893 1.663074 0.075000
v -0.444101 1.661300 0.075000
v 0.274173 1.763944 0.075000
v 0.275868 1.763650 0.075000
v 0.276362 1.763668 0.075000
v 0.293531 1.760692 0.075000
v 0.297168 1.760062 0.075000
v 0.305253 1.758659 0.075000
v 0.305514 1.758510 0.075000
v 0.308149 1.757008 0.075000
v 0.314780 1.755858 0.075000
v 0.317630 1.754234 0.075000
v 0.321220 1.753611 0.075000
v 0.324145 1.753103 0.075000
v 0.336143 1.746267 0.075000
v 0.359302 1.733217 0.075000
v 0.363666 1.729589 0.075000
v 0.371872 1.724964 0.075000
v 0.377228 1.720512 0.075000
v 0.387306 1.714832 0.075000
v 0.388789 1.713599 0.075000
v 0.402644 1.691059 0.075000
v 0.407490 1.685446 0.075000
v 0.408984 1.683014 0.075000
v 0.409464 1.682458 0.075000
v 0.428206 1.651968 0.075000
v 0.428319 1.651559 0.075000
v 0.428427 1.651383 0.075000
v 0.429571 1.647253 0.075000
v 0.430650 1.645498 0.075000
v 0.431333 1.643035 0.075000
v 0.431975 1.641991 0.075000
v 0.432530 1.639987 0.075000
v 0.433053 1.639136 0.075000
v 0.444103 1.599255 0.075000
v 0.444230 1.597758 0.075000
v 0.446607 1.589181 0.075000
v 1.249999 2.499999 0.075000
v -0.576173 1.889659 0.075000
v -0.575568 1.890888 0.075000
v -0.572219 1.897112 0.075000
v -0.576316 1.909832 0.075000
v -0.569378 1.902392 0.075000
v -0.556091 1.927085 0.075000
v -0.551368 1.936504 0.075000
v -0.537317 1.964199 0.075000
v -0.525904 1.951030 0.075000
v -0.516249 1.970139 0.075000
v -0.432742 1.873785 0.075000
v -0.429956 1.865160 0.075000
v -0.425719 1.851249 0.075000
v -0.419808 1.836556 0.075000
v -0.417893 1.831112 0.075000
v -0.351308 1.779164 0.075000
v -0.345289 1.762306 0.075000
v -0.333933 1.729364 0.075000
v 0.099425 1.688051 0.075000
v 0.101685 1.690725 0.075000
v 0.106979 1.695293 0.075000
v 0.113478 1.700902 0.075000
v 0.127379 1.717349 0.075000
v 0.141897 1.729914 0.075000
v 0.149477 1.733161 0.075000
v 0.151588 1.734471 0.075000
v 0.153821 1.735428 0.075000
v 0.154029 1.735557 0.075000
v 0.190446 1.751156 0.075000
v 0.214532 1.761469 0.075000
v 0.214634 1.761472 0.075000
v 0.215536 1.761858 0.075000
v 0.216570 1.761895 0.075000
v 0.225632 1.765775 0.075000
v 0.226752 1.765815 0.075000
v 0.228496 1.766562 0.075000
v 0.236638 1.768276 0.075000
v 0.246738 1.766526 0.075000
v 0.252143 1.766718 0.075000
v 0.269175 1.763766 0.075000
v 0.512988 1.355453 0.075000
v 0.512660 1.355563 0.075000
v 0.511619 1.353793 0.075000
v 0.508641 1.354792 0.075000
v 0.509096 1.351352 0.075000
v 0.508539 1.350749 0.075000
v 0.508586 1.350394 0.075000
v 0.507512 1.349233 0.075000
v 0.503115 1.343282 0.075000
v 0.503449 1.340756 0.075000
v 0.500107 1.337141 0.075000
v 0.500388 1.335014 0.075000
v 0.497667 1.332070 0.075000
v 0.497896 1.330338 0.075000
v 0.491099 1.322985 0.075000
v 0.463915 1.286200 0.075000
v 0.464011 1.285474 0.075000
v 0.464693 1.284910 0.075000
v 0.464193 1.284100 0.075000
v 0.465994 1.270483 0.075000
v 0.454535 1.258087 0.075000
v 0.455500 1.250795 0.075000
v 0.446507 1.241066 0.075000
v 0.446657 1.240865 0.075000
v 0.446796 1.237454 0.075000
v 0.448229 1.236271 0.075000
v 0.431465 1.209119 0.075000
v 0.431828 1.206381 0.075000
v 0.413244 1.186275 0.075000
v 0.378141 1.192491 0.075000
v 0.362099 1.196101 0.075000
v 0.312503 1.228127 0.075000
v 0.307403 1.229279 0.074996
v 0.287075 1.242406 0.074998
v 0.284988 1.242876 0.074998
v 0.255741 1.261762 0.075000
v 0.248796 1.267783 0.075000
v 0.245415 1.266795 0.075000
v 0.244187 1.268600 0.075000
v 0.224391 1.268772 0.075000
v 0.220543 1.260926 0.075000
v 0.218805 1.258677 0.075000
v 0.219831 1.251780 0.075000
v 0.216493 1.244975 0.075000
v 0.202863 1.227335 0.075000
v 0.202420 1.212054 0.075000
v 0.196945 1.206388 0.075000
v 0.196580 1.193806 0.075000
v 0.183227 1.179988 0.075000
v 0.182336 1.149300 0.075000
v 0.176662 1.143428 0.075000
v 0.174558 1.132659 0.075000
v 0.175640 1.128211 0.075000
v 0.168136 1.089801 0.075000
v 0.170776 1.078952 0.075000
v 0.155246 0.999465 0.075000
v 0.158011 0.975905 0.075000
v 0.158534 0.974630 0.075000
v 0.173346 0.954284 0.075000
v 0.174855 0.941421 0.075000
v 0.177684 0.934528 0.075000
v 0.183355 0.883407 0.075000
v 0.184601 0.873964 0.075000
v 0.205947 0.804156 0.075000
v 0.213231 0.785155 0.075000
v 0.261708 0.702747 0.075000
v 0.292423 0.622622 0.075000
v 0.310467 0.595871 0.075000
v 0.304379 0.591431 0.075000
v 0.306489 0.585927 0.075000
v 0.350411 0.520812 0.075000
v 0.366436 0.423621 0.075000
v 0.363086 0.284726 0.075000
v 0.370836 0.261119 0.075000
v 0.388119 0.153943 0.075000
v 0.391573 0.140126 0.075000
v 0.420630 0.134345 0.075000
v 0.483264 0.112020 0.075000
v 0.489210 0.102586 0.075000
v 0.545723 0.082443 0.075000
v 0.561980 0.056649 0.075000
v 0.572010 0.054283 0.075000
v 0.587281 0.050659 0.075000
v 0.589388 0.022657 0.075000
v 0.590479 0.008157 0.075000
v 0.590638 0.008157 0.075000
v 0.590638 0.001938 0.075000
v 1.249999 0.000000 0.075000
v 0.549706 1.425692 0.075000
v 0.550243 1.419462 0.075000
v 0.549928 1.418925 0.075000
v 0.549978 1.418343 0.075000
v 0.546802 1.412943 0.075000
v 0.547308 1.407079 0.075000
v 0.545416 1.403863 0.075000
v 0.545717 1.400370 0.075000
v 0.544177 1.397750 0.075000
v 0.544422 1.394906 0.075000
v 0.541666 1.390220 0.075000
v 0.540064 1.390758 0.075000
v 0.534980 1.382115 0.075000
v 0.533013 1.382775 0.075000
v 0.526770 1.372162 0.075000
v 0.523468 1.373270 0.075000
v -0.620649 1.758184 0.075000
v -0.617030 1.758805 0.075000
v -0.616194 1.760480 0.075000
v -0.580360 1.766630 0.075000
v -0.579118 1.765313 0.075000
v -0.568689 1.767103 0.075000
v -0.567165 1.765485 0.075000
v -0.554359 1.767683 0.075000
v -0.544402 1.757114 0.075000
v -0.531692 1.764555 0.075000
v -0.534448 1.773001 0.075000
v -0.535739 1.776752 0.075000
v -0.546300 1.814338 0.075000
v -0.551431 1.830653 0.075000
v -0.562021 1.865458 0.075000
v -0.566750 1.880137 0.075000
v -0.619516 1.753828 0.075000
v -0.621716 1.756049 0.075000
v 0.031331 0.766968 0.075000
v 0.027385 0.767501 0.075000
v 0.001106 0.771566 0.075000
v -0.003029 0.770663 0.075000
v -0.017773 0.764782 0.075000
v -0.022467 0.763261 0.075000
v -0.085552 0.659793 0.075000
v -0.085304 0.659540 0.075000
v -0.119173 0.448297 0.075000
v 0.217925 0.502342 0.075000
v 0.185420 0.551950 0.075000
v 0.099185 0.676194 0.075000
v 0.069721 0.710343 0.075000
v 0.054341 0.733816 0.075000
v 0.549797 1.484550 0.075000
v 0.541276 1.499140 0.075000
v 0.553754 1.486424 0.075000
v 0.560977 1.474055 0.075000
v 0.561566 1.467223 0.075000
v 0.557627 1.460526 0.075000
v 0.558254 1.453252 0.075000
v 0.548727 1.437054 0.075000
v 0.447066 1.587525 0.075000
v 0.460439 1.588493 0.075000
v 0.468659 1.586914 0.075000
v 0.467228 1.590153 0.075000
v 0.481276 1.587194 0.075000
v 0.488950 1.586081 0.075000
v 0.498243 1.587471 0.075000
v 0.499578 1.588363 0.075000
v 0.506745 1.593151 0.075000
v 0.530073 1.573908 0.075000
v 0.538097 1.567290 0.075000
v 0.560098 1.549143 0.075000
v 0.590638 0.000000 0.075000
v 0.435371 1.521612 0.075000
v 0.435250 1.521399 0.075000
v 0.435207 1.521125 0.075000
v 0.418943 1.492311 0.075000
v 0.418566 1.491840 0.075000
v 0.417226 1.489466 0.075000
v 0.413433 1.484725 0.075000
v 0.404996 1.469777 0.075000
v 0.399793 1.459417 0.075000
v 0.398402 1.457899 0.075000
v 0.397962 1.457022 0.075000
v 0.394308 1.453034 0.075000
v 0.387053 1.442593 0.075000
v 0.383339 1.438570 0.075000
v 0.375472 1.427246 0.075000
v 0.353545 1.403497 0.075000
v 0.348003 1.390051 0.075000
v 0.346940 1.389173 0.075000
v 0.346104 1.387143 0.075000
v 0.344799 1.386065 0.075000
v 0.343772 1.383574 0.075000
v 0.341582 1.381764 0.075000
v 0.339857 1.377580 0.075000
v 0.339640 1.377400 0.075000
v 0.339468 1.376984 0.075000
v 0.318268 1.359470 0.075000
v 0.317484 1.359096 0.075000
v 0.317382 1.359013 0.075000
v 0.309496 1.355257 0.075000
v 0.308468 1.354408 0.075000
v 0.303772 1.352171 0.075000
v 0.303158 1.351664 0.075000
v 0.299333 1.349842 0.075000
v 0.298834 1.349430 0.075000
v 0.290901 1.345652 0.075000
v 0.352723 1.318127 0.075000
v 0.380974 1.348423 0.075000
v 0.414187 1.388609 0.075000
v 0.414121 1.388631 0.075000
v 0.425205 1.401954 0.075000
v 0.427996 1.405309 0.075000
v 0.427904 1.405340 0.075000
v 0.430635 1.408623 0.075000
v 0.453003 1.470629 0.075000
v 0.470237 1.518403 0.075000
v 0.473002 1.526069 0.075000
v 0.472330 1.527590 0.075000
v 0.473465 1.527351 0.075000
v 0.475474 1.532920 0.075000
v 0.471086 1.542852 0.075000
v 0.471688 1.542725 0.075000
v 0.470962 1.544368 0.075000
v 0.478993 1.542676 0.075000
v 0.481696 1.550168 0.075000
v 0.477134 1.567029 0.075000
v 0.464412 1.573812 0.075000
v 0.447151 1.587175 0.075000
v 0.447104 1.586809 0.075000
v 0.445404 1.576094 0.075000
v 0.445454 1.573749 0.075000
v 0.438796 1.531798 0.075000
v 0.438210 1.530759 0.075000
v 0.437998 1.529423 0.075000
v 0.437277 1.528147 0.075000
v 0.437017 1.526508 0.075000
v 0.435807 1.524364 0.075000
v 0.413029 1.386878 0.075000
v 0.412752 1.386971 0.075000
v 0.380813 1.348249 0.075000
v 0.381560 1.349051 0.075000
v 0.414121 1.388631 0.075000
v 0.412752 1.386971 0.075000
v 0.414128 1.388626 0.075000
v 0.051294 1.592945 0.075000
v 0.051953 1.594442 0.075000
v 0.052092 1.595320 0.075000
v 0.077582 1.653177 0.075000
v 0.085891 1.672034 0.075000
v 0.091017 1.678102 0.075000
v -0.338211 1.725747 0.075000
v -0.339401 1.724741 0.075000
v -0.282268 1.669124 0.075000
v -0.238220 1.634424 0.075000
v -0.223538 1.617576 0.075000
v -0.214495 1.610452 0.075000
v -0.189844 1.582165 0.075000
v -0.174666 1.570208 0.075000
v -0.172215 1.567396 0.075000
v -0.170708 1.566208 0.075000
v -0.166455 1.561327 0.075000
v -0.149602 1.522881 0.075000
v -0.149601 1.522880 0.075000
v -0.143636 1.510897 0.075000
v -0.048555 1.426009 0.075000
v -0.013114 1.393494 0.075000
v -0.010244 1.387728 0.075000
v 0.014167 1.400674 0.075000
v 0.016797 1.398395 0.075000
v 0.034533 1.415728 0.075000
v 0.038245 1.417696 0.075000
v 0.042791 1.413755 0.075000
v 0.047466 1.410564 0.075000
v 0.056621 1.419741 0.075000
v 0.079585 1.404139 0.075000
v 0.089026 1.416908 0.075000
v 0.094340 1.423240 0.075000
v 0.089769 1.430675 0.075000
v 0.058149 1.482116 0.075000
v 0.057594 1.484120 0.075000
v 0.057071 1.484971 0.075000
v 0.056389 1.487433 0.075000
v 0.055747 1.488478 0.075000
v 0.049379 1.511458 0.075000
v 0.049223 1.513295 0.075000
v 0.045506 1.526711 0.075000
v 0.045378 1.528208 0.075000
v 0.043409 1.535317 0.075000
v 0.042938 1.537248 0.075000
v 0.043196 1.539260 0.075000
v 0.044374 1.546682 0.075000
v 0.044324 1.549027 0.075000
v 0.046555 1.563082 0.075000
v 0.046494 1.565962 0.075000
v 0.050313 1.590030 0.075000
v 0.051123 1.591868 0.075000
v 0.246799 1.268577 0.075000
v 0.247891 1.268568 0.075000
v 0.217160 1.269724 0.075000
v 0.226356 1.282245 0.075000
v 0.225523 1.280546 0.075000
v 0.240150 1.270074 0.075000
v 0.224733 1.280029 0.075000
v 0.227491 1.278248 0.075000
v 0.227327 1.278354 0.075000
v 0.214278 1.289094 0.075000
v 0.241229 1.272951 0.075000
v 0.222203 1.267466 0.075000
v 0.222850 1.268786 0.075000
v 0.218257 1.262359 0.075000
v 0.225206 1.282963 0.075000
v 0.226788 1.281975 0.075000
v 0.214163 1.289864 0.075000
v 0.227737 1.275595 0.075000
v 0.227377 1.278016 0.075000
v 0.246981 1.269357 0.075000
v 0.217293 1.268834 0.075000
v 0.226853 1.281540 0.075000
v 0.226788 1.281975 0.075000
vn -0.0000 -0.0000 -1.0000
vn -0.3912 0.9203 -0.0000
vn -0.0013 0.0007 -1.0000
vn 0.0002 -0.0001 1.0000
vn -0.0000 0.3714 -0.9285
vn -0.0000 -0.0000 1.0000
vn -0.0001 -0.0000 1.0000
vn 0.8620 -0.5070 -0.0000
vn 0.0025 -0.0022 1.0000
vn -0.0002 0.0002 -1.0000
vn -0.0000 0.4472 -0.8944
vn 0.3938 -0.9192 -0.0000
vn 0.7314 -0.6820 -0.0000
vn 0.0356 -0.9994 -0.0000
vn -0.0000 -1.0000 -0.0000
vn 0.3936 -0.9193 -0.0000
vn 0.4067 0.9135 -0.0000
vn 0.3188 0.9478 -0.0000
vn 0.0358 -0.9994 -0.0000
vn -0.8388 0.5445 -0.0000
vn 0.7688 -0.6395 -0.0000
vn 0.5446 0.8387 -0.0000
vn 0.7687 -0.6396 -0.0000
vn 0.2061 -0.9785 -0.0000
vn 0.3437 0.9391 -0.0000
vn 0.3180 0.9481 -0.0000
vn -0.1708 -0.9853 -0.0000
vn 0.3240 0.9461 -0.0000
vn 0.7687 -0.6395 -0.0000
vn 0.5238 0.8519 -0.0000
vn 0.9407 -0.3393 -0.0000
vn 0.6726 0.7400 -0.0000
vn 0.0355 -0.9994 -0.0000
vn 0.9456 -0.3254 -0.0000
vn 0.6725 0.7401 -0.0000
vn 0.9147 0.4041 -0.0000
vn -0.8619 0.5070 -0.0000
vn 0.8078 0.5895 -0.0000
vn -0.2062 -0.9785 -0.0000
vn 0.3181 0.9480 -0.0000
vn 0.0534 -0.9986 -0.0000
vn -0.9914 -0.1312 -0.0000
vn 0.7862 0.6180 -0.0000
vn -0.7345 0.6787 -0.0000
vn 0.7642 0.6450 -0.0000
vn -0.2060 -0.9785 -0.0000
vn 0.4694 -0.8830 -0.0000
vn 0.9147 0.4042 -0.0000
vn -0.7343 0.6788 -0.0000
vn -0.2061 -0.9785 -0.0000
vn -0.8042 0.5943 -0.0000
vn 0.4691 -0.8831 -0.0000
vn 0.9653 0.2612 -0.0000
vn 0.7785 0.6276 -0.0000
vn 0.4705 0.8824 -0.0000
vn 0.3396 -0.9406 -0.0000
vn -0.7344 0.6787 -0.0000
vn -0.6201 -0.7845 -0.0000
vn -0.9716 -0.2368 -0.0000
vn -0.9464 0.3230 -0.0000
vn -0.9919 0.1272 -0.0000
vn -0.6202 -0.7845 -0.0000
vn -0.9876 0.1567 -0.0000
vn -0.9464 0.3229 -0.0000
vn -0.9998 -0.0212 -0.0000
vn -0.6365 -0.7713 -0.0000
vn -0.9203 0.3911 -0.0000
vn -0.8709 0.4915 -0.0000
vn -0.8509 0.5253 -0.0000
vn -0.4068 -0.9135 -0.0000
vn -0.8708 0.4916 -0.0000
vn -0.9135 0.4067 -0.0000
vn 1.0000 -0.0000 -0.0000
vn -0.8008 -0.5989 -0.0000
vn -0.0360 0.9994 -0.0000
vn 0.3181 0.9481 -0.0000
vn -0.9992 -0.0406 -0.0000
vn 0.9025 -0.4307 -0.0000
vn 0.7314 -0.6819 -0.0000
vn 0.9964 -0.0848 -0.0000
vn 0.9942 0.1075 -0.0000
vn 0.1744 0.9847 -0.0000
vn 0.9014 -0.4330 -0.0000
vn 0.2195 0.9756 -0.0000
vn 0.5425 0.8401 -0.0000
vn 0.6353 0.7722 -0.0000
vn 0.2202 0.9755 -0.0000
vn -0.7312 0.6822 -0.0000
vn 0.9995 0.0326 -0.0000
vn -0.3168 -0.9485 -0.0000
vn 0.9996 0.0286 -0.0000
vn 0.9151 -0.4032 -0.0000
vn 0.9962 -0.0873 -0.0000
vn 0.9876 -0.1567 -0.0000
vn 0.6551 0.7556 -0.0000
vn 0.9890 0.1480 -0.0000
vn 0.9996 0.0299 -0.0000
vn 0.7639 -0.6454 -0.0000
vn -0.5434 0.8395 -0.0000
vn 0.7638 -0.6455 -0.0000
vn -0.6457 0.7636 -0.0000
vn -0.8774 -0.4798 -0.0000
vn -0.9891 -0.1472 -0.0000
vn -0.9396 0.3422 -0.0000
vn -0.6975 -0.7166 -0.0000
vn -0.8978 0.4404 -0.0000
vn -0.6188 -0.7855 -0.0000
vn -0.7913 0.6114 -0.0000
vn -0.7539 -0.6570 -0.0000
vn -0.9996 0.0290 -0.0000
vn -0.7191 0.6949 -0.0000
vn -0.8841 -0.4673 -0.0000
vn -0.6216 -0.7833 -0.0000
vn -0.0000 1.0000 -0.0000
vn -0.6189 -0.7855 -0.0000
vn -0.8358 0.5490 -0.0000
vn -0.9814 0.1918 -0.0000
vn -0.5584 0.8296 -0.0000
vn -0.9159 -0.4015 -0.0000
vn -0.9716 -0.2365 -0.0000
vn -0.3080 0.9514 -0.0000
vn -0.6521 -0.7581 -0.0000
vn -0.1204 0.9927 -0.0000
vn -0.8952 -0.4456 -0.0000
vn 0.0196 0.9998 -0.0000
vn -0.6660 -0.7460 -0.0000
vn 0.1296 0.9916 -0.0000
vn -0.6760 -0.7369 -0.0000
vn -0.9932 -0.1166 -0.0000
vn 0.2215 0.9752 -0.0000
vn -0.9252 -0.3796 -0.0000
vn 0.3032 0.9529 -0.0000
vn 0.4685 -0.8835 -0.0000
vn -0.8085 -0.5886 -0.0000
vn 0.3803 0.9249 -0.0000
vn -0.6550 -0.7556 -0.0000
vn 0.4572 0.8894 -0.0000
vn 0.6989 -0.7152 -0.0000
vn 0.5381 0.8429 -0.0000
vn -0.9939 -0.1103 -0.0000
vn 0.6277 0.7785 -0.0000
vn -0.9914 -0.1308 -0.0000
vn 0.3713 0.9285 -0.0000
vn -0.5638 -0.8259 -0.0000
vn -0.9563 -0.2924 -0.0000
vn 0.4485 0.8938 -0.0000
vn 0.7079 -0.7063 -0.0000
vn -0.9337 -0.3579 -0.0000
vn 0.5203 0.8540 -0.0000
vn -0.5620 -0.8272 -0.0000
vn -0.8619 -0.5070 -0.0000
vn 0.5907 0.8069 -0.0000
vn 0.8041 -0.5946 -0.0000
vn 0.6633 0.7483 -0.0000
vn 0.7660 -0.6428 -0.0000
vn -0.8290 -0.5592 -0.0000
vn 0.7417 0.6707 -0.0000
vn 0.8519 0.5237 -0.0000
vn -0.5892 0.8080 -0.0000
vn 0.8282 0.5604 -0.0000
vn 0.7600 0.6499 -0.0000
vn 0.9637 0.2670 -0.0000
vn 0.8558 0.5173 -0.0000
vn -0.9867 -0.1627 -0.0000
vn 0.7104 0.7038 -0.0000
vn -0.9997 0.0241 -0.0000
vn -0.9501 -0.3119 -0.0000
vn -1.0000 -0.0000 -0.0000
vn -0.9872 -0.1592 -0.0000
vn 0.2384 -0.9712 -0.0000
vn 0.9964 0.0847 -0.0000
vn -0.9702 -0.2425 -0.0000
vn -0.1951 -0.9808 -0.0000
vn 0.5100 -0.8602 -0.0000
vn -0.3357 -0.9420 -0.0000
vn 0.5515 -0.8342 -0.0000
vn -0.8460 -0.5332 -0.0000
vn 0.4990 -0.8666 -0.0000
vn 0.9716 0.2367 -0.0000
vn 0.9919 -0.1272 -0.0000
vn 0.5443 -0.8389 -0.0000
vn -0.2295 -0.9733 -0.0000
vn 0.9980 0.0627 -0.0000
vn 0.9998 0.0212 -0.0000
vn -0.2309 -0.9730 -0.0000
vn 1.0000 -0.0009 -0.0000
vn -0.9972 -0.0750 -0.0000
vn 0.9992 -0.0403 -0.0000
vn 0.9976 -0.0687 -0.0000
vn 0.9958 -0.0917 -0.0000
vn 0.9937 -0.1121 -0.0000
vn 0.9913 -0.1316 -0.0000
vn 0.9829 0.1842 -0.0000
vn 0.9312 -0.3644 -0.0000
vn -0.9963 -0.0859 -0.0000
vn -0.8619 0.5071 -0.0000
vn 0.9884 -0.1519 -0.0000
vn -0.9963 -0.0858 -0.0000
vn 0.9846 -0.1747 -0.0000
vn -0.8620 0.5070 -0.0000
vn 0.9988 -0.0490 -0.0000
vn 0.9892 -0.1465 -0.0000
vn 0.9723 -0.2339 -0.0000
vn 0.9485 -0.3169 -0.0000
vn 0.9165 -0.4000 -0.0000
vn 0.9721 0.2346 -0.0000
vn 0.6282 -0.7780 -0.0000
vn 0.8730 -0.4878 -0.0000
vn 0.9619 -0.2734 -0.0000
vn -0.5299 -0.8480 -0.0000
vn 0.3182 0.9480 -0.0000
vn 0.9968 0.0799 -0.0000
vn 0.1691 -0.9856 -0.0000
vn 0.8946 -0.4468 -0.0000
vn 0.1692 -0.9856 -0.0000
vn -0.7278 -0.6858 -0.0000
vn 0.9530 0.3031 -0.0000
vn 0.5300 0.8480 -0.0000
vn 0.9029 0.4298 -0.0000
vn 0.5299 0.8480 -0.0000
vn 0.6310 0.7758 -0.0000
vn -0.9777 -0.2102 -0.0000
vn -0.7279 -0.6857 -0.0000
vn 0.6215 0.7834 -0.0000
vn 0.5052 -0.8630 -0.0000
vn 0.9507 0.3102 -0.0000
vn 0.6937 0.7202 -0.0000
vn 0.9455 0.3255 -0.0000
vn 0.7433 0.6690 -0.0000
vn 0.9627 0.2705 -0.0000
vn 0.7199 0.6941 -0.0000
vn 0.6549 0.7557 -0.0000
vn 0.9539 0.3000 -0.0000
vn 0.9567 0.2911 -0.0000
vn 0.9518 0.3066 -0.0000
vn 0.7239 0.6899 -0.0000
vn 0.7108 0.7034 -0.0000
vn 0.8020 0.5973 -0.0000
vn 0.6701 0.7423 -0.0000
vn 0.5301 0.8480 -0.0000
vn 0.8347 0.5507 -0.0000
vn -0.9891 -0.1473 -0.0000
vn 0.1340 0.9910 -0.0000
vn 0.1529 0.9882 -0.0000
vn -0.6646 0.7472 -0.0000
vn -0.2133 0.9770 -0.0000
vn -0.3705 0.9288 -0.0000
vn -0.9932 0.1167 -0.0000
vn -0.3081 0.9513 -0.0000
vn -0.8538 0.5206 -0.0000
vn -0.1710 -0.9853 -0.0000
vn -0.7141 -0.7000 -0.0000
vn 0.0353 -0.9994 -0.0000
vn -0.9874 0.1583 -0.0000
vn -0.1709 -0.9853 -0.0000
vn 0.8364 0.5481 -0.0000
vn -0.4951 -0.8688 -0.0000
vn 0.8215 0.5702 -0.0000
vn -0.4950 -0.8689 -0.0000
vn 0.7571 0.6533 -0.0000
vn -0.8635 -0.5043 -0.0000
vn 0.4281 -0.9037 -0.0000
vn -0.4951 -0.8689 -0.0000
vn -0.4909 -0.8712 -0.0000
vn -0.6393 -0.7690 -0.0000
vn -0.6394 -0.7689 -0.0000
vn -0.9637 -0.2670 -0.0000
vn -0.8519 -0.5237 -0.0000
vn -0.7570 -0.6534 -0.0000
vn -0.1886 -0.9821 -0.0000
vn -0.8519 -0.5236 -0.0000
vn -0.7571 -0.6533 -0.0000
vn -0.1436 -0.9896 -0.0000
vn -0.9637 -0.2671 -0.0000
vn 0.1480 -0.9890 -0.0000
vn -0.8520 -0.5235 -0.0000
vn 0.5555 -0.8315 -0.0000
vn -0.6363 -0.7714 -0.0000
vn -0.8520 -0.5236 -0.0000
vn -0.9359 0.3523 -0.0000
vn -0.9964 -0.0847 -0.0000
vn -0.7809 0.6247 -0.0000
vn 0.8971 -0.4418 -0.0000
vn 0.8806 -0.4738 -0.0000
vn -0.8936 0.4488 -0.0000
vn -0.7313 -0.6821 -0.0000
vn -0.7373 0.6756 -0.0000
vn 0.8939 -0.4483 -0.0000
vn 0.8918 -0.4524 -0.0000
vn -0.8212 0.5706 -0.0000
vn -0.7557 -0.6549 -0.0000
vn -0.7347 0.6783 -0.0000
vn 0.8925 -0.4510 -0.0000
vn -0.7347 0.6784 -0.0000
vn -0.9516 -0.3074 -0.0000
vn -0.9245 0.3811 -0.0000
vn -0.9566 -0.2914 -0.0000
vn -0.6369 0.7710 -0.0000
vn -0.9277 -0.3732 -0.0000
vn -0.9434 -0.3317 -0.0000
vn -0.6151 -0.7884 -0.0000
vn -0.9418 -0.3363 -0.0000
vn -0.6369 0.7709 -0.0000
vn -0.9454 -0.3259 -0.0000
vn -0.6371 0.7708 -0.0000
vn 0.7637 -0.6456 -0.0000
vn -0.9246 0.3810 -0.0000
vn 0.6533 -0.7571 -0.0000
vn -0.4300 0.9028 -0.0000
vn -0.6383 0.7698 -0.0000
vn 0.6544 -0.7561 -0.0000
vn 0.3937 -0.9192 -0.0000
vn 0.5272 -0.8497 -0.0000
vn -0.6368 0.7710 -0.0000
vn 0.5271 -0.8498 -0.0000
vn 0.3397 -0.9405 -0.0000
vn 0.0351 -0.9994 -0.0000
vn -0.4067 -0.9135 -0.0000
vn -0.0000 0.0001 -1.0000
vn -0.0000 -0.0001 -1.0000
vn -0.0000 -0.0002 -1.0000
vn -0.0000 -0.0208 -0.9998
vn -0.0000 -0.0017 -1.0000
vn 0.0002 -0.0001 -1.0000
vn 0.0006 0.0007 -1.0000
vn -0.0006 -0.0004 -1.0000
vn -0.0000 0.0153 -0.9999
vn 0.0001 -0.0001 -1.0000
vn -0.0000 -0.1376 -0.9905
vn -0.0000 -0.0114 -0.9999
vn -0.0000 0.0003 -1.0000
vn 0.0001 -0.0000 -1.0000
vn -0.0000 -0.0125 -0.9999
vn -0.0061 -0.0312 -0.9995
vn -0.0113 -0.0000 -0.9999
vn -0.0168 -0.0000 -0.9999
vn -0.0001 -0.0000 -1.0000
vn 0.0013 0.0021 -1.0000
vn -0.0001 0.0001 -1.0000
vn -0.0001 -0.0004 -1.0000
vn -0.0000 0.0002 -1.0000
vn 0.0002 0.0004 -1.0000
vn -0.0000 0.0198 -0.9998
vn -0.0904 -0.1235 -0.9882
vn -0.0000 -0.0007 -1.0000
vn -0.9618 0.2738 -0.0000
vn 0.0002 -0.0003 -1.0000
vn -0.0344 0.1096 -0.9934
vn -0.0073 -0.0000 -1.0000
vn 0.0004 -0.0000 1.0000
vn 0.0003 -0.0003 1.0000
vn 0.0497 -0.0000 -0.9988
vn -0.1596 -0.0833 -0.9837
vn 0.0014 -0.0000 1.0000
vn -0.0000 -0.0312 -0.9995
vn -0.0000 -0.0001 1.0000
vn -0.0000 0.0001 1.0000
vn 0.0419 -0.1239 0.9914
vn -0.0012 -0.0010 1.0000
vn 0.0001 -0.0000 1.0000
vn -0.0002 0.0003 1.0000
vn 0.0147 -0.0000 0.9999
vn -0.0001 0.0002 1.0000
vn 0.0001 -0.0001 1.0000
vn 0.0651 -0.0271 0.9975
vn 0.0597 -0.0000 0.9982
vn 0.0123 -0.0000 0.9999
vn -0.0002 -0.0004 1.0000
vn -0.0208 -0.0345 0.9992
vn -0.0013 -0.0021 1.0000
vn 0.0027 -0.0790 0.9969
vn 0.0604 -0.0000 0.9982
vn 0.0002 -0.0000 1.0000
vn -0.0000 0.0259 0.9997
vn 0.0004 -0.0005 1.0000
vn 0.0293 -0.0624 0.9976
vn -0.0008 0.0006 -1.0000
vn -0.0004 0.0003 -1.0000
vn 0.2469 0.0805 0.9657
vn -0.0000 0.0156 -0.9999
vn -0.2200 -0.0000 0.9755
vn 0.3162 0.9487 -0.0000
vn 0.3187 0.9478 -0.0000
vn -0.2063 -0.9785 -0.0000
vn -0.9913 -0.1313 -0.0000
vn -0.7344 0.6788 -0.0000
vn -0.8042 0.5944 -0.0000
vn -0.6367 -0.7711 -0.0000
vn -0.8508 0.5254 -0.0000
vn -0.8005 -0.5993 -0.0000
vn 0.3187 0.9479 -0.0000
vn 0.7313 -0.6820 -0.0000
vn -0.9889 0.1483 -0.0000
vn 0.6382 0.7699 -0.0000
vn 0.2203 0.9754 -0.0000
vn -0.7321 0.6812 -0.0000
vn -0.3188 -0.9478 -0.0000
vn 0.9876 -0.1568 -0.0000
vn 0.6550 0.7556 -0.0000
vn -0.6975 -0.7165 -0.0000
vn -0.9554 -0.2953 -0.0000
vn 0.4685 -0.8834 -0.0000
vn -0.6549 -0.7557 -0.0000
vn 0.4571 0.8894 -0.0000
vn -0.6550 -0.7557 -0.0000
vn 0.5906 0.8069 -0.0000
vn 0.8519 0.5236 -0.0000
vn 0.9964 0.0848 -0.0000
vn 0.9716 0.2366 -0.0000
vn -0.8621 0.5068 -0.0000
vn 0.6283 -0.7780 -0.0000
vn 0.8947 -0.4468 -0.0000
vn 0.5299 0.8481 -0.0000
vn 0.5053 -0.8630 -0.0000
vn 0.9029 0.4299 -0.0000
vn 0.6551 0.7555 -0.0000
vn 0.7198 0.6941 -0.0000
vn 0.7241 0.6897 -0.0000
vn 0.5298 0.8481 -0.0000
vn -0.1705 -0.9854 -0.0000
vn -0.7140 -0.7001 -0.0000
vn -0.6393 -0.7689 -0.0000
vn -0.6392 -0.7690 -0.0000
vn -0.1885 -0.9821 -0.0000
vn -0.1437 -0.9896 -0.0000
vn -0.9636 -0.2672 -0.0000
vn -0.8707 0.4917 -0.0000
vn -0.7807 0.6249 -0.0000
vn 0.8972 -0.4417 -0.0000
vn -0.7372 0.6756 -0.0000
vn -0.9418 -0.3362 -0.0000
vn -0.9245 0.3812 -0.0000
vn 0.6534 -0.7570 -0.0000
vn -0.4299 0.9029 -0.0000
vn 0.3939 -0.9192 -0.0000
vn -0.6370 0.7709 -0.0000
vt 0.045243 0.553122
vt 0.042532 0.550439
vt 0.000102 0.769237
vt 0.802552 0.021171
vt 0.992157 0.025371
vt 0.802692 0.020931
vt 0.208301 0.450134
vt 0.195016 0.451049
vt 0.170592 0.454103
vt 0.769237 0.000102
vt 0.533334 0.274129
vt 0.539452 0.284945
vt 0.385218 0.317037
vt 0.389837 0.309167
vt 0.382478 0.296992
vt 0.578535 0.559033
vt 0.543613 0.563220
vt 0.541721 0.574244
vt 0.929050 0.265549
vt 0.994976 0.172973
vt 0.890075 0.228209
vt 0.482286 0.219122
vt 0.490242 0.228767
vt 0.000102 0.000102
vt 0.000102 0.202957
vt 0.000698 0.202957
vt 0.423920 0.280111
vt 0.426863 0.278189
vt 0.443922 0.265591
vt 0.426809 0.257684
vt 0.415143 0.267281
vt 0.414897 0.267511
vt 0.427319 0.257261
vt 0.426809 0.257684
vt 0.427319 0.257261
vt 0.427314 0.257243
vt 0.436020 0.357280
vt 0.436891 0.367250
vt 0.468623 0.430695
vt 0.390385 0.308741
vt 0.390141 0.308126
vt 0.390392 0.309544
vt 0.390738 0.317859
vt 0.394590 0.315030
vt 0.394068 0.315286
vt 0.390846 0.310786
vt 0.393909 0.315530
vt 0.393361 0.314681
vt 0.393393 0.314732
vt 0.396697 0.318746
vt 0.390043 0.316308
vt 0.390445 0.315635
vt 0.387339 0.317353
vt 0.394811 0.315384
vt 0.390449 0.316109
vt 0.392546 0.314606
vt 0.390625 0.308685
vt 0.390464 0.317818
vt 0.388472 0.317522
vt 0.394507 0.314897
vt 0.391731 0.310454
vt 0.394373 0.314877
vt 0.081000 0.580089
vt 0.081849 0.580761
vt 0.996583 0.058930
vt 0.798298 0.030041
vt 0.801381 0.022098
vt 0.195016 0.451049
vt 0.543350 0.315253
vt 0.543592 0.314372
vt 0.368087 0.273268
vt 0.378295 0.290096
vt 0.216305 0.304154
vt 0.543937 0.555221
vt 0.769238 0.769238
vt 0.878362 0.155149
vt 0.484292 0.241791
vt 0.484273 0.247624
vt 0.471366 0.249672
vt 0.426781 0.257599
vt 0.427319 0.257261
vt 0.427314 0.257243
vt 0.390382 0.308405
vt 0.390738 0.317859
vt 0.390464 0.317818
vt 0.393290 0.314717
vt 0.542145 0.318359
vt 0.542026 0.318637
vt 0.414950 0.267461
vt 0.405629 0.276153
vt 0.542157 0.318041
vt 0.000102 0.492453
vt 0.001242 0.495014
vt 0.427321 0.257263
vt 0.543363 0.314908
vt 0.001227 0.495025
vt 0.431417 0.253851
vt 0.002691 0.497280
vt 0.432450 0.252994
vt 0.544120 0.311867
vt 0.003061 0.498289
vt 0.432460 0.253022
vt 0.543581 0.308760
vt 0.005535 0.505514
vt 0.433471 0.252183
vt 0.543640 0.307097
vt 0.013549 0.518547
vt 0.005535 0.505514
vt 0.452548 0.245301
vt 0.542732 0.301857
vt 0.013549 0.518547
vt 0.467245 0.239999
vt 0.452548 0.245301
vt 0.542787 0.300319
vt 0.042739 0.550368
vt 0.469604 0.239148
vt 0.417147 0.226947
vt 0.417113 0.226846
vt 0.470072 0.239355
vt 0.416602 0.227268
vt 0.417147 0.226947
vt 0.054730 0.560046
vt 0.469998 0.239006
vt 0.416602 0.227268
vt 0.416909 0.228184
vt 0.054832 0.558147
vt 0.471711 0.238388
vt 0.415851 0.228044
vt 0.057331 0.560112
vt 0.474767 0.239738
vt 0.415666 0.228215
vt 0.415851 0.228044
vt 0.057331 0.560112
vt 0.474728 0.239553
vt 0.415557 0.228201
vt 0.415666 0.228215
vt 0.081017 0.580058
vt 0.475233 0.239776
vt 0.415199 0.228531
vt 0.415557 0.228201
vt 0.474713 0.237305
vt 0.475233 0.239776
vt 0.413369 0.229884
vt 0.082012 0.580453
vt 0.477018 0.236474
vt 0.412591 0.229781
vt 0.413369 0.229884
vt 0.084661 0.582689
vt 0.482205 0.237877
vt 0.411479 0.230810
vt 0.412591 0.229781
vt 0.087396 0.584894
vt 0.410825 0.230723
vt 0.411479 0.230810
vt 0.087479 0.584666
vt 0.488809 0.243013
vt 0.409919 0.231560
vt 0.801868 0.021711
vt 0.488403 0.247102
vt 0.488511 0.247128
vt 0.409386 0.231490
vt 0.802517 0.021070
vt 0.488290 0.247116
vt 0.407124 0.233581
vt 0.484994 0.247639
vt 0.395807 0.241944
vt 0.407124 0.233581
vt 0.801648 0.017872
vt 0.395583 0.241915
vt 0.805091 0.015150
vt 0.395410 0.241705
vt 0.804309 0.013310
vt 0.471047 0.249852
vt 0.395161 0.241859
vt 0.800003 0.003179
vt 0.470636 0.249918
vt 0.390972 0.241304
vt 0.800057 0.003155
vt 0.470243 0.250139
vt 0.387158 0.244830
vt 0.798698 0.000102
vt 0.469739 0.250219
vt 0.384914 0.244533
vt 0.988345 0.000102
vt 0.469079 0.250591
vt 0.381921 0.247299
vt 0.988346 0.000770
vt 0.468233 0.250726
vt 0.381859 0.247253
vt 0.988317 0.000769
vt 0.380810 0.247211
vt 0.988346 0.000829
vt 0.380446 0.246770
vt 0.988345 0.000877
vt 0.372093 0.251927
vt 0.988369 0.000877
vt 0.371250 0.251816
vt 0.988509 0.001171
vt 0.365065 0.257533
vt 0.989659 0.014677
vt 0.366977 0.268333
vt 0.991588 0.018694
vt 0.989659 0.014677
vt 0.366977 0.268333
vt 0.377941 0.288527
vt 0.996863 0.035168
vt 0.997183 0.038924
vt 0.382334 0.296350
vt 0.996960 0.045761
vt 0.490639 0.368686
vt 0.490178 0.368889
vt 0.388288 0.305990
vt 0.999898 0.096783
vt 0.490909 0.368643
vt 0.996596 0.118841
vt 0.508709 0.360801
vt 0.514511 0.358245
vt 0.516377 0.356668
vt 0.870501 0.150061
vt 0.814575 0.113860
vt 0.519438 0.354081
vt 0.769441 0.084645
vt 0.531036 0.488722
vt 0.532148 0.487406
vt 0.792230 0.042975
vt 0.530726 0.489088
vt 0.792049 0.042480
vt 0.513616 0.471511
vt 0.383124 0.318064
vt 0.794954 0.037170
vt 0.792049 0.042480
vt 0.502940 0.457959
vt 0.377697 0.322258
vt 0.794732 0.036562
vt 0.794954 0.037170
vt 0.497756 0.453442
vt 0.372995 0.322394
vt 0.495565 0.450660
vt 0.371252 0.324078
vt 0.797843 0.028790
vt 0.486862 0.443076
vt 0.367382 0.324191
vt 0.483183 0.438406
vt 0.363130 0.328299
vt 0.482318 0.437652
vt 0.353689 0.328573
vt 0.511208 0.521299
vt 0.511208 0.521299
vt 0.481953 0.437189
vt 0.351882 0.330319
vt 0.353689 0.328573
vt 0.509920 0.522146
vt 0.480451 0.435880
vt 0.348569 0.330966
vt 0.508923 0.523626
vt 0.347201 0.330633
vt 0.508257 0.525684
vt 0.468623 0.430695
vt 0.335384 0.332942
vt 0.507947 0.528240
vt 0.464936 0.428860
vt 0.468623 0.430695
vt 0.332046 0.332130
vt 0.508005 0.531196
vt 0.438820 0.399608
vt 0.307592 0.336908
vt 0.508428 0.534438
vt 0.428816 0.388704
vt 0.300343 0.336057
vt 0.509201 0.537841
vt 0.427042 0.387821
vt 0.299951 0.335896
vt 0.510294 0.541276
vt 0.431025 0.380311
vt 0.293692 0.331339
vt 0.299951 0.335896
vt 0.511665 0.544610
vt 0.431025 0.380311
vt 0.430324 0.379502
vt 0.289734 0.330875
vt 0.293692 0.331339
vt 0.513261 0.547714
vt 0.435657 0.374045
vt 0.430324 0.379502
vt 0.287613 0.330004
vt 0.515020 0.550470
vt 0.436262 0.372903
vt 0.271886 0.328259
vt 0.516249 0.551994
vt 0.435050 0.371505
vt 0.268981 0.327876
vt 0.516727 0.553189
vt 0.434068 0.370067
vt 0.247504 0.321309
vt 0.518343 0.556411
vt 0.241658 0.319068
vt 0.520219 0.559489
vt 0.432091 0.360185
vt 0.522280 0.562305
vt 0.191654 0.294705
vt 0.524449 0.564752
vt 0.437968 0.355645
vt 0.183424 0.289153
vt 0.526642 0.566735
vt 0.440255 0.357052
vt 0.182058 0.291026
vt 0.527718 0.567463
vt 0.456081 0.366780
vt 0.180365 0.290377
vt 0.533235 0.572180
vt 0.456698 0.366950
vt 0.160332 0.276864
vt 0.534870 0.573169
vt 0.456960 0.367111
vt 0.130430 0.271934
vt 0.537888 0.576159
vt 0.457717 0.367321
vt 0.087699 0.272964
vt 0.458039 0.367519
vt 0.080436 0.270580
vt 0.465108 0.369478
vt 0.458039 0.367519
vt 0.047463 0.265263
vt 0.098646 0.572193
vt 0.094923 0.587361
vt 0.465674 0.369526
vt 0.465108 0.369478
vt 0.043212 0.264201
vt 0.101154 0.561973
vt 0.469801 0.370670
vt 0.041434 0.255261
vt 0.109821 0.547354
vt 0.470262 0.370709
vt 0.034565 0.235991
vt 0.159685 0.471931
vt 0.472449 0.371315
vt 0.031663 0.234162
vt 0.165618 0.461627
vt 0.473043 0.371460
vt 0.025466 0.216776
vt 0.031663 0.234162
vt 0.165618 0.461627
vt 0.473662 0.371380
vt 0.017530 0.211774
vt 0.025466 0.216776
vt 0.172319 0.451442
vt 0.475945 0.371018
vt 0.016802 0.208688
vt 0.173695 0.451529
vt 0.476667 0.371033
vt 0.015687 0.203990
vt 0.016802 0.208688
vt 0.183331 0.451520
vt 0.173695 0.451529
vt 0.480991 0.370347
vt 0.007072 0.203342
vt 0.015687 0.203990
vt 0.481877 0.370366
vt 0.002611 0.203006
vt 0.489281 0.369191
vt 0.002611 0.202957
vt 0.222675 0.448810
vt 0.489847 0.368942
vt 0.237586 0.447128
vt 0.247756 0.445777
vt 0.248862 0.445985
vt 0.250233 0.445448
vt 0.436806 0.215384
vt 0.438722 0.215550
vt 0.438722 0.215550
vt 0.252462 0.445152
vt 0.436641 0.215481
vt 0.436806 0.215384
vt 0.266729 0.442960
vt 0.436461 0.215466
vt 0.436641 0.215481
vt 0.270951 0.442211
vt 0.434800 0.216443
vt 0.436461 0.215466
vt 0.283235 0.441608
vt 0.432996 0.216288
vt 0.434800 0.216443
vt 0.299649 0.439179
vt 0.432007 0.216870
vt 0.432996 0.216288
vt 0.316296 0.435174
vt 0.299649 0.439179
vt 0.430932 0.216777
vt 0.432007 0.216870
vt 0.332536 0.429748
vt 0.430126 0.217251
vt 0.430932 0.216777
vt 0.340154 0.426423
vt 0.332536 0.429749
vt 0.429251 0.217176
vt 0.430126 0.217251
vt 0.342021 0.426874
vt 0.427809 0.218024
vt 0.343599 0.424920
vt 0.427975 0.218517
vt 0.347744 0.423111
vt 0.425315 0.220081
vt 0.357043 0.417915
vt 0.425519 0.220686
vt 0.388228 0.409050
vt 0.422254 0.222606
vt 0.425519 0.220686
vt 0.395105 0.410710
vt 0.422595 0.223622
vt 0.395663 0.410019
vt 0.422595 0.223622
vt 0.401991 0.410526
vt 0.395663 0.410019
vt 0.541206 0.574502
vt 0.541015 0.575615
vt 0.404823 0.409721
vt 0.401991 0.410526
vt 0.405978 0.409814
vt 0.407266 0.409448
vt 0.543208 0.562838
vt 0.411882 0.410916
vt 0.394507 0.314897
vt 0.543759 0.559629
vt 0.412394 0.411160
vt 0.396934 0.318781
vt 0.543261 0.559160
vt 0.413839 0.412937
vt 0.409223 0.411944
vt 0.540686 0.552157
vt 0.416163 0.420693
vt 0.542975 0.548247
vt 0.425531 0.425152
vt 0.545574 0.549095
vt 0.450534 0.451110
vt 0.546727 0.549492
vt 0.450534 0.451110
vt 0.558291 0.552741
vt 0.454762 0.455187
vt 0.563310 0.554320
vt 0.456575 0.457070
vt 0.574018 0.557578
vt 0.457118 0.457593
vt 0.456575 0.457070
vt 0.457318 0.457784
vt 0.457118 0.457593
vt 0.581464 0.561932
vt 0.466093 0.464319
vt 0.539675 0.575267
vt 0.480666 0.480462
vt 0.394507 0.314897
vt 0.540358 0.575943
vt 0.484978 0.483307
vt 0.494750 0.494131
vt 0.930414 0.265364
vt 0.520659 0.511223
vt 0.919961 0.266955
vt 0.514804 0.517806
vt 0.918531 0.266642
vt 0.511754 0.521235
vt 0.913432 0.264608
vt 0.911808 0.264082
vt 0.889989 0.228297
vt 0.542696 0.299798
vt 0.542702 0.299646
vt 0.541787 0.294363
vt 0.541592 0.293245
vt 0.994950 0.173841
vt 0.541161 0.290757
vt 0.983708 0.190998
vt 0.541115 0.290677
vt 0.953882 0.233969
vt 0.540653 0.289866
vt 0.943692 0.245780
vt 0.540299 0.287826
vt 0.938373 0.253898
vt 0.539800 0.286949
vt 0.539608 0.285845
vt 0.461319 0.218144
vt 0.456830 0.215522
vt 0.457407 0.214305
vt 0.537349 0.281254
vt 0.453602 0.212082
vt 0.451500 0.211901
vt 0.532217 0.272786
vt 0.449439 0.213113
vt 0.530795 0.270262
vt 0.447201 0.212920
vt 0.529425 0.268614
vt 0.442218 0.215851
vt 0.447201 0.212920
vt 0.527678 0.265513
vt 0.527298 0.265057
vt 0.489020 0.247269
vt 0.520364 0.260794
vt 0.527298 0.265057
vt 0.518637 0.259304
vt 0.488323 0.240485
vt 0.517889 0.258844
vt 0.489319 0.240925
vt 0.517718 0.258696
vt 0.488409 0.236603
vt 0.508337 0.252930
vt 0.488066 0.234242
vt 0.508211 0.252895
vt 0.488494 0.231383
vt 0.508157 0.252862
vt 0.488769 0.230972
vt 0.506887 0.252510
vt 0.488769 0.230972
vt 0.506347 0.252178
vt 0.484322 0.221590
vt 0.505589 0.251968
vt 0.505268 0.251771
vt 0.476702 0.212353
vt 0.504651 0.251600
vt 0.504389 0.251439
vt 0.492120 0.248039
vt 0.491659 0.248000
vt 0.468167 0.250763
vt 0.468083 0.250776
vt 0.459218 0.255780
vt 0.459073 0.255896
vt 0.458342 0.256308
vt 0.581842 0.561746
vt 0.456884 0.257475
vt 0.583757 0.560715
vt 0.452285 0.260071
vt 0.587670 0.561976
vt 0.449098 0.261671
vt 0.585381 0.559841
vt 0.448631 0.262099
vt 0.592978 0.555754
vt 0.448361 0.262235
vt 0.595876 0.554300
vt 0.447134 0.263359
vt 0.604396 0.549978
vt 0.600345 0.546466
vt 0.442684 0.266734
vt 0.606224 0.543496
vt 0.439200 0.269154
vt 0.442684 0.266734
vt 0.576580 0.517805
vt 0.606224 0.543496
vt 0.431894 0.275900
vt 0.439200 0.269154
vt 0.573927 0.516947
vt 0.427757 0.277605
vt 0.569647 0.515644
vt 0.427487 0.277932
vt 0.565126 0.513825
vt 0.563451 0.513236
vt 0.426531 0.278590
vt 0.547470 0.492751
vt 0.425765 0.278906
vt 0.542283 0.490899
vt 0.425208 0.279580
vt 0.542283 0.490899
vt 0.423865 0.280178
vt 0.520261 0.353386
vt 0.423737 0.280230
vt 0.521666 0.351757
vt 0.418349 0.286753
vt 0.523392 0.349758
vt 0.418234 0.286994
vt 0.528452 0.345481
vt 0.418208 0.287025
vt 0.532318 0.341015
vt 0.417053 0.289452
vt 0.533317 0.338682
vt 0.416791 0.289768
vt 0.533720 0.338033
vt 0.416103 0.291213
vt 0.534014 0.337346
vt 0.089427 0.586237
vt 0.415947 0.291402
vt 0.534054 0.337282
vt 0.534014 0.337346
vt 0.089494 0.586051
vt 0.415387 0.292579
vt 0.415947 0.291402
vt 0.538853 0.326078
vt 0.091081 0.587330
vt 0.415260 0.292732
vt 0.415387 0.292579
vt 0.542025 0.318668
vt 0.091939 0.584955
vt 0.414098 0.295173
vt 0.388031 0.316819
s 0
usemtl マテリアル.003
f 197/1/1 156/2/1 1/3/1
f 385/4/1 249/5/1 224/6/1
f 483/7/1 482/8/1 144/9/1
f 4/10/1 40/11/1 41/12/1
f 166/13/1 229/14/1 264/15/1
f 31/16/1 36/17/1 37/18/1
f 182/19/1 300/20/1 78/21/1
f 291/22/1 288/23/1 4/10/1
f 2/24/1 517/25/1 516/26/1
f 371/27/1 134/28/1 132/29/1
f 255/30/1 284/31/1 285/32/1
f 255/30/2 374/33/2 219/34/2
f 219/34/3 374/33/3 375/35/3
f 376/36/4 255/30/4 285/32/4
f 13/37/1 341/38/1 211/39/1
f 235/40/1 267/41/1 233/42/1
f 234/43/1 282/44/1 228/45/1
f 231/46/1 235/40/1 233/42/1
f 231/46/5 230/47/5 257/48/5
f 257/48/6 230/47/6 239/49/6
f 232/50/1 230/47/1 234/43/1
f 282/44/6 230/47/6 233/42/6
f 259/51/1 240/52/1 246/53/1
f 277/54/1 239/49/1 232/50/1
f 260/55/1 238/56/1 240/52/1
f 276/57/1 235/40/1 257/48/1
f 165/58/1 259/51/1 268/59/1
f 165/58/1 228/45/1 281/60/1
f 280/61/1 238/56/1 237/62/1
f 531/3/6 545/63/6 547/64/6
f 574/65/6 585/66/6 587/67/6
f 618/9/6 622/68/6 623/7/6
f 703/10/6 737/69/6 739/70/6
f 774/71/7 776/72/7 809/73/7
f 851/17/6 855/74/6 612/75/6
f 867/19/6 874/76/6 577/20/6
f 703/10/6 896/23/6 898/22/6
f 831/24/6 830/26/6 900/25/6
f 956/77/6 960/78/6 961/79/6
f 968/30/6 970/31/6 967/80/6
f 968/30/8 972/34/8 971/81/8
f 972/34/9 973/35/9 971/81/9
f 969/32/10 968/30/10 938/82/10
f 991/39/6 1003/38/6 1005/37/6
f 1026/40/6 781/14/6 1027/83/6
f 1028/84/6 1030/45/6 1029/44/6
f 1031/46/6 782/42/6 1026/40/6
f 1031/46/11 1033/48/11 1032/47/11
f 1033/48/1 1034/49/1 1032/47/1
f 1035/50/6 1028/84/6 1032/47/6
f 1029/44/1 782/42/1 1032/47/1
f 1037/51/6 785/53/6 783/52/6
f 1040/54/6 1035/50/6 1034/49/6
f 1043/56/6 1038/55/6 783/52/6
f 1033/48/6 1026/40/6 1045/57/6
f 1037/51/6 1046/85/6 1039/59/6
f 1030/45/6 1046/85/6 1044/86/6
f 1047/62/6 1043/56/6 782/42/6
f 344/87/12 734/88/12 345/88/12
f 286/89/13 936/90/13 283/90/13
f 344/87/14 736/91/14 735/87/14
f 1/3/15 532/92/15 531/3/15
f 408/91/16 737/69/16 736/91/16
f 522/93/17 532/92/17 520/92/17
f 373/94/18 938/82/18 376/36/18
f 412/69/19 738/95/19 737/69/19
f 523/96/20 533/93/20 522/93/20
f 367/97/21 939/94/21 373/94/21
f 26/70/16 738/95/16 407/95/16
f 524/98/22 534/96/22 523/96/22
f 367/97/23 941/99/23 940/97/23
f 25/100/24 739/70/24 26/70/24
f 157/101/25 535/98/25 524/98/25
f 450/102/26 941/99/26 451/99/26
f 413/103/27 740/100/27 25/100/27
f 158/104/28 536/101/28 157/101/28
f 452/105/29 942/102/29 450/102/29
f 425/106/14 741/103/14 413/103/14
f 158/104/30 538/107/30 537/108/30
f 296/109/31 943/105/31 452/105/31
f 414/110/27 742/106/27 425/106/27
f 156/2/32 538/107/32 159/111/32
f 296/109/31 945/112/31 944/113/31
f 342/114/33 743/110/33 414/110/33
f 196/115/34 539/2/34 156/2/34
f 447/116/31 945/112/31 297/112/31
f 382/117/26 744/118/26 369/118/26
f 197/1/35 540/115/35 196/115/35
f 446/119/36 946/116/36 447/116/36
f 382/117/37 746/120/37 745/121/37
f 198/122/38 541/1/38 197/1/38
f 448/123/39 947/119/39 446/119/39
f 254/124/40 747/125/40 746/120/40
f 227/126/41 542/122/41 198/122/41
f 359/127/31 948/123/31 448/123/31
f 256/125/42 748/128/42 747/125/42
f 226/129/43 543/126/43 227/126/43
f 357/130/36 949/127/36 359/127/36
f 381/131/44 748/128/44 222/132/44
f 223/63/45 544/133/45 226/129/45
f 358/134/46 950/130/46 357/130/46
f 381/131/42 750/135/42 749/136/42
f 389/137/47 545/63/47 223/63/47
f 209/138/48 951/134/48 358/134/48
f 383/139/49 750/135/49 380/140/49
f 384/64/45 546/137/45 389/137/45
f 295/141/50 952/142/50 209/138/50
f 427/143/51 751/139/51 383/139/51
f 393/144/52 547/64/52 384/64/52
f 294/145/31 953/141/31 295/141/31
f 426/146/42 752/147/42 427/143/42
f 392/148/45 548/144/45 393/144/45
f 184/149/53 954/145/53 294/145/53
f 428/150/49 753/151/49 426/146/49
f 390/152/54 549/148/54 392/148/54
f 152/77/55 955/149/55 184/149/55
f 428/150/42 755/153/42 754/154/42
f 391/155/56 550/152/56 390/152/56
f 151/156/53 956/77/53 152/77/53
f 141/157/57 755/153/57 139/153/57
f 385/4/58 552/158/58 386/158/58
f 112/159/59 888/160/59 107/160/59
f 71/161/42 756/157/42 141/157/42
f 388/162/60 551/4/60 385/4/60
f 117/163/61 957/159/61 112/159/61
f 71/161/57 758/164/57 757/161/57
f 224/6/62 553/162/62 388/162/62
f 118/165/63 958/163/63 117/163/63
f 73/166/51 758/164/51 72/167/51
f 225/168/64 554/6/64 224/6/64
f 55/78/65 959/165/65 118/165/65
f 321/169/42 759/166/42 73/166/42
f 194/170/58 555/168/58 225/168/58
f 54/79/63 960/78/63 55/78/63
f 319/171/66 760/169/66 321/169/66
f 194/170/67 557/172/67 556/170/67
f 120/173/68 961/79/68 54/79/68
f 320/174/69 761/171/69 319/171/69
f 519/175/67 557/172/67 195/172/67
f 119/176/63 962/173/63 120/173/63
f 17/177/42 762/174/42 320/174/42
f 518/178/70 558/175/70 519/175/70
f 444/179/71 963/176/71 119/176/71
f 317/180/49 763/177/49 17/177/49
f 521/181/72 559/178/72 518/178/72
f 444/179/63 965/182/63 964/179/63
f 316/183/42 764/180/42 317/180/42
f 513/184/15 560/181/15 521/181/15
f 445/185/68 965/182/68 449/182/68
f 318/186/49 765/183/49 316/183/49
f 509/187/73 561/184/73 513/184/73
f 360/188/63 966/185/63 445/185/63
f 164/189/74 766/186/74 318/186/74
f 236/190/75 562/187/75 509/187/75
f 255/30/76 967/80/76 220/80/76
f 162/191/77 767/189/77 164/189/77
f 510/192/78 563/190/78 236/190/78
f 163/193/66 768/191/66 162/191/66
f 511/194/73 564/192/73 510/192/73
f 284/31/79 969/32/79 285/32/79
f 160/195/69 769/193/69 163/193/69
f 512/196/15 565/194/15 511/194/15
f 220/80/21 970/31/21 284/31/21
f 161/197/42 770/195/42 160/195/42
f 272/198/78 566/196/78 512/196/78
f 161/197/49 772/199/49 771/197/49
f 273/200/80 567/198/80 272/198/80
f 255/30/81 972/34/81 968/30/81
f 174/201/82 772/199/82 168/199/82
f 273/200/83 569/202/83 568/203/83
f 174/201/84 774/71/84 773/204/84
f 249/5/80 569/202/80 274/202/80
f 375/35/23 972/34/23 219/34/23
f 248/205/85 774/71/85 171/71/85
f 250/206/83 570/5/83 249/5/83
f 374/33/86 973/35/86 375/35/86
f 248/205/87 776/72/87 775/205/87
f 183/207/80 571/206/80 250/206/80
f 285/32/88 937/89/88 286/89/88
f 271/208/85 776/72/85 245/72/85
f 181/209/89 572/207/89 183/207/89
f 374/33/90 938/82/90 971/81/90
f 264/15/84 777/208/84 271/208/84
f 180/65/91 573/209/91 181/209/91
f 114/210/92 974/211/92 113/211/92
f 265/212/85 778/15/85 264/15/85
f 299/213/93 574/65/93 180/65/93
f 53/214/94 975/210/94 114/210/94
f 267/41/95 779/212/95 265/212/95
f 298/215/96 575/213/96 299/213/96
f 51/216/92 976/214/92 53/214/92
f 300/20/97 576/215/97 298/215/97
f 48/217/92 977/216/92 51/216/92
f 43/218/98 978/217/98 48/217/98
f 82/219/99 579/220/99 578/219/99
f 44/221/100 979/218/100 43/218/100
f 83/222/99 579/220/99 81/220/99
f 45/223/101 721/224/101 6/224/101
f 93/225/102 580/222/102 83/222/102
f 105/226/101 980/223/101 45/223/101
f 166/13/103 785/53/103 246/53/103
f 149/227/104 581/225/104 93/225/104
f 104/228/105 981/226/105 105/226/105
f 167/229/106 786/13/106 166/13/106
f 148/230/102 582/231/102 149/227/102
f 103/232/107 982/228/107 104/228/107
f 262/233/108 787/229/108 167/229/108
f 395/234/104 583/235/104 148/230/104
f 464/236/109 983/232/109 103/232/109
f 261/237/110 788/233/110 262/233/110
f 396/66/102 584/234/102 395/234/102
f 465/238/107 984/236/107 464/236/107
f 263/239/111 789/237/111 261/237/111
f 394/240/104 585/66/104 396/66/104
f 463/241/109 985/238/109 465/238/109
f 242/242/110 790/239/110 263/239/110
f 387/67/112 586/240/112 394/240/112
f 351/243/107 986/241/107 463/241/107
f 242/242/111 792/244/111 791/242/111
f 386/158/113 587/67/113 387/67/113
f 352/245/109 987/243/109 351/243/109
f 169/246/110 792/244/110 244/244/110
f 499/247/114 589/248/114 500/248/114
f 206/249/115 988/245/115 352/245/115
f 269/250/111 793/251/111 169/246/111
f 496/252/116 588/247/116 499/247/116
f 207/253/109 989/249/109 206/249/109
f 270/254/117 794/250/117 269/250/117
f 495/255/118 590/252/118 496/252/118
f 211/39/119 990/253/119 207/253/119
f 243/256/120 795/254/120 270/254/120
f 494/257/121 591/255/121 495/255/121
f 252/258/122 991/39/122 211/39/122
f 247/259/117 796/256/117 243/256/117
f 503/260/123 592/257/123 494/257/123
f 252/258/124 993/261/124 992/262/124
f 170/263/120 797/259/120 247/259/120
f 504/264/125 593/260/125 503/260/125
f 190/265/126 993/261/126 212/261/126
f 172/266/117 798/263/117 170/263/117
f 502/267/127 594/264/127 504/264/127
f 188/268/128 994/265/128 190/265/128
f 173/269/129 799/266/129 172/266/129
f 501/270/130 595/267/130 502/267/130
f 189/271/124 995/268/124 188/268/124
f 309/272/131 800/269/131 173/269/131
f 508/273/132 596/270/132 501/270/132
f 189/271/133 997/274/133 996/271/133
f 311/275/134 801/276/134 309/272/134
f 506/277/135 597/273/135 508/273/135
f 68/278/136 998/279/136 997/274/136
f 310/280/129 802/281/129 311/275/129
f 507/282/137 598/277/137 506/277/137
f 16/283/138 998/279/138 69/284/138
f 315/285/131 803/280/131 310/280/131
f 505/286/139 599/282/139 507/282/139
f 15/287/133 999/283/133 16/283/133
f 332/288/140 804/285/140 315/285/140
f 493/289/141 600/286/141 505/286/141
f 14/290/136 1000/287/136 15/287/136
f 333/291/142 805/288/142 332/288/142
f 492/292/143 601/289/143 493/289/143
f 339/293/144 1001/290/144 14/290/144
f 330/294/145 806/291/145 333/291/145
f 490/295/146 602/292/146 492/292/146
f 341/38/147 1002/293/147 339/293/147
f 331/296/148 807/294/148 330/294/148
f 489/297/149 603/295/149 490/295/149
f 340/298/150 1003/38/150 341/38/150
f 328/73/151 808/296/151 331/296/151
f 491/299/152 604/297/152 489/297/152
f 340/298/153 1005/37/153 1004/298/153
f 329/300/148 809/73/148 328/73/148
f 488/301/154 605/299/154 491/299/154
f 66/302/155 1005/37/155 13/37/155
f 19/303/156 810/300/156 329/300/156
f 486/304/157 606/301/157 488/301/157
f 66/302/158 1007/305/158 1006/302/158
f 313/306/159 811/303/159 19/303/159
f 487/307/160 607/304/160 486/304/160
f 60/308/158 1007/305/158 67/305/158
f 314/309/148 812/306/148 313/306/148
f 47/310/161 608/307/161 487/307/161
f 137/311/162 1008/308/162 60/308/162
f 314/309/156 814/312/156 813/309/156
f 47/310/163 610/313/163 609/310/163
f 127/314/158 1009/311/158 137/311/158
f 326/315/164 814/312/164 327/312/164
f 38/316/165 610/313/165 46/313/165
f 455/317/162 1010/314/162 127/314/162
f 326/315/166 816/318/166 815/315/166
f 456/319/158 1011/317/158 455/317/158
f 175/320/167 816/318/167 312/318/167
f 1/3/168 612/75/168 3/75/168
f 457/321/162 1012/322/162 456/319/162
f 175/320/169 818/323/169 817/320/169
f 22/324/170 530/325/170 23/325/170
f 458/326/171 1013/327/171 457/321/171
f 322/328/172 818/323/172 176/323/172
f 88/329/170 613/324/170 22/324/170
f 123/330/162 1014/326/162 458/326/162
f 323/331/173 819/328/173 322/328/173
f 85/332/174 614/329/174 88/329/174
f 124/333/171 1015/330/171 123/330/171
f 324/334/175 820/331/175 323/331/175
f 85/332/176 616/335/176 615/332/176
f 59/336/162 1016/333/162 124/333/162
f 325/337/177 821/334/177 324/334/177
f 84/335/178 617/338/178 616/335/178
f 57/339/179 1017/336/179 59/336/179
f 24/340/175 822/341/175 325/337/175
f 145/342/176 618/9/176 617/338/176
f 56/343/180 1018/339/180 57/339/180
f 90/344/177 823/345/177 24/340/177
f 474/346/181 618/9/181 144/9/181
f 122/347/94 1019/343/94 56/343/94
f 89/348/182 824/344/182 90/344/182
f 474/346/183 620/349/183 619/346/183
f 121/350/184 1020/347/184 122/347/184
f 91/351/185 825/352/185 89/348/185
f 481/353/186 620/349/186 475/354/186
f 462/355/94 1021/350/94 121/350/94
f 92/356/187 826/357/187 91/351/187
f 481/353/188 622/68/188 621/353/188
f 459/358/184 1022/355/184 462/355/184
f 515/359/187 827/356/187 92/356/187
f 483/7/189 622/68/189 482/8/189
f 461/360/94 1023/358/94 459/358/94
f 514/361/15 828/359/15 515/359/15
f 484/362/190 623/7/190 483/7/190
f 460/363/92 1024/360/92 461/360/92
f 514/361/168 830/26/168 829/361/168
f 485/364/191 624/362/191 484/362/191
f 113/211/94 1025/363/94 460/363/94
f 478/365/192 625/364/192 485/364/192
f 4/10/73 831/24/73 2/24/73
f 301/366/193 626/365/193 478/365/193
f 476/367/194 627/366/194 301/366/194
f 266/83/95 780/41/95 267/41/95
f 215/368/195 832/369/195 216/370/195
f 477/371/192 628/367/192 476/367/192
f 370/372/196 833/373/196 215/368/196
f 479/374/197 629/371/197 477/371/197
f 368/375/198 834/376/198 370/372/198
f 480/377/199 630/374/199 479/374/199
f 368/375/200 836/378/200 835/379/200
f 471/380/201 631/377/201 480/377/201
f 432/381/195 836/378/195 433/382/195
f 472/383/202 632/380/202 471/380/202
f 432/381/200 838/384/200 837/385/200
f 473/386/203 633/387/203 472/383/203
f 128/388/195 838/384/195 434/389/195
f 468/390/204 634/386/204 473/386/204
f 128/388/37 840/391/37 839/392/37
f 467/393/205 635/394/205 468/390/205
f 62/395/195 840/391/195 129/396/195
f 18/397/206 636/393/206 467/393/206
f 61/398/200 841/395/200 62/395/200
f 469/399/207 637/397/207 18/397/207
f 130/400/40 842/398/40 61/398/40
f 466/401/205 638/399/205 469/399/205
f 131/402/200 843/400/200 130/400/200
f 470/403/208 639/401/208 466/401/208
f 234/43/103 1035/50/103 232/50/103
f 431/404/40 844/402/40 131/402/40
f 77/405/209 640/403/209 470/403/209
f 431/404/200 846/406/200 845/407/200
f 77/405/206 642/408/206 641/405/206
f 282/44/210 1036/61/210 1029/44/210
f 429/409/211 846/406/211 430/406/211
f 74/410/207 642/408/207 76/408/207
f 429/409/200 744/118/200 847/411/200
f 75/412/212 643/413/212 74/410/212
f 96/414/213 848/415/213 95/415/213
f 143/416/209 644/417/209 75/412/209
f 37/18/214 849/414/214 96/414/214
f 143/416/212 646/418/212 645/416/212
f 246/53/103 1039/59/103 268/59/103
f 36/17/215 850/18/215 37/18/215
f 403/419/209 646/418/209 142/418/209
f 97/420/216 851/17/216 36/17/216
f 402/421/217 647/419/217 403/419/217
f 277/54/218 1041/422/218 278/422/218
f 94/423/215 852/420/215 97/420/215
f 362/424/219 648/421/219 402/421/219
f 279/425/220 1040/54/220 277/54/220
f 435/426/216 853/423/216 94/423/216
f 401/427/221 649/424/221 362/424/221
f 232/50/103 1042/425/103 279/425/103
f 437/74/215 854/426/215 435/426/215
f 401/427/222 651/428/222 650/427/222
f 436/429/223 855/74/223 437/74/223
f 405/430/224 651/428/224 400/428/224
f 346/431/225 856/429/225 436/429/225
f 404/432/219 652/430/219 405/430/219
f 35/433/226 857/431/226 346/431/226
f 214/434/227 653/432/227 404/432/227
f 34/435/228 858/433/228 35/433/228
f 253/436/229 654/434/229 214/434/229
f 278/422/220 1045/57/220 276/57/220
f 32/437/230 859/435/230 34/435/230
f 366/438/231 655/436/231 253/436/231
f 276/57/232 1027/83/232 266/83/232
f 33/439/233 860/437/233 32/437/233
f 366/438/227 657/440/227 656/438/227
f 268/59/103 1046/85/103 165/58/103
f 30/441/234 861/439/234 33/439/234
f 372/442/231 657/440/231 365/443/231
f 31/16/235 862/441/235 30/441/235
f 353/444/236 658/445/236 372/442/236
f 11/446/237 863/16/237 31/16/237
f 397/447/238 659/444/238 353/444/238
f 106/448/214 611/316/214 38/316/214
f 398/449/239 660/447/239 397/447/239
f 282/44/240 1048/450/240 281/60/240
f 98/451/165 864/448/165 106/448/165
f 399/452/241 661/449/241 398/449/241
f 165/58/242 1028/84/242 234/43/242
f 95/415/214 865/451/214 98/451/214
f 115/453/239 662/452/239 399/452/239
f 281/60/220 1036/61/220 280/61/220
f 182/19/243 866/454/243 179/454/243
f 116/455/241 663/453/241 115/453/241
f 335/456/244 867/19/244 182/19/244
f 52/457/245 664/455/245 116/455/245
f 334/458/246 868/456/246 335/456/246
f 498/459/245 665/457/245 52/457/245
f 20/460/247 869/458/247 334/458/247
f 497/247/248 666/459/248 498/459/248
f 21/461/249 870/460/249 20/460/249
f 500/248/168 667/247/168 497/247/168
f 79/462/250 871/461/250 21/461/250
f 342/114/251 669/463/251 668/114/251
f 79/462/252 873/21/252 872/462/252
f 200/464/253 669/463/253 343/463/253
f 78/21/254 874/76/254 873/21/254
f 199/465/27 670/464/27 200/464/27
f 82/219/99 874/76/99 80/76/99
f 251/466/251 671/465/251 199/465/251
f 337/467/97 577/20/97 300/20/97
f 204/468/255 672/466/255 251/466/255
f 338/469/256 875/467/256 337/467/256
f 348/470/257 673/468/257 204/468/257
f 336/471/258 876/469/258 338/469/258
f 415/472/259 674/470/259 348/470/259
f 177/473/260 877/471/260 336/471/260
f 424/474/251 675/472/251 415/472/251
f 178/475/256 878/473/256 177/473/256
f 424/474/259 677/476/259 676/474/259
f 179/454/258 879/475/258 178/475/258
f 101/477/255 677/476/255 416/476/255
f 292/478/261 880/479/261 881/478/261
f 41/12/255 678/477/255 101/477/255
f 153/480/262 880/479/262 191/479/262
f 39/481/263 679/12/263 41/12/263
f 154/482/261 882/480/261 153/480/261
f 40/11/264 680/481/264 39/481/264
f 155/483/195 883/482/195 154/482/195
f 100/484/265 681/11/265 40/11/265
f 193/485/200 884/483/200 155/483/200
f 99/486/264 682/484/264 100/484/264
f 192/487/195 885/485/195 193/485/195
f 423/488/265 683/486/265 99/486/265
f 192/487/200 887/489/200 886/490/200
f 421/491/264 684/488/264 423/488/264
f 217/489/195 832/369/195 887/489/195
f 422/492/266 685/491/266 421/491/266
f 107/160/267 702/493/267 108/493/267
f 422/492/268 687/494/268 686/495/268
f 347/496/269 687/494/269 417/494/269
f 187/497/270 889/156/270 151/156/270
f 355/498/271 688/496/271 347/496/271
f 185/499/48 890/497/48 187/497/48
f 203/500/272 689/498/272 355/498/272
f 186/501/50 891/499/50 185/499/50
f 208/502/268 690/500/268 203/500/268
f 150/503/273 892/501/273 186/501/273
f 356/504/274 691/502/274 208/502/274
f 289/505/275 893/503/275 150/503/275
f 354/506/276 692/504/276 356/504/276
f 287/507/277 894/505/277 289/505/277
f 354/506/267 694/508/267 693/506/267
f 287/507/277 896/23/277 895/509/277
f 420/510/268 694/508/268 419/508/268
f 293/511/278 896/23/278 288/23/278
f 418/512/267 695/510/267 420/510/267
f 291/22/278 897/511/278 293/511/278
f 109/513/279 696/512/279 418/512/279
f 290/514/278 898/22/278 291/22/278
f 110/515/267 697/513/267 109/513/267
f 290/514/280 881/478/280 899/514/280
f 49/516/268 698/515/268 110/515/268
f 2/24/15 900/25/15 517/25/15
f 50/517/267 699/516/267 49/516/267
f 517/25/168 830/26/168 516/26/168
f 111/518/281 700/517/281 50/517/281
f 363/519/71 901/188/71 360/188/71
f 108/493/267 701/518/267 111/518/267
f 210/520/63 902/519/63 363/519/63
f 213/521/68 903/520/68 210/520/68
f 3/75/114 703/10/114 4/10/114
f 364/522/282 904/521/282 213/521/282
f 361/523/68 905/522/68 364/522/68
f 12/524/283 704/446/283 11/446/283
f 454/525/282 906/523/282 361/523/282
f 29/526/284 705/524/284 12/524/284
f 453/527/68 907/525/68 454/525/68
f 27/528/235 706/526/235 29/526/235
f 58/529/285 908/527/285 453/527/285
f 27/528/286 708/530/286 707/528/286
f 126/531/287 909/529/287 58/529/287
f 10/532/284 708/530/284 28/530/284
f 125/533/285 910/531/285 126/531/285
f 9/534/288 709/532/288 10/532/288
f 136/535/287 911/533/287 125/533/287
f 8/536/289 710/534/289 9/534/289
f 132/29/290 912/535/290 136/535/290
f 307/537/291 711/536/291 8/536/291
f 133/538/292 913/29/292 132/29/292
f 308/539/293 712/537/293 307/537/293
f 133/538/290 915/540/290 914/541/290
f 308/539/291 714/542/291 713/543/291
f 64/544/294 915/540/294 63/545/294
f 304/546/295 714/542/295 305/542/295
f 65/547/296 916/544/296 64/544/296
f 306/548/297 715/546/297 304/546/297
f 135/549/298 917/547/298 65/547/298
f 303/550/299 716/548/299 306/548/299
f 134/28/296 918/549/296 135/549/296
f 302/551/300 717/550/300 303/550/300
f 438/552/298 919/28/298 134/28/298
f 302/551/301 719/553/301 718/551/301
f 439/554/296 920/552/296 438/552/296
f 5/555/302 719/553/302 7/553/302
f 440/556/303 921/554/303 439/554/303
f 6/224/304 720/557/304 5/555/304
f 371/27/296 922/556/296 440/556/296
f 377/558/305 923/27/305 371/27/305
f 42/559/306 722/221/306 44/221/306
f 218/560/307 924/558/307 377/558/307
f 102/561/308 723/559/308 42/559/308
f 218/560/303 926/562/303 925/560/303
f 406/563/308 724/561/308 102/561/308
f 379/564/309 926/562/309 221/562/309
f 409/565/100 725/563/100 406/563/100
f 378/566/310 927/564/310 379/564/310
f 409/565/311 727/567/311 726/565/311
f 443/568/309 928/566/309 378/566/309
f 411/569/312 727/567/312 410/567/312
f 442/570/298 929/568/298 443/568/298
f 349/571/313 728/569/313 411/569/313
f 441/572/309 930/570/309 442/570/309
f 350/573/16 729/571/16 349/571/16
f 146/574/54 526/155/54 391/155/54
f 138/575/314 931/572/314 441/572/314
f 205/576/315 730/577/315 350/573/315
f 147/578/316 525/574/316 146/574/316
f 140/579/309 932/580/309 138/575/309
f 202/581/312 731/576/312 205/576/312
f 86/582/54 527/578/54 147/578/54
f 70/583/314 933/584/314 140/579/314
f 201/585/16 732/581/16 202/581/16
f 87/586/316 528/582/316 86/582/316
f 275/587/309 934/583/309 70/583/309
f 345/88/317 733/585/317 201/585/317
f 23/325/54 529/586/54 87/586/54
f 283/90/318 935/587/318 275/587/318
f 146/574/1 391/155/1 390/152/1
f 392/148/1 393/144/1 384/64/1
f 390/152/1 392/148/1 384/64/1
f 384/64/1 389/137/1 223/63/1
f 223/63/319 226/129/319 227/126/319
f 223/63/1 227/126/1 198/122/1
f 384/64/1 223/63/1 198/122/1
f 197/1/1 196/115/1 156/2/1
f 384/64/1 198/122/1 197/1/1
f 158/104/320 157/101/320 524/98/320
f 523/96/321 522/93/321 520/92/321
f 158/104/1 524/98/1 523/96/1
f 158/104/1 523/96/1 520/92/1
f 23/325/1 87/586/1 86/582/1
f 86/582/1 147/578/1 146/574/1
f 86/582/322 146/574/322 390/152/322
f 1/3/1 23/325/1 86/582/1
f 158/104/1 520/92/1 1/3/1
f 159/111/1 158/104/1 1/3/1
f 1/3/1 86/582/1 390/152/1
f 1/3/1 390/152/1 384/64/1
f 156/2/1 159/111/1 1/3/1
f 1/3/1 384/64/1 197/1/1
f 385/4/323 386/158/323 387/67/323
f 387/67/1 394/240/1 396/66/1
f 396/66/1 395/234/1 148/230/1
f 148/230/1 149/227/1 93/225/1
f 93/225/1 83/222/1 81/220/1
f 81/220/1 82/219/1 300/20/1
f 298/215/1 299/213/1 180/65/1
f 81/220/1 300/20/1 298/215/1
f 148/230/1 93/225/1 81/220/1
f 385/4/1 387/67/1 396/66/1
f 396/66/1 148/230/1 81/220/1
f 81/220/1 298/215/1 180/65/1
f 181/209/1 183/207/1 250/206/1
f 81/220/1 180/65/1 181/209/1
f 385/4/1 396/66/1 81/220/1
f 224/6/1 388/162/1 385/4/1
f 194/170/1 225/168/1 224/6/1
f 518/178/1 519/175/1 195/172/1
f 518/178/324 195/172/324 194/170/324
f 513/184/1 521/181/1 518/178/1
f 236/190/1 509/187/1 513/184/1
f 511/194/1 510/192/1 236/190/1
f 272/198/319 512/196/319 511/194/319
f 249/5/1 274/202/1 273/200/1
f 273/200/1 272/198/1 511/194/1
f 236/190/1 513/184/1 518/178/1
f 273/200/1 511/194/1 236/190/1
f 181/209/1 250/206/1 249/5/1
f 273/200/1 236/190/1 518/178/1
f 81/220/1 181/209/1 249/5/1
f 249/5/1 273/200/1 518/178/1
f 249/5/1 518/178/1 194/170/1
f 385/4/1 81/220/1 249/5/1
f 249/5/1 194/170/1 224/6/1
f 496/252/15 499/247/15 500/248/15
f 500/248/114 497/247/114 498/459/114
f 52/457/1 116/455/1 115/453/1
f 500/248/1 498/459/1 52/457/1
f 496/252/1 500/248/1 52/457/1
f 52/457/1 115/453/1 399/452/1
f 398/449/1 397/447/1 353/444/1
f 52/457/1 399/452/1 398/449/1
f 496/252/1 52/457/1 398/449/1
f 398/449/325 353/444/325 372/442/325
f 365/443/1 366/438/1 253/436/1
f 398/449/326 372/442/326 365/443/326
f 495/255/1 496/252/1 398/449/1
f 494/257/1 495/255/1 398/449/1
f 494/257/1 398/449/1 365/443/1
f 503/260/1 494/257/1 365/443/1
f 503/260/1 365/443/1 253/436/1
f 504/264/1 503/260/1 253/436/1
f 214/434/1 404/432/1 405/430/1
f 504/264/327 253/436/327 214/434/327
f 502/267/1 504/264/1 214/434/1
f 502/267/1 214/434/1 405/430/1
f 501/270/1 502/267/1 405/430/1
f 400/428/1 401/427/1 362/424/1
f 508/273/1 501/270/1 405/430/1
f 400/428/1 362/424/1 402/421/1
f 508/273/1 405/430/1 400/428/1
f 506/277/1 508/273/1 400/428/1
f 400/428/1 402/421/1 403/419/1
f 142/418/1 143/416/1 75/412/1
f 400/428/1 403/419/1 142/418/1
f 507/282/1 506/277/1 400/428/1
f 492/292/1 493/289/1 505/286/1
f 505/286/1 507/282/1 400/428/1
f 400/428/1 142/418/1 75/412/1
f 75/412/1 74/410/1 76/408/1
f 76/408/1 77/405/1 470/403/1
f 466/401/1 469/399/1 18/397/1
f 76/408/1 470/403/1 466/401/1
f 400/428/1 75/412/1 76/408/1
f 492/292/1 505/286/1 400/428/1
f 490/295/1 492/292/1 400/428/1
f 400/428/1 76/408/1 466/401/1
f 18/397/1 467/393/1 468/390/1
f 400/428/1 466/401/1 18/397/1
f 489/297/1 490/295/1 400/428/1
f 491/299/1 489/297/1 400/428/1
f 400/428/1 18/397/1 468/390/1
f 400/428/1 468/390/1 473/386/1
f 491/299/1 400/428/1 473/386/1
f 491/299/1 473/386/1 472/383/1
f 488/301/1 491/299/1 472/383/1
f 471/380/1 480/377/1 479/374/1
f 488/301/1 472/383/1 471/380/1
f 47/310/1 487/307/1 486/304/1
f 486/304/1 488/301/1 471/380/1
f 471/380/1 479/374/1 477/371/1
f 477/371/1 476/367/1 301/366/1
f 301/366/1 478/365/1 485/364/1
f 301/366/1 485/364/1 484/362/1
f 471/380/1 477/371/1 301/366/1
f 47/310/1 486/304/1 471/380/1
f 38/316/1 46/313/1 47/310/1
f 1/3/1 3/75/1 38/316/1
f 23/325/1 1/3/1 38/316/1
f 38/316/1 47/310/1 471/380/1
f 38/316/1 471/380/1 301/366/1
f 22/324/1 23/325/1 38/316/1
f 85/332/1 88/329/1 22/324/1
f 144/9/1 145/342/1 84/335/1
f 84/335/1 85/332/1 22/324/1
f 22/324/1 38/316/1 301/366/1
f 22/324/1 301/366/1 484/362/1
f 144/9/328 84/335/328 22/324/328
f 475/354/1 474/346/1 144/9/1
f 481/353/1 475/354/1 144/9/1
f 144/9/1 22/324/1 484/362/1
f 144/9/1 484/362/1 483/7/1
f 482/8/1 481/353/1 144/9/1
f 200/464/1 343/463/1 342/114/1
f 342/114/1 414/110/1 425/106/1
f 425/106/1 413/103/1 25/100/1
f 26/70/1 407/95/1 412/69/1
f 412/69/319 408/91/319 344/87/319
f 344/87/319 345/88/319 201/585/319
f 204/468/1 251/466/1 199/465/1
f 415/472/329 348/470/329 204/468/329
f 101/477/1 416/476/1 424/474/1
f 424/474/1 415/472/1 204/468/1
f 41/12/1 101/477/1 424/474/1
f 40/11/1 39/481/1 41/12/1
f 99/486/1 100/484/1 40/11/1
f 421/491/1 423/488/1 99/486/1
f 347/496/1 417/494/1 422/492/1
f 421/491/330 99/486/330 40/11/330
f 205/576/331 350/573/331 349/571/331
f 349/571/1 411/569/1 410/567/1
f 409/565/1 406/563/1 102/561/1
f 409/565/1 102/561/1 42/559/1
f 42/559/1 44/221/1 6/224/1
f 42/559/1 6/224/1 5/555/1
f 409/565/1 42/559/1 5/555/1
f 7/553/1 302/551/1 303/550/1
f 409/565/1 5/555/1 7/553/1
f 410/567/1 409/565/1 7/553/1
f 7/553/1 303/550/1 306/548/1
f 7/553/1 306/548/1 304/546/1
f 349/571/1 410/567/1 7/553/1
f 205/576/1 349/571/1 7/553/1
f 7/553/1 304/546/1 305/542/1
f 308/539/1 307/537/1 8/536/1
f 205/576/1 7/553/1 305/542/1
f 205/576/1 305/542/1 308/539/1
f 202/581/1 205/576/1 308/539/1
f 201/585/1 202/581/1 308/539/1
f 344/87/319 201/585/319 308/539/319
f 412/69/1 344/87/1 308/539/1
f 26/70/1 412/69/1 308/539/1
f 25/100/1 26/70/1 308/539/1
f 425/106/1 25/100/1 308/539/1
f 342/114/1 425/106/1 308/539/1
f 200/464/321 342/114/321 308/539/321
f 199/465/1 200/464/1 308/539/1
f 204/468/1 199/465/1 308/539/1
f 203/500/1 355/498/1 347/496/1
f 354/506/332 356/504/332 208/502/332
f 420/510/1 419/508/1 354/506/1
f 109/513/1 418/512/1 420/510/1
f 49/516/1 110/515/1 109/513/1
f 108/493/1 111/518/1 50/517/1
f 49/516/333 109/513/333 420/510/333
f 4/10/1 108/493/1 50/517/1
f 4/10/1 50/517/1 49/516/1
f 12/524/1 11/446/1 3/75/1
f 27/528/1 29/526/1 12/524/1
f 10/532/1 28/530/1 27/528/1
f 9/534/1 10/532/1 27/528/1
f 27/528/1 12/524/1 3/75/1
f 4/10/1 49/516/1 420/510/1
f 4/10/1 420/510/1 354/506/1
f 9/534/1 27/528/1 3/75/1
f 8/536/1 9/534/1 3/75/1
f 4/10/1 354/506/1 208/502/1
f 4/10/1 208/502/1 203/500/1
f 8/536/1 3/75/1 4/10/1
f 308/539/1 8/536/1 4/10/1
f 4/10/1 203/500/1 347/496/1
f 4/10/1 347/496/1 422/492/1
f 204/468/1 308/539/1 4/10/1
f 424/474/1 204/468/1 4/10/1
f 4/10/1 422/492/1 421/491/1
f 4/10/1 421/491/1 40/11/1
f 41/12/1 424/474/1 4/10/1
f 254/124/1 382/117/1 369/118/1
f 369/118/1 429/409/1 430/406/1
f 430/406/1 431/404/1 131/402/1
f 131/402/1 130/400/1 61/398/1
f 62/395/1 129/396/1 128/388/1
f 128/388/1 434/389/1 432/381/1
f 432/381/1 433/382/1 368/375/1
f 368/375/1 370/372/1 215/368/1
f 215/368/1 216/370/1 4/10/1
f 4/10/1 2/24/1 516/26/1
f 514/361/1 515/359/1 92/356/1
f 4/10/1 516/26/1 514/361/1
f 368/375/1 215/368/1 4/10/1
f 62/395/334 128/388/334 432/381/334
f 432/381/1 368/375/1 4/10/1
f 4/10/1 514/361/1 92/356/1
f 4/10/1 92/356/1 91/351/1
f 62/395/1 432/381/1 4/10/1
f 61/398/1 62/395/1 4/10/1
f 4/10/1 91/351/1 89/348/1
f 89/348/1 90/344/1 24/340/1
f 24/340/1 325/337/1 324/334/1
f 323/331/1 322/328/1 176/323/1
f 324/334/1 323/331/1 176/323/1
f 175/320/1 312/318/1 326/315/1
f 324/334/1 176/323/1 175/320/1
f 4/10/1 89/348/1 24/340/1
f 24/340/1 324/334/1 175/320/1
f 24/340/1 175/320/1 326/315/1
f 61/398/1 4/10/1 24/340/1
f 369/118/335 430/406/335 131/402/335
f 131/402/1 61/398/1 24/340/1
f 24/340/1 326/315/1 327/312/1
f 327/312/1 314/309/1 313/306/1
f 19/303/1 329/300/1 328/73/1
f 327/312/1 313/306/1 19/303/1
f 131/402/1 24/340/1 327/312/1
f 254/124/336 369/118/336 131/402/336
f 222/132/1 256/125/1 254/124/1
f 380/140/337 381/131/337 222/132/337
f 427/143/337 383/139/337 380/140/337
f 139/153/1 428/150/1 426/146/1
f 426/146/1 427/143/1 380/140/1
f 380/140/332 222/132/332 254/124/332
f 254/124/1 131/402/1 327/312/1
f 327/312/1 19/303/1 328/73/1
f 328/73/1 331/296/1 330/294/1
f 330/294/1 333/291/1 332/288/1
f 315/285/1 310/280/1 311/275/1
f 330/294/1 332/288/1 315/285/1
f 254/124/1 327/312/1 328/73/1
f 328/73/1 330/294/1 315/285/1
f 311/275/1 309/272/1 173/269/1
f 328/73/1 315/285/1 311/275/1
f 380/140/1 254/124/1 328/73/1
f 426/146/1 380/140/1 328/73/1
f 311/275/1 173/269/1 172/266/1
f 139/153/1 426/146/1 328/73/1
f 71/161/1 141/157/1 139/153/1
f 73/166/1 72/167/1 71/161/1
f 319/171/1 321/169/1 73/166/1
f 17/177/1 320/174/1 319/171/1
f 316/183/1 317/180/1 17/177/1
f 164/189/1 318/186/1 316/183/1
f 163/193/1 162/191/1 164/189/1
f 161/197/1 160/195/1 163/193/1
f 163/193/1 164/189/1 316/183/1
f 163/193/1 316/183/1 17/177/1
f 319/171/1 73/166/1 71/161/1
f 71/161/1 139/153/1 328/73/1
f 311/275/1 172/266/1 170/263/1
f 17/177/1 319/171/1 71/161/1
f 163/193/1 17/177/1 71/161/1
f 328/73/1 311/275/1 170/263/1
f 170/263/1 247/259/1 243/256/1
f 243/256/1 270/254/1 269/250/1
f 169/246/1 244/244/1 242/242/1
f 243/256/1 269/250/1 169/246/1
f 328/73/1 170/263/1 243/256/1
f 163/193/1 71/161/1 328/73/1
f 161/197/1 163/193/1 328/73/1
f 328/73/1 243/256/1 169/246/1
f 242/242/1 263/239/1 261/237/1
f 328/73/1 169/246/1 242/242/1
f 168/199/1 161/197/1 328/73/1
f 174/201/1 168/199/1 328/73/1
f 328/73/1 242/242/1 261/237/1
f 261/237/1 262/233/1 167/229/1
f 166/13/1 246/53/1 241/588/1
f 261/237/1 167/229/1 166/13/1
f 174/201/1 328/73/1 261/237/1
f 245/72/338 248/205/338 171/71/338
f 171/71/1 174/201/1 261/237/1
f 166/13/1 241/588/1 240/52/1
f 171/71/1 261/237/1 166/13/1
f 264/15/339 271/208/339 245/72/339
f 245/72/340 171/71/340 166/13/340
f 166/13/1 240/52/1 233/42/1
f 229/14/1 267/41/1 265/212/1
f 166/13/1 233/42/1 229/14/1
f 264/15/341 245/72/341 166/13/341
f 229/14/342 265/212/342 264/15/342
f 37/18/1 96/414/1 95/415/1
f 98/451/1 106/448/1 38/316/1
f 98/451/1 38/316/1 3/75/1
f 3/75/1 11/446/1 31/16/1
f 31/16/1 30/441/1 33/439/1
f 33/439/1 32/437/1 34/435/1
f 34/435/319 35/433/319 346/431/319
f 346/431/1 436/429/1 437/74/1
f 437/74/1 435/426/1 94/423/1
f 94/423/1 97/420/1 36/17/1
f 437/74/343 94/423/343 36/17/343
f 34/435/1 346/431/1 437/74/1
f 31/16/1 33/439/1 34/435/1
f 98/451/1 3/75/1 31/16/1
f 95/415/1 98/451/1 31/16/1
f 31/16/1 34/435/1 437/74/1
f 31/16/1 437/74/1 36/17/1
f 37/18/1 95/415/1 31/16/1
f 182/19/1 179/454/1 178/475/1
f 177/473/1 336/471/1 338/469/1
f 182/19/1 178/475/1 177/473/1
f 334/458/1 335/456/1 182/19/1
f 79/462/1 21/461/1 20/460/1
f 20/460/1 334/458/1 182/19/1
f 182/19/1 177/473/1 338/469/1
f 338/469/1 337/467/1 300/20/1
f 300/20/1 82/219/1 80/76/1
f 78/21/1 79/462/1 20/460/1
f 300/20/1 80/76/1 78/21/1
f 182/19/1 338/469/1 300/20/1
f 78/21/1 20/460/1 182/19/1
f 153/480/1 191/479/1 292/478/1
f 153/480/1 292/478/1 290/514/1
f 154/482/1 153/480/1 290/514/1
f 291/22/344 293/511/344 288/23/344
f 155/483/1 154/482/1 290/514/1
f 192/487/1 193/485/1 155/483/1
f 216/370/1 217/489/1 192/487/1
f 107/160/1 108/493/1 4/10/1
f 185/499/1 187/497/1 151/156/1
f 151/156/1 107/160/1 4/10/1
f 4/10/1 216/370/1 192/487/1
f 4/10/1 192/487/1 155/483/1
f 185/499/1 151/156/1 4/10/1
f 150/503/1 186/501/1 185/499/1
f 287/507/1 289/505/1 150/503/1
f 288/23/1 287/507/1 150/503/1
f 150/503/1 185/499/1 4/10/1
f 4/10/1 155/483/1 290/514/1
f 4/10/1 290/514/1 291/22/1
f 288/23/1 150/503/1 4/10/1
f 210/520/337 363/519/337 360/188/337
f 360/188/1 445/185/1 449/182/1
f 449/182/1 444/179/1 119/176/1
f 119/176/1 120/173/1 54/79/1
f 55/78/1 118/165/1 117/163/1
f 55/78/345 117/163/345 112/159/345
f 112/159/1 107/160/1 151/156/1
f 152/77/1 184/149/1 294/145/1
f 112/159/1 151/156/1 152/77/1
f 55/78/1 112/159/1 152/77/1
f 152/77/1 294/145/1 295/141/1
f 209/138/1 358/134/1 357/130/1
f 152/77/1 295/141/1 209/138/1
f 54/79/1 55/78/1 152/77/1
f 119/176/1 54/79/1 152/77/1
f 152/77/1 209/138/1 357/130/1
f 357/130/1 359/127/1 448/123/1
f 446/119/1 447/116/1 297/112/1
f 357/130/1 448/123/1 446/119/1
f 119/176/1 152/77/1 357/130/1
f 449/182/1 119/176/1 357/130/1
f 357/130/1 446/119/1 297/112/1
f 297/112/346 296/109/346 452/105/346
f 450/102/320 451/99/320 367/97/320
f 297/112/1 452/105/1 450/102/1
f 449/182/1 357/130/1 297/112/1
f 360/188/1 449/182/1 297/112/1
f 297/112/1 450/102/1 367/97/1
f 373/94/337 376/36/337 286/89/337
f 297/112/1 367/97/1 373/94/1
f 210/520/1 360/188/1 297/112/1
f 361/523/1 364/522/1 213/521/1
f 213/521/1 210/520/1 297/112/1
f 297/112/1 373/94/1 286/89/1
f 286/89/1 283/90/1 275/587/1
f 70/583/320 140/579/320 138/575/320
f 286/89/1 275/587/1 70/583/1
f 213/521/1 297/112/1 286/89/1
f 453/527/1 454/525/1 361/523/1
f 361/523/1 213/521/1 286/89/1
f 286/89/1 70/583/1 138/575/1
f 138/575/1 441/572/1 442/570/1
f 442/570/1 443/568/1 378/566/1
f 378/566/347 379/564/347 221/562/347
f 218/560/1 377/558/1 371/27/1
f 442/570/348 378/566/348 221/562/348
f 138/575/349 442/570/349 221/562/349
f 453/527/1 361/523/1 286/89/1
f 125/533/1 126/531/1 58/529/1
f 58/529/1 453/527/1 286/89/1
f 286/89/1 138/575/1 221/562/1
f 286/89/1 221/562/1 218/560/1
f 125/533/1 58/529/1 286/89/1
f 132/29/1 136/535/1 125/533/1
f 63/545/1 133/538/1 132/29/1
f 65/547/1 64/544/1 63/545/1
f 134/28/1 135/549/1 65/547/1
f 439/554/1 438/552/1 134/28/1
f 371/27/1 440/556/1 439/554/1
f 286/89/1 218/560/1 371/27/1
f 132/29/1 125/533/1 286/89/1
f 65/547/1 63/545/1 132/29/1
f 371/27/1 439/554/1 134/28/1
f 134/28/1 65/547/1 132/29/1
f 132/29/1 286/89/1 371/27/1
f 255/30/1 220/80/1 284/31/1
f 285/32/350 286/89/350 376/36/350
f 376/36/351 374/33/351 255/30/351
f 53/214/1 114/210/1 113/211/1
f 113/211/1 460/363/1 461/360/1
f 459/358/1 462/355/1 121/350/1
f 53/214/352 113/211/352 461/360/352
f 6/224/1 44/221/1 43/218/1
f 104/228/1 105/226/1 45/223/1
f 45/223/1 6/224/1 43/218/1
f 45/223/1 43/218/1 48/217/1
f 103/232/1 104/228/1 45/223/1
f 465/238/1 464/236/1 103/232/1
f 351/243/1 463/241/1 465/238/1
f 206/249/1 352/245/1 351/243/1
f 103/232/1 45/223/1 48/217/1
f 103/232/1 48/217/1 51/216/1
f 465/238/1 103/232/1 51/216/1
f 465/238/1 51/216/1 53/214/1
f 351/243/1 465/238/1 53/214/1
f 351/243/1 53/214/1 461/360/1
f 206/249/1 351/243/1 461/360/1
f 206/249/1 461/360/1 459/358/1
f 207/253/1 206/249/1 459/358/1
f 121/350/1 122/347/1 56/343/1
f 207/253/1 459/358/1 121/350/1
f 212/261/353 252/258/353 211/39/353
f 211/39/1 207/253/1 121/350/1
f 121/350/1 56/343/1 57/339/1
f 59/336/1 124/333/1 123/330/1
f 211/39/1 121/350/1 57/339/1
f 211/39/1 57/339/1 59/336/1
f 190/265/1 212/261/1 211/39/1
f 68/278/1 189/271/1 188/268/1
f 188/268/1 190/265/1 211/39/1
f 211/39/1 59/336/1 123/330/1
f 123/330/1 458/326/1 457/321/1
f 456/319/1 455/317/1 127/314/1
f 211/39/1 123/330/1 457/321/1
f 211/39/1 457/321/1 456/319/1
f 68/278/1 188/268/1 211/39/1
f 16/283/1 69/284/1 68/278/1
f 339/293/1 14/290/1 15/287/1
f 16/283/1 68/278/1 211/39/1
f 341/38/1 339/293/1 15/287/1
f 15/287/1 16/283/1 211/39/1
f 211/39/1 456/319/1 127/314/1
f 127/314/1 137/311/1 60/308/1
f 67/305/1 66/302/1 13/37/1
f 211/39/1 127/314/1 60/308/1
f 60/308/1 67/305/1 13/37/1
f 13/37/1 340/298/1 341/38/1
f 341/38/1 15/287/1 211/39/1
f 211/39/1 60/308/1 13/37/1
f 235/40/1 266/83/1 267/41/1
f 267/41/1 229/14/1 233/42/1
f 282/44/354 234/43/354 230/47/354
f 230/47/6 231/46/6 233/42/6
f 233/42/6 280/61/6 282/44/6
f 259/51/1 260/55/1 240/52/1
f 240/52/1 241/588/1 246/53/1
f 246/53/1 268/59/1 259/51/1
f 277/54/1 278/422/1 239/49/1
f 239/49/1 230/47/1 232/50/1
f 232/50/1 279/425/1 277/54/1
f 260/55/1 258/86/1 238/56/1
f 239/49/1 278/422/1 276/57/1
f 276/57/1 266/83/1 235/40/1
f 235/40/1 231/46/1 257/48/1
f 257/48/1 239/49/1 276/57/1
f 165/58/1 260/55/1 259/51/1
f 281/60/6 237/62/6 258/86/6
f 258/86/1 260/55/1 165/58/1
f 165/58/1 234/43/1 228/45/1
f 228/45/1 282/44/1 281/60/1
f 281/60/1 258/86/1 165/58/1
f 237/62/1 281/60/1 280/61/1
f 280/61/1 233/42/1 240/52/1
f 238/56/355 258/86/355 237/62/355
f 280/61/1 240/52/1 238/56/1
f 525/574/6 527/578/6 528/582/6
f 528/582/6 529/586/6 530/325/6
f 532/92/356 533/93/356 534/96/356
f 534/96/6 535/98/6 536/101/6
f 534/96/6 536/101/6 537/108/6
f 531/3/6 532/92/6 534/96/6
f 528/582/6 530/325/6 531/3/6
f 550/152/6 526/155/6 525/574/6
f 525/574/6 528/582/6 531/3/6
f 531/3/6 534/96/6 537/108/6
f 531/3/6 537/108/6 538/107/6
f 550/152/6 525/574/6 531/3/6
f 547/64/6 548/144/6 549/148/6
f 549/148/6 550/152/6 531/3/6
f 531/3/6 538/107/6 539/2/6
f 539/2/6 540/115/6 541/1/6
f 542/122/6 543/126/6 544/133/6
f 531/3/6 539/2/6 541/1/6
f 542/122/6 544/133/6 545/63/6
f 531/3/6 541/1/6 542/122/6
f 547/64/6 549/148/6 531/3/6
f 545/63/6 546/137/6 547/64/6
f 531/3/6 542/122/6 545/63/6
f 551/4/6 553/162/6 554/6/6
f 554/6/6 555/168/6 556/170/6
f 557/172/6 558/175/6 559/178/6
f 556/170/357 557/172/357 559/178/357
f 559/178/6 560/181/6 561/184/6
f 561/184/6 562/187/6 563/190/6
f 563/190/6 564/192/6 565/194/6
f 565/194/6 566/196/6 567/198/6
f 568/203/6 569/202/6 570/5/6
f 565/194/6 567/198/6 568/203/6
f 559/178/6 561/184/6 563/190/6
f 563/190/6 565/194/6 568/203/6
f 570/5/6 571/206/6 572/207/6
f 559/178/6 563/190/6 568/203/6
f 570/5/6 572/207/6 573/209/6
f 559/178/6 568/203/6 570/5/6
f 556/170/6 559/178/6 570/5/6
f 570/5/6 573/209/6 574/65/6
f 574/65/6 575/213/6 576/215/6
f 576/215/6 577/20/6 578/219/6
f 578/219/358 579/220/358 580/222/358
f 581/225/6 582/231/6 583/235/6
f 578/219/6 580/222/6 581/225/6
f 574/65/6 576/215/6 578/219/6
f 556/170/6 570/5/6 574/65/6
f 554/6/6 556/170/6 574/65/6
f 574/65/6 578/219/6 581/225/6
f 583/235/6 584/234/6 585/66/6
f 574/65/6 581/225/6 583/235/6
f 551/4/6 554/6/6 574/65/6
f 587/67/6 552/158/6 551/4/6
f 585/66/6 586/240/6 587/67/6
f 574/65/6 583/235/6 585/66/6
f 587/67/6 551/4/6 574/65/6
f 589/248/114 588/247/114 590/252/114
f 666/459/1 667/247/1 589/248/1
f 663/453/6 664/455/6 665/457/6
f 665/457/6 666/459/6 589/248/6
f 665/457/6 589/248/6 590/252/6
f 662/452/6 663/453/6 665/457/6
f 659/444/6 660/447/6 661/449/6
f 661/449/6 662/452/6 665/457/6
f 661/449/6 665/457/6 590/252/6
f 658/445/359 659/444/359 661/449/359
f 655/436/6 656/438/6 657/440/6
f 657/440/360 658/445/360 661/449/360
f 661/449/6 590/252/6 591/255/6
f 661/449/6 591/255/6 592/257/6
f 657/440/6 661/449/6 592/257/6
f 657/440/6 592/257/6 593/260/6
f 655/436/6 657/440/6 593/260/6
f 655/436/6 593/260/6 594/264/6
f 652/430/6 653/432/6 654/434/6
f 654/434/6 655/436/6 594/264/6
f 654/434/6 594/264/6 595/267/6
f 652/430/6 654/434/6 595/267/6
f 652/430/6 595/267/6 596/270/6
f 649/424/6 650/427/6 651/428/6
f 652/430/6 596/270/6 597/273/6
f 648/421/6 649/424/6 651/428/6
f 651/428/6 652/430/6 597/273/6
f 651/428/6 597/273/6 598/277/6
f 647/419/6 648/421/6 651/428/6
f 644/417/6 645/416/6 646/418/6
f 646/418/6 647/419/6 651/428/6
f 651/428/6 598/277/6 599/282/6
f 600/286/6 601/289/6 602/292/6
f 651/428/6 599/282/6 600/286/6
f 644/417/6 646/418/6 651/428/6
f 642/408/6 643/413/6 644/417/6
f 640/403/6 641/405/6 642/408/6
f 637/397/6 638/399/6 639/401/6
f 639/401/6 640/403/6 642/408/6
f 642/408/6 644/417/6 651/428/6
f 651/428/6 600/286/6 602/292/6
f 651/428/6 602/292/6 603/295/6
f 639/401/6 642/408/6 651/428/6
f 635/394/6 636/393/6 637/397/6
f 637/397/6 639/401/6 651/428/6
f 651/428/6 603/295/6 604/297/6
f 651/428/6 604/297/6 605/299/6
f 635/394/6 637/397/6 651/428/6
f 634/386/6 635/394/6 651/428/6
f 634/386/6 651/428/6 605/299/6
f 633/387/6 634/386/6 605/299/6
f 633/387/6 605/299/6 606/301/6
f 630/374/6 631/377/6 632/380/6
f 632/380/6 633/387/6 606/301/6
f 607/304/6 608/307/6 609/310/6
f 632/380/6 606/301/6 607/304/6
f 629/371/6 630/374/6 632/380/6
f 627/366/6 628/367/6 629/371/6
f 625/364/6 626/365/6 627/366/6
f 624/362/6 625/364/6 627/366/6
f 627/366/6 629/371/6 632/380/6
f 632/380/6 607/304/6 609/310/6
f 609/310/6 610/313/6 611/316/6
f 611/316/6 612/75/6 531/3/6
f 611/316/6 531/3/6 530/325/6
f 632/380/6 609/310/6 611/316/6
f 627/366/6 632/380/6 611/316/6
f 611/316/6 530/325/6 613/324/6
f 613/324/6 614/329/6 615/332/6
f 616/335/6 617/338/6 618/9/6
f 613/324/6 615/332/6 616/335/6
f 627/366/6 611/316/6 613/324/6
f 624/362/6 627/366/6 613/324/6
f 613/324/361 616/335/361 618/9/361
f 618/9/6 619/346/6 620/349/6
f 618/9/6 620/349/6 621/353/6
f 624/362/6 613/324/6 618/9/6
f 623/7/6 624/362/6 618/9/6
f 618/9/6 621/353/6 622/68/6
f 668/114/356 669/463/356 670/464/356
f 671/465/6 672/466/6 673/468/6
f 673/468/6 674/470/6 675/472/6
f 676/474/6 677/476/6 678/477/6
f 673/468/6 675/472/6 676/474/6
f 676/474/6 678/477/6 679/12/6
f 679/12/6 680/481/6 681/11/6
f 681/11/6 682/484/6 683/486/6
f 683/486/6 684/488/6 685/491/6
f 686/495/6 687/494/6 688/496/6
f 681/11/362 683/486/362 685/491/362
f 742/106/6 743/110/6 668/114/6
f 740/100/6 741/103/6 742/106/6
f 737/69/6 738/95/6 739/70/6
f 735/87/356 736/91/356 737/69/356
f 733/585/6 734/88/6 735/87/6
f 688/496/6 689/498/6 690/500/6
f 691/502/356 692/504/356 693/506/356
f 693/506/6 694/508/6 695/510/6
f 695/510/6 696/512/6 697/513/6
f 697/513/6 698/515/6 699/516/6
f 700/517/6 701/518/6 702/493/6
f 695/510/6 697/513/6 699/516/6
f 700/517/6 702/493/6 703/10/6
f 699/516/6 700/517/6 703/10/6
f 612/75/6 704/446/6 705/524/6
f 705/524/6 706/526/6 707/528/6
f 707/528/6 708/530/6 709/532/6
f 707/528/6 709/532/6 710/534/6
f 612/75/6 705/524/6 707/528/6
f 695/510/6 699/516/6 703/10/6
f 693/506/6 695/510/6 703/10/6
f 612/75/6 707/528/6 710/534/6
f 711/536/6 712/537/6 713/543/6
f 612/75/6 710/534/6 711/536/6
f 691/502/6 693/506/6 703/10/6
f 690/500/6 691/502/6 703/10/6
f 703/10/6 612/75/6 711/536/6
f 703/10/6 711/536/6 713/543/6
f 688/496/6 690/500/6 703/10/6
f 686/495/6 688/496/6 703/10/6
f 703/10/6 713/543/6 714/542/6
f 715/546/6 716/548/6 717/550/6
f 703/10/6 714/542/6 715/546/6
f 685/491/6 686/495/6 703/10/6
f 681/11/6 685/491/6 703/10/6
f 703/10/6 715/546/6 717/550/6
f 717/550/6 718/551/6 719/553/6
f 720/557/6 721/224/6 722/221/6
f 703/10/6 717/550/6 719/553/6
f 719/553/6 720/557/6 722/221/6
f 719/553/6 722/221/6 723/559/6
f 679/12/6 681/11/6 703/10/6
f 676/474/6 679/12/6 703/10/6
f 719/553/6 723/559/6 724/561/6
f 724/561/6 725/563/6 726/565/6
f 727/567/6 728/569/6 729/571/6
f 719/553/6 724/561/6 726/565/6
f 719/553/6 726/565/6 727/567/6
f 673/468/6 676/474/6 703/10/6
f 671/465/6 673/468/6 703/10/6
f 703/10/6 719/553/6 727/567/6
f 729/571/357 730/577/357 731/576/357
f 703/10/6 727/567/6 729/571/6
f 670/464/6 671/465/6 703/10/6
f 668/114/6 670/464/6 703/10/6
f 703/10/6 729/571/6 731/576/6
f 703/10/6 731/576/6 732/581/6
f 742/106/6 668/114/6 703/10/6
f 740/100/6 742/106/6 703/10/6
f 703/10/6 732/581/6 733/585/6
f 703/10/363 733/585/363 735/87/363
f 739/70/6 740/100/6 703/10/6
f 703/10/6 735/87/6 737/69/6
f 744/118/6 745/121/6 746/120/6
f 746/120/6 747/125/6 748/128/6
f 748/128/364 749/136/364 750/135/364
f 750/135/360 751/139/360 752/147/360
f 753/151/6 754/154/6 755/153/6
f 750/135/6 752/147/6 753/151/6
f 746/120/6 748/128/6 750/135/6
f 846/406/6 847/411/6 744/118/6
f 746/120/6 750/135/6 753/151/6
f 846/406/365 744/118/365 746/120/365
f 844/402/6 845/407/6 846/406/6
f 842/398/6 843/400/6 844/402/6
f 839/392/6 840/391/6 841/395/6
f 837/385/6 838/384/6 839/392/6
f 835/379/6 836/378/6 837/385/6
f 833/373/6 834/376/6 835/379/6
f 703/10/6 832/369/6 833/373/6
f 830/26/6 831/24/6 703/10/6
f 827/356/6 828/359/6 829/361/6
f 829/361/6 830/26/6 703/10/6
f 703/10/6 833/373/6 835/379/6
f 837/385/366 839/392/366 841/395/366
f 703/10/6 835/379/6 837/385/6
f 827/356/6 829/361/6 703/10/6
f 826/357/6 827/356/6 703/10/6
f 703/10/6 837/385/6 841/395/6
f 703/10/6 841/395/6 842/398/6
f 825/352/6 826/357/6 703/10/6
f 823/345/6 824/344/6 825/352/6
f 821/334/6 822/341/6 823/345/6
f 818/323/6 819/328/6 820/331/6
f 818/323/6 820/331/6 821/334/6
f 815/315/6 816/318/6 817/320/6
f 817/320/6 818/323/6 821/334/6
f 823/345/6 825/352/6 703/10/6
f 817/320/6 821/334/6 823/345/6
f 815/315/6 817/320/6 823/345/6
f 823/345/6 703/10/6 842/398/6
f 844/402/367 846/406/367 746/120/367
f 823/345/6 842/398/6 844/402/6
f 814/312/6 815/315/6 823/345/6
f 812/306/6 813/309/6 814/312/6
f 809/73/6 810/300/6 811/303/6
f 811/303/6 812/306/6 814/312/6
f 814/312/6 823/345/6 844/402/6
f 844/402/6 746/120/6 753/151/6
f 755/153/6 756/157/6 757/161/6
f 844/402/6 753/151/6 755/153/6
f 811/303/6 814/312/6 844/402/6
f 807/294/6 808/296/6 809/73/6
f 809/73/6 811/303/6 844/402/6
f 844/402/6 755/153/6 757/161/6
f 757/161/6 758/164/6 759/166/6
f 759/166/6 760/169/6 761/171/6
f 761/171/6 762/174/6 763/177/6
f 763/177/6 764/180/6 765/183/6
f 765/183/6 766/186/6 767/189/6
f 767/189/6 768/191/6 769/193/6
f 769/193/6 770/195/6 771/197/6
f 765/183/6 767/189/6 769/193/6
f 763/177/6 765/183/6 769/193/6
f 757/161/6 759/166/6 761/171/6
f 809/73/6 844/402/6 757/161/6
f 806/291/6 807/294/6 809/73/6
f 804/285/6 805/288/6 806/291/6
f 802/281/6 803/280/6 804/285/6
f 800/269/6 801/276/6 802/281/6
f 798/263/6 799/266/6 800/269/6
f 796/256/6 797/259/6 798/263/6
f 794/250/6 795/254/6 796/256/6
f 791/242/6 792/244/6 793/251/6
f 793/251/6 794/250/6 796/256/6
f 798/263/6 800/269/6 802/281/6
f 793/251/6 796/256/6 798/263/6
f 789/237/6 790/239/6 791/242/6
f 791/242/6 793/251/6 798/263/6
f 798/263/6 802/281/6 804/285/6
f 804/285/6 806/291/6 809/73/6
f 757/161/6 761/171/6 763/177/6
f 757/161/6 763/177/6 769/193/6
f 798/263/6 804/285/6 809/73/6
f 789/237/6 791/242/6 798/263/6
f 787/229/6 788/233/6 789/237/6
f 784/588/6 785/53/6 786/13/6
f 786/13/6 787/229/6 789/237/6
f 789/237/6 798/263/6 809/73/6
f 809/73/6 757/161/6 769/193/6
f 809/73/6 769/193/6 771/197/6
f 786/13/6 789/237/6 809/73/6
f 783/52/6 784/588/6 786/13/6
f 781/14/6 782/42/6 783/52/6
f 779/212/6 780/41/6 781/14/6
f 776/72/364 777/208/364 778/15/364
f 778/15/368 779/212/368 781/14/368
f 781/14/6 783/52/6 786/13/6
f 809/73/6 771/197/6 772/199/6
f 809/73/6 772/199/6 773/204/6
f 781/14/6 786/13/6 809/73/6
f 776/72/369 778/15/369 781/14/369
f 774/71/370 775/205/370 776/72/370
f 809/73/6 773/204/6 774/71/6
f 776/72/360 781/14/360 809/73/360
f 848/415/6 849/414/6 850/18/6
f 851/17/6 852/420/6 853/423/6
f 853/423/6 854/426/6 855/74/6
f 855/74/6 856/429/6 857/431/6
f 857/431/356 858/433/356 859/435/356
f 859/435/6 860/437/6 861/439/6
f 861/439/6 862/441/6 863/16/6
f 863/16/6 704/446/6 612/75/6
f 611/316/6 864/448/6 865/451/6
f 612/75/6 611/316/6 865/451/6
f 861/439/6 863/16/6 612/75/6
f 855/74/6 857/431/6 859/435/6
f 859/435/6 861/439/6 612/75/6
f 612/75/6 865/451/6 848/415/6
f 612/75/6 848/415/6 850/18/6
f 855/74/6 859/435/6 612/75/6
f 851/17/371 853/423/371 855/74/371
f 612/75/6 850/18/6 851/17/6
f 867/19/6 868/456/6 869/458/6
f 870/460/6 871/461/6 872/462/6
f 867/19/6 869/458/6 870/460/6
f 879/475/6 866/454/6 867/19/6
f 876/469/6 877/471/6 878/473/6
f 878/473/6 879/475/6 867/19/6
f 867/19/6 870/460/6 872/462/6
f 867/19/6 872/462/6 873/21/6
f 876/469/6 878/473/6 867/19/6
f 577/20/6 875/467/6 876/469/6
f 874/76/6 578/219/6 577/20/6
f 867/19/6 873/21/6 874/76/6
f 577/20/6 876/469/6 867/19/6
f 881/478/6 880/479/6 882/480/6
f 899/514/6 881/478/6 882/480/6
f 896/23/372 897/511/372 898/22/372
f 899/514/6 882/480/6 883/482/6
f 899/514/6 883/482/6 884/483/6
f 884/483/6 885/485/6 886/490/6
f 886/490/6 887/489/6 832/369/6
f 703/10/6 702/493/6 888/160/6
f 889/156/6 890/497/6 891/499/6
f 703/10/6 888/160/6 889/156/6
f 886/490/6 832/369/6 703/10/6
f 884/483/6 886/490/6 703/10/6
f 703/10/6 889/156/6 891/499/6
f 891/499/6 892/501/6 893/503/6
f 893/503/6 894/505/6 895/509/6
f 893/503/6 895/509/6 896/23/6
f 703/10/6 891/499/6 893/503/6
f 899/514/6 884/483/6 703/10/6
f 898/22/6 899/514/6 703/10/6
f 703/10/6 893/503/6 896/23/6
f 901/188/373 902/519/373 903/520/373
f 904/521/6 905/522/6 906/523/6
f 906/523/6 907/525/6 908/527/6
f 909/529/6 910/531/6 911/533/6
f 906/523/6 908/527/6 909/529/6
f 904/521/6 906/523/6 909/529/6
f 911/533/6 912/535/6 913/29/6
f 909/529/6 911/533/6 913/29/6
f 913/29/6 914/541/6 915/540/6
f 915/540/6 916/544/6 917/547/6
f 917/547/6 918/549/6 919/28/6
f 919/28/6 920/552/6 921/554/6
f 921/554/6 922/556/6 923/27/6
f 923/27/6 924/558/6 925/560/6
f 926/562/361 927/564/361 928/566/361
f 921/554/374 923/27/374 925/560/374
f 919/28/6 921/554/6 925/560/6
f 915/540/6 917/547/6 919/28/6
f 909/529/375 913/29/375 915/540/375
f 909/529/6 915/540/6 919/28/6
f 909/529/6 919/28/6 925/560/6
f 928/566/6 929/568/6 930/570/6
f 930/570/6 931/572/6 932/580/6
f 932/580/6 933/584/6 934/583/6
f 934/583/6 935/587/6 936/90/6
f 936/90/6 937/89/6 938/82/6
f 936/90/6 938/82/6 939/94/6
f 932/580/6 934/583/6 936/90/6
f 928/566/6 930/570/6 932/580/6
f 926/562/376 928/566/376 932/580/376
f 932/580/6 936/90/6 939/94/6
f 940/97/6 941/99/6 942/102/6
f 932/580/6 939/94/6 940/97/6
f 926/562/6 932/580/6 940/97/6
f 942/102/6 943/105/6 944/113/6
f 926/562/6 940/97/6 942/102/6
f 925/560/6 926/562/6 942/102/6
f 942/102/6 944/113/6 945/112/6
f 945/112/6 946/116/6 947/119/6
f 947/119/6 948/123/6 949/127/6
f 950/130/6 951/134/6 952/142/6
f 947/119/6 949/127/6 950/130/6
f 942/102/6 945/112/6 947/119/6
f 909/529/6 925/560/6 942/102/6
f 904/521/6 909/529/6 942/102/6
f 942/102/6 947/119/6 950/130/6
f 952/142/6 953/141/6 954/145/6
f 942/102/6 950/130/6 952/142/6
f 903/520/6 904/521/6 942/102/6
f 965/182/6 966/185/6 901/188/6
f 901/188/360 903/520/360 942/102/360
f 952/142/6 954/145/6 955/149/6
f 901/188/6 942/102/6 952/142/6
f 963/176/6 964/179/6 965/182/6
f 965/182/6 901/188/6 952/142/6
f 952/142/6 955/149/6 956/77/6
f 956/77/6 889/156/6 888/160/6
f 956/77/6 888/160/6 957/159/6
f 965/182/6 952/142/6 956/77/6
f 961/79/6 962/173/6 963/176/6
f 963/176/6 965/182/6 956/77/6
f 956/77/6 957/159/6 958/163/6
f 958/163/6 959/165/6 960/78/6
f 961/79/6 963/176/6 956/77/6
f 956/77/6 958/163/6 960/78/6
f 968/30/6 969/32/6 970/31/6
f 938/82/377 937/89/377 969/32/377
f 968/30/378 971/81/378 938/82/378
f 974/211/6 975/210/6 976/214/6
f 1024/360/6 1025/363/6 974/211/6
f 1021/350/6 1022/355/6 1023/358/6
f 1024/360/6 974/211/6 976/214/6
f 979/218/6 722/221/6 721/224/6
f 980/223/6 981/226/6 982/228/6
f 979/218/6 721/224/6 980/223/6
f 978/217/6 979/218/6 980/223/6
f 980/223/6 982/228/6 983/232/6
f 983/232/6 984/236/6 985/238/6
f 985/238/6 986/241/6 987/243/6
f 987/243/6 988/245/6 989/249/6
f 978/217/6 980/223/6 983/232/6
f 977/216/6 978/217/6 983/232/6
f 977/216/6 983/232/6 985/238/6
f 976/214/6 977/216/6 985/238/6
f 976/214/6 985/238/6 987/243/6
f 1024/360/6 976/214/6 987/243/6
f 1024/360/6 987/243/6 989/249/6
f 1023/358/6 1024/360/6 989/249/6
f 1023/358/6 989/249/6 990/253/6
f 1019/343/6 1020/347/6 1021/350/6
f 1021/350/6 1023/358/6 990/253/6
f 991/39/379 992/262/379 993/261/379
f 1021/350/6 990/253/6 991/39/6
f 1018/339/6 1019/343/6 1021/350/6
f 1015/330/6 1016/333/6 1017/336/6
f 1018/339/6 1021/350/6 991/39/6
f 1017/336/6 1018/339/6 991/39/6
f 991/39/6 993/261/6 994/265/6
f 995/268/6 996/271/6 997/274/6
f 991/39/6 994/265/6 995/268/6
f 1015/330/6 1017/336/6 991/39/6
f 1013/327/6 1014/326/6 1015/330/6
f 1010/314/6 1011/317/6 1012/322/6
f 1013/327/6 1015/330/6 991/39/6
f 1012/322/6 1013/327/6 991/39/6
f 991/39/6 995/268/6 997/274/6
f 997/274/6 998/279/6 999/283/6
f 1000/287/6 1001/290/6 1002/293/6
f 991/39/6 997/274/6 999/283/6
f 1000/287/6 1002/293/6 1003/38/6
f 991/39/6 999/283/6 1000/287/6
f 1010/314/6 1012/322/6 991/39/6
f 1008/308/6 1009/311/6 1010/314/6
f 1005/37/6 1006/302/6 1007/305/6
f 1008/308/6 1010/314/6 991/39/6
f 1005/37/6 1007/305/6 1008/308/6
f 1003/38/6 1004/298/6 1005/37/6
f 991/39/6 1000/287/6 1003/38/6
f 1005/37/6 1008/308/6 991/39/6
f 1026/40/6 782/42/6 781/14/6
f 781/14/6 780/41/6 1027/83/6
f 1029/44/1 1036/61/1 782/42/1
f 782/42/1 1031/46/1 1032/47/1
f 1032/47/1 1028/84/1 1029/44/1
f 1037/51/6 1039/59/6 785/53/6
f 785/53/6 784/588/6 783/52/6
f 783/52/6 1038/55/6 1037/51/6
f 1040/54/6 1042/425/6 1035/50/6
f 1035/50/6 1032/47/6 1034/49/6
f 1034/49/6 1041/422/6 1040/54/6
f 1043/56/6 1044/86/6 1038/55/6
f 1045/57/6 1041/422/6 1034/49/6
f 1033/48/6 1031/46/6 1026/40/6
f 1045/57/356 1034/49/356 1033/48/356
f 1026/40/6 1027/83/6 1045/57/6
f 1037/51/6 1038/55/6 1046/85/6
f 1044/86/380 1047/62/380 1048/450/380
f 1048/450/6 1029/44/6 1030/45/6
f 1030/45/6 1028/84/6 1046/85/6
f 1046/85/6 1038/55/6 1044/86/6
f 1044/86/6 1048/450/6 1030/45/6
f 1036/61/6 1048/450/6 1047/62/6
f 1047/62/381 1044/86/381 1043/56/381
f 1043/56/6 783/52/6 782/42/6
f 782/42/6 1036/61/6 1047/62/6
f 344/87/16 735/87/16 734/88/16
f 286/89/13 937/89/13 936/90/13
f 344/87/253 408/91/253 736/91/253
f 1/3/15 520/92/15 532/92/15
f 408/91/16 412/69/16 737/69/16
f 522/93/17 533/93/17 532/92/17
f 373/94/382 939/94/382 938/82/382
f 412/69/33 407/95/33 738/95/33
f 523/96/20 534/96/20 533/93/20
f 367/97/21 940/97/21 939/94/21
f 26/70/16 739/70/16 738/95/16
f 524/98/22 535/98/22 534/96/22
f 367/97/21 451/99/21 941/99/21
f 25/100/24 740/100/24 739/70/24
f 157/101/25 536/101/25 535/98/25
f 450/102/26 942/102/26 941/99/26
f 413/103/27 741/103/27 740/100/27
f 158/104/28 537/108/28 536/101/28
f 452/105/29 943/105/29 942/102/29
f 425/106/33 742/106/33 741/103/33
f 158/104/30 159/111/30 538/107/30
f 296/109/31 944/113/31 943/105/31
f 414/110/27 743/110/27 742/106/27
f 156/2/32 539/2/32 538/107/32
f 296/109/31 297/112/31 945/112/31
f 342/114/14 668/114/14 743/110/14
f 196/115/34 540/115/34 539/2/34
f 447/116/31 946/116/31 945/112/31
f 382/117/383 745/121/383 744/118/383
f 197/1/35 541/1/35 540/115/35
f 446/119/36 947/119/36 946/116/36
f 382/117/200 254/124/200 746/120/200
f 198/122/38 542/122/38 541/1/38
f 448/123/39 948/123/39 947/119/39
f 254/124/76 256/125/76 747/125/76
f 227/126/41 543/126/41 542/122/41
f 359/127/31 949/127/31 948/123/31
f 256/125/42 222/132/42 748/128/42
f 226/129/43 544/133/43 543/126/43
f 357/130/36 950/130/36 949/127/36
f 381/131/57 749/136/57 748/128/57
f 223/63/45 545/63/45 544/133/45
f 358/134/384 951/134/384 950/130/384
f 381/131/385 380/140/385 750/135/385
f 389/137/47 546/137/47 545/63/47
f 209/138/36 952/142/36 951/134/36
f 383/139/386 751/139/386 750/135/386
f 384/64/45 547/64/45 546/137/45
f 295/141/50 953/141/50 952/142/50
f 427/143/387 752/147/387 751/139/387
f 393/144/52 548/144/52 547/64/52
f 294/145/31 954/145/31 953/141/31
f 426/146/42 753/151/42 752/147/42
f 392/148/45 549/148/45 548/144/45
f 184/149/53 955/149/53 954/145/53
f 428/150/57 754/154/57 753/151/57
f 390/152/54 550/152/54 549/148/54
f 152/77/55 956/77/55 955/149/55
f 428/150/42 139/153/42 755/153/42
f 391/155/56 526/155/56 550/152/56
f 151/156/53 889/156/53 956/77/53
f 141/157/49 756/157/49 755/153/49
f 385/4/58 551/4/58 552/158/58
f 112/159/59 957/159/59 888/160/59
f 71/161/42 757/161/42 756/157/42
f 388/162/60 553/162/60 551/4/60
f 117/163/61 958/163/61 957/159/61
f 71/161/49 72/167/49 758/164/49
f 224/6/62 554/6/62 553/162/62
f 118/165/63 959/165/63 958/163/63
f 73/166/51 759/166/51 758/164/51
f 225/168/64 555/168/64 554/6/64
f 55/78/65 960/78/65 959/165/65
f 321/169/42 760/169/42 759/166/42
f 194/170/58 556/170/58 555/168/58
f 54/79/63 961/79/63 960/78/63
f 319/171/388 761/171/388 760/169/388
f 194/170/67 195/172/67 557/172/67
f 120/173/68 962/173/68 961/79/68
f 320/174/389 762/174/389 761/171/389
f 519/175/67 558/175/67 557/172/67
f 119/176/63 963/176/63 962/173/63
f 17/177/42 763/177/42 762/174/42
f 518/178/70 559/178/70 558/175/70
f 444/179/68 964/179/68 963/176/68
f 317/180/49 764/180/49 763/177/49
f 521/181/72 560/181/72 559/178/72
f 444/179/63 449/182/63 965/182/63
f 316/183/42 765/183/42 764/180/42
f 513/184/15 561/184/15 560/181/15
f 445/185/68 966/185/68 965/182/68
f 318/186/386 766/186/386 765/183/386
f 509/187/73 562/187/73 561/184/73
f 360/188/63 901/188/63 966/185/63
f 164/189/390 767/189/390 766/186/390
f 236/190/75 563/190/75 562/187/75
f 255/30/391 968/30/391 967/80/391
f 162/191/77 768/191/77 767/189/77
f 510/192/78 564/192/78 563/190/78
f 163/193/66 769/193/66 768/191/66
f 511/194/73 565/194/73 564/192/73
f 284/31/392 970/31/392 969/32/392
f 160/195/69 770/195/69 769/193/69
f 512/196/15 566/196/15 565/194/15
f 220/80/21 967/80/21 970/31/21
f 161/197/42 771/197/42 770/195/42
f 272/198/78 567/198/78 566/196/78
f 161/197/386 168/199/386 772/199/386
f 273/200/80 568/203/80 567/198/80
f 255/30/393 219/34/393 972/34/393
f 174/201/82 773/204/82 772/199/82
f 273/200/83 274/202/83 569/202/83
f 174/201/84 171/71/84 774/71/84
f 249/5/80 570/5/80 569/202/80
f 375/35/21 973/35/21 972/34/21
f 248/205/85 775/205/85 774/71/85
f 250/206/83 571/206/83 570/5/83
f 374/33/394 971/81/394 973/35/394
f 248/205/395 245/72/395 776/72/395
f 183/207/80 572/207/80 571/206/80
f 285/32/396 969/32/396 937/89/396
f 271/208/85 777/208/85 776/72/85
f 181/209/89 573/209/89 572/207/89
f 374/33/397 376/36/397 938/82/397
f 264/15/84 778/15/84 777/208/84
f 180/65/91 574/65/91 573/209/91
f 114/210/92 975/210/92 974/211/92
f 265/212/85 779/212/85 778/15/85
f 299/213/93 575/213/93 574/65/93
f 53/214/398 976/214/398 975/210/398
f 267/41/399 780/41/399 779/212/399
f 298/215/96 576/215/96 575/213/96
f 51/216/92 977/216/92 976/214/92
f 300/20/97 577/20/97 576/215/97
f 48/217/92 978/217/92 977/216/92
f 43/218/98 979/218/98 978/217/98
f 82/219/99 81/220/99 579/220/99
f 44/221/100 722/221/100 979/218/100
f 83/222/99 580/222/99 579/220/99
f 45/223/101 980/223/101 721/224/101
f 93/225/102 581/225/102 580/222/102
f 105/226/101 981/226/101 980/223/101
f 166/13/103 786/13/103 785/53/103
f 149/227/104 582/231/104 581/225/104
f 104/228/400 982/228/400 981/226/400
f 167/229/106 787/229/106 786/13/106
f 148/230/102 583/235/102 582/231/102
f 103/232/107 983/232/107 982/228/107
f 262/233/108 788/233/108 787/229/108
f 395/234/104 584/234/104 583/235/104
f 464/236/109 984/236/109 983/232/109
f 261/237/110 789/237/110 788/233/110
f 396/66/102 585/66/102 584/234/102
f 465/238/107 985/238/107 984/236/107
f 263/239/111 790/239/111 789/237/111
f 394/240/104 586/240/104 585/66/104
f 463/241/109 986/241/109 985/238/109
f 242/242/110 791/242/110 790/239/110
f 387/67/112 587/67/112 586/240/112
f 351/243/107 987/243/107 986/241/107
f 242/242/111 244/244/111 792/244/111
f 386/158/113 552/158/113 587/67/113
f 352/245/109 988/245/109 987/243/109
f 169/246/110 793/251/110 792/244/110
f 499/247/114 588/247/114 589/248/114
f 206/249/107 989/249/107 988/245/107
f 269/250/111 794/250/111 793/251/111
f 496/252/116 590/252/116 588/247/116
f 207/253/109 990/253/109 989/249/109
f 270/254/117 795/254/117 794/250/117
f 495/255/118 591/255/118 590/252/118
f 211/39/119 991/39/119 990/253/119
f 243/256/120 796/256/120 795/254/120
f 494/257/121 592/257/121 591/255/121
f 252/258/401 992/262/401 991/39/401
f 247/259/117 797/259/117 796/256/117
f 503/260/123 593/260/123 592/257/123
f 252/258/124 212/261/124 993/261/124
f 170/263/120 798/263/120 797/259/120
f 504/264/125 594/264/125 593/260/125
f 190/265/126 994/265/126 993/261/126
f 172/266/117 799/266/117 798/263/117
f 502/267/127 595/267/127 594/264/127
f 188/268/128 995/268/128 994/265/128
f 173/269/129 800/269/129 799/266/129
f 501/270/130 596/270/130 595/267/130
f 189/271/124 996/271/124 995/268/124
f 309/272/131 801/276/131 800/269/131
f 508/273/132 597/273/132 596/270/132
f 189/271/402 68/278/402 997/274/402
f 311/275/134 802/281/134 801/276/134
f 506/277/135 598/277/135 597/273/135
f 68/278/403 69/284/403 998/279/403
f 310/280/129 803/280/129 802/281/129
f 507/282/404 599/282/404 598/277/404
f 16/283/138 999/283/138 998/279/138
f 315/285/131 804/285/131 803/280/131
f 505/286/139 600/286/139 599/282/139
f 15/287/133 1000/287/133 999/283/133
f 332/288/140 805/288/140 804/285/140
f 493/289/141 601/289/141 600/286/141
f 14/290/405 1001/290/405 1000/287/405
f 333/291/142 806/291/142 805/288/142
f 492/292/143 602/292/143 601/289/143
f 339/293/144 1002/293/144 1001/290/144
f 330/294/145 807/294/145 806/291/145
f 490/295/146 603/295/146 602/292/146
f 341/38/147 1003/38/147 1002/293/147
f 331/296/148 808/296/148 807/294/148
f 489/297/149 604/297/149 603/295/149
f 340/298/150 1004/298/150 1003/38/150
f 328/73/151 809/73/151 808/296/151
f 491/299/406 605/299/406 604/297/406
f 340/298/153 13/37/153 1005/37/153
f 329/300/148 810/300/148 809/73/148
f 488/301/154 606/301/154 605/299/154
f 66/302/155 1006/302/155 1005/37/155
f 19/303/156 811/303/156 810/300/156
f 486/304/157 607/304/157 606/301/157
f 66/302/158 67/305/158 1007/305/158
f 313/306/159 812/306/159 811/303/159
f 487/307/160 608/307/160 607/304/160
f 60/308/158 1008/308/158 1007/305/158
f 314/309/148 813/309/148 812/306/148
f 47/310/161 609/310/161 608/307/161
f 137/311/162 1009/311/162 1008/308/162
f 314/309/156 327/312/156 814/312/156
f 47/310/163 46/313/163 610/313/163
f 127/314/158 1010/314/158 1009/311/158
f 326/315/164 815/315/164 814/312/164
f 38/316/165 611/316/165 610/313/165
f 455/317/162 1011/317/162 1010/314/162
f 326/315/166 312/318/166 816/318/166
f 456/319/407 1012/322/407 1011/317/407
f 175/320/167 817/320/167 816/318/167
f 1/3/168 531/3/168 612/75/168
f 457/321/162 1013/327/162 1012/322/162
f 175/320/169 176/323/169 818/323/169
f 22/324/170 613/324/170 530/325/170
f 458/326/408 1014/326/408 1013/327/408
f 322/328/172 819/328/172 818/323/172
f 88/329/170 614/329/170 613/324/170
f 123/330/162 1015/330/162 1014/326/162
f 323/331/173 820/331/173 819/328/173
f 85/332/174 615/332/174 614/329/174
f 124/333/408 1016/333/408 1015/330/408
f 324/334/175 821/334/175 820/331/175
f 85/332/176 84/335/176 616/335/176
f 59/336/162 1017/336/162 1016/333/162
f 325/337/177 822/341/177 821/334/177
f 84/335/178 145/342/178 617/338/178
f 57/339/409 1018/339/409 1017/336/409
f 24/340/175 823/345/175 822/341/175
f 145/342/176 144/9/176 618/9/176
f 56/343/180 1019/343/180 1018/339/180
f 90/344/177 824/344/177 823/345/177
f 474/346/181 619/346/181 618/9/181
f 122/347/94 1020/347/94 1019/343/94
f 89/348/182 825/352/182 824/344/182
f 474/346/183 475/354/183 620/349/183
f 121/350/184 1021/350/184 1020/347/184
f 91/351/185 826/357/185 825/352/185
f 481/353/186 621/353/186 620/349/186
f 462/355/94 1022/355/94 1021/350/94
f 92/356/187 827/356/187 826/357/187
f 481/353/188 482/8/188 622/68/188
f 459/358/184 1023/358/184 1022/355/184
f 515/359/187 828/359/187 827/356/187
f 483/7/189 623/7/189 622/68/189
f 461/360/94 1024/360/94 1023/358/94
f 514/361/15 829/361/15 828/359/15
f 484/362/190 624/362/190 623/7/190
f 460/363/92 1025/363/92 1024/360/92
f 514/361/168 516/26/168 830/26/168
f 485/364/191 625/364/191 624/362/191
f 113/211/94 974/211/94 1025/363/94
f 478/365/192 626/365/192 625/364/192
f 4/10/73 703/10/73 831/24/73
f 301/366/193 627/366/193 626/365/193
f 476/367/194 628/367/194 627/366/194
f 266/83/95 1027/83/95 780/41/95
f 215/368/195 833/373/195 832/369/195
f 477/371/192 629/371/192 628/367/192
f 370/372/410 834/376/410 833/373/410
f 479/374/197 630/374/197 629/371/197
f 368/375/195 835/379/195 834/376/195
f 480/377/199 631/377/199 630/374/199
f 368/375/200 433/382/200 836/378/200
f 471/380/201 632/380/201 631/377/201
f 432/381/195 837/385/195 836/378/195
f 472/383/202 633/387/202 632/380/202
f 432/381/37 434/389/37 838/384/37
f 473/386/203 634/386/203 633/387/203
f 128/388/195 839/392/195 838/384/195
f 468/390/204 635/394/204 634/386/204
f 128/388/200 129/396/200 840/391/200
f 467/393/205 636/393/205 635/394/205
f 62/395/195 841/395/195 840/391/195
f 18/397/206 637/397/206 636/393/206
f 61/398/37 842/398/37 841/395/37
f 469/399/207 638/399/207 637/397/207
f 130/400/40 843/400/40 842/398/40
f 466/401/205 639/401/205 638/399/205
f 131/402/200 844/402/200 843/400/200
f 470/403/208 640/403/208 639/401/208
f 234/43/103 1028/84/103 1035/50/103
f 431/404/40 845/407/40 844/402/40
f 77/405/209 641/405/209 640/403/209
f 431/404/200 430/406/200 846/406/200
f 77/405/206 76/408/206 642/408/206
f 282/44/210 280/61/210 1036/61/210
f 429/409/40 847/411/40 846/406/40
f 74/410/411 643/413/411 642/408/411
f 429/409/200 369/118/200 744/118/200
f 75/412/212 644/417/212 643/413/212
f 96/414/213 849/414/213 848/415/213
f 143/416/209 645/416/209 644/417/209
f 37/18/412 850/18/412 849/414/412
f 143/416/212 142/418/212 646/418/212
f 246/53/103 785/53/103 1039/59/103
f 36/17/215 851/17/215 850/18/215
f 403/419/209 647/419/209 646/418/209
f 97/420/223 852/420/223 851/17/223
f 402/421/217 648/421/217 647/419/217
f 277/54/413 1040/54/413 1041/422/413
f 94/423/215 853/423/215 852/420/215
f 362/424/219 649/424/219 648/421/219
f 279/425/220 1042/425/220 1040/54/220
f 435/426/223 854/426/223 853/423/223
f 401/427/221 650/427/221 649/424/221
f 232/50/103 1035/50/103 1042/425/103
f 437/74/215 855/74/215 854/426/215
f 401/427/222 400/428/222 651/428/222
f 436/429/223 856/429/223 855/74/223
f 405/430/224 652/430/224 651/428/224
f 346/431/414 857/431/414 856/429/414
f 404/432/415 653/432/415 652/430/415
f 35/433/226 858/433/226 857/431/226
f 214/434/227 654/434/227 653/432/227
f 34/435/228 859/435/228 858/433/228
f 253/436/229 655/436/229 654/434/229
f 278/422/413 1041/422/413 1045/57/413
f 32/437/230 860/437/230 859/435/230
f 366/438/231 656/438/231 655/436/231
f 276/57/416 1045/57/416 1027/83/416
f 33/439/233 861/439/233 860/437/233
f 366/438/227 365/443/227 657/440/227
f 268/59/103 1039/59/103 1046/85/103
f 30/441/234 862/441/234 861/439/234
f 372/442/417 658/445/417 657/440/417
f 31/16/235 863/16/235 862/441/235
f 353/444/418 659/444/418 658/445/418
f 11/446/237 704/446/237 863/16/237
f 397/447/238 660/447/238 659/444/238
f 106/448/214 864/448/214 611/316/214
f 398/449/239 661/449/239 660/447/239
f 282/44/419 1029/44/419 1048/450/419
f 98/451/165 865/451/165 864/448/165
f 399/452/241 662/452/241 661/449/241
f 165/58/242 1046/85/242 1028/84/242
f 95/415/214 848/415/214 865/451/214
f 115/453/239 663/453/239 662/452/239
f 281/60/413 1048/450/413 1036/61/413
f 182/19/243 867/19/243 866/454/243
f 116/455/241 664/455/241 663/453/241
f 335/456/244 868/456/244 867/19/244
f 52/457/245 665/457/245 664/455/245
f 334/458/246 869/458/246 868/456/246
f 498/459/245 666/459/245 665/457/245
f 20/460/247 870/460/247 869/458/247
f 497/247/248 667/247/248 666/459/248
f 21/461/249 871/461/249 870/460/249
f 500/248/114 589/248/114 667/247/114
f 79/462/250 872/462/250 871/461/250
f 342/114/420 343/463/420 669/463/420
f 79/462/421 78/21/421 873/21/421
f 200/464/253 670/464/253 669/463/253
f 78/21/254 80/76/254 874/76/254
f 199/465/27 671/465/27 670/464/27
f 82/219/99 578/219/99 874/76/99
f 251/466/251 672/466/251 671/465/251
f 337/467/97 875/467/97 577/20/97
f 204/468/255 673/468/255 672/466/255
f 338/469/256 876/469/256 875/467/256
f 348/470/257 674/470/257 673/468/257
f 336/471/258 877/471/258 876/469/258
f 415/472/257 675/472/257 674/470/257
f 177/473/260 878/473/260 877/471/260
f 424/474/251 676/474/251 675/472/251
f 178/475/256 879/475/256 878/473/256
f 424/474/259 416/476/259 677/476/259
f 179/454/258 866/454/258 879/475/258
f 101/477/251 678/477/251 677/476/251
f 292/478/261 191/479/261 880/479/261
f 41/12/255 679/12/255 678/477/255
f 153/480/262 882/480/262 880/479/262
f 39/481/257 680/481/257 679/12/257
f 154/482/261 883/482/261 882/480/261
f 40/11/264 681/11/264 680/481/264
f 155/483/195 884/483/195 883/482/195
f 100/484/422 682/484/422 681/11/422
f 193/485/200 885/485/200 884/483/200
f 99/486/264 683/486/264 682/484/264
f 192/487/195 886/490/195 885/485/195
f 423/488/265 684/488/265 683/486/265
f 192/487/200 217/489/200 887/489/200
f 421/491/264 685/491/264 684/488/264
f 217/489/195 216/370/195 832/369/195
f 422/492/423 686/495/423 685/491/423
f 107/160/274 888/160/274 702/493/274
f 422/492/268 417/494/268 687/494/268
f 347/496/269 688/496/269 687/494/269
f 187/497/424 890/497/424 889/156/424
f 355/498/271 689/498/271 688/496/271
f 185/499/36 891/499/36 890/497/36
f 203/500/272 690/500/272 689/498/272
f 186/501/50 892/501/50 891/499/50
f 208/502/268 691/502/268 690/500/268
f 150/503/425 893/503/425 892/501/425
f 356/504/426 692/504/426 691/502/426
f 289/505/275 894/505/275 893/503/275
f 354/506/276 693/506/276 692/504/276
f 287/507/277 895/509/277 894/505/277
f 354/506/267 419/508/267 694/508/267
f 287/507/277 288/23/277 896/23/277
f 420/510/268 695/510/268 694/508/268
f 293/511/278 897/511/278 896/23/278
f 418/512/267 696/512/267 695/510/267
f 291/22/278 898/22/278 897/511/278
f 109/513/268 697/513/268 696/512/268
f 290/514/278 899/514/278 898/22/278
f 110/515/267 698/515/267 697/513/267
f 290/514/280 292/478/280 881/478/280
f 49/516/271 699/516/271 698/515/271
f 2/24/15 831/24/15 900/25/15
f 50/517/267 700/517/267 699/516/267
f 517/25/168 900/25/168 830/26/168
f 111/518/281 701/518/281 700/517/281
f 363/519/427 902/519/427 901/188/427
f 108/493/267 702/493/267 701/518/267
f 210/520/63 903/520/63 902/519/63
f 213/521/68 904/521/68 903/520/68
f 3/75/114 612/75/114 703/10/114
f 364/522/428 905/522/428 904/521/428
f 361/523/71 906/523/71 905/522/71
f 12/524/429 705/524/429 704/446/429
f 454/525/282 907/525/282 906/523/282
f 29/526/284 706/526/284 705/524/284
f 453/527/68 908/527/68 907/525/68
f 27/528/235 707/528/235 706/526/235
f 58/529/285 909/529/285 908/527/285
f 27/528/286 28/530/286 708/530/286
f 126/531/287 910/531/287 909/529/287
f 10/532/284 709/532/284 708/530/284
f 125/533/285 911/533/285 910/531/285
f 9/534/288 710/534/288 709/532/288
f 136/535/430 912/535/430 911/533/430
f 8/536/289 711/536/289 710/534/289
f 132/29/290 913/29/290 912/535/290
f 307/537/291 712/537/291 711/536/291
f 133/538/294 914/541/294 913/29/294
f 308/539/293 713/543/293 712/537/293
f 133/538/290 63/545/290 915/540/290
f 308/539/291 305/542/291 714/542/291
f 64/544/294 916/544/294 915/540/294
f 304/546/295 715/546/295 714/542/295
f 65/547/296 917/547/296 916/544/296
f 306/548/297 716/548/297 715/546/297
f 135/549/298 918/549/298 917/547/298
f 303/550/299 717/550/299 716/548/299
f 134/28/296 919/28/296 918/549/296
f 302/551/300 718/551/300 717/550/300
f 438/552/298 920/552/298 919/28/298
f 302/551/301 7/553/301 719/553/301
f 439/554/296 921/554/296 920/552/296
f 5/555/431 720/557/431 719/553/431
f 440/556/298 922/556/298 921/554/298
f 6/224/304 721/224/304 720/557/304
f 371/27/296 923/27/296 922/556/296
f 377/558/305 924/558/305 923/27/305
f 42/559/100 723/559/100 722/221/100
f 218/560/432 925/560/432 924/558/432
f 102/561/433 724/561/433 723/559/433
f 218/560/298 221/562/298 926/562/298
f 406/563/308 725/563/308 724/561/308
f 379/564/309 927/564/309 926/562/309
f 409/565/100 726/565/100 725/563/100
f 378/566/314 928/566/314 927/564/314
f 409/565/311 410/567/311 727/567/311
f 443/568/309 929/568/309 928/566/309
f 411/569/12 728/569/12 727/567/12
f 442/570/298 930/570/298 929/568/298
f 349/571/313 729/571/313 728/569/313
f 441/572/434 931/572/434 930/570/434
f 350/573/435 730/577/435 729/571/435
f 146/574/54 525/574/54 526/155/54
f 138/575/436 932/580/436 931/572/436
f 205/576/315 731/576/315 730/577/315
f 147/578/316 527/578/316 525/574/316
f 140/579/309 933/584/309 932/580/309
f 202/581/12 732/581/12 731/576/12
f 86/582/54 528/582/54 527/578/54
f 70/583/436 934/583/436 933/584/436
f 201/585/16 733/585/16 732/581/16
f 87/586/316 529/586/316 528/582/316
f 275/587/309 935/587/309 934/583/309
f 345/88/317 734/88/317 733/585/317
f 23/325/54 530/325/54 529/586/54
f 283/90/318 936/90/318 935/587/318
