# Blender 4.1.1
# www.blender.org
mtllib Enemy02.mtl
o Demon_Flying.002
v 2.145590 0.833656 -1.327276
v 0.704147 0.503278 -0.551560
v 1.153736 0.693868 -0.550326
v 0.980649 0.187083 -0.970601
v 1.239103 0.355641 -1.106508
v 1.873654 0.740479 -1.269737
v 0.731116 0.265882 -0.670626
v 1.117051 0.598680 -0.666929
v 0.706155 0.329239 -0.660538
v 0.719557 0.252411 -0.715818
v 2.191019 0.833770 -1.430203
v 1.499858 0.540892 -1.149023
v 1.854104 0.793087 -1.150683
v 1.389861 0.264655 -1.296764
v 1.321470 0.828070 -0.777572
v 1.104568 -0.028923 -1.341198
v 1.324269 0.763264 -0.784809
v 1.440195 0.368729 -1.194255
v 0.743934 0.488195 -0.498821
v 2.136848 0.871560 -1.344032
v 1.128124 0.761472 -0.562492
v 1.416672 0.820377 -0.655111
v 1.713094 0.951666 -0.887916
v 0.961878 0.664793 -0.616333
v 1.666588 0.962342 -0.939166
v 1.731694 0.887948 -0.865614
v 0.769253 0.428885 -0.478008
v 1.946936 0.940723 -1.196129
v 1.350453 0.894505 -0.727947
v 1.394474 0.888222 -0.670055
v 1.395078 0.749036 -0.700071
v 1.143369 0.620734 -0.607036
v 1.912556 0.914266 -1.204780
v 0.758038 0.382854 -0.506554
v 1.708217 0.837062 -0.888217
v 1.638012 0.917282 -0.967530
v 0.948991 0.613861 -0.664525
v 2.148364 0.816978 -1.409430
v 0.687833 0.463074 -0.585867
v 2.113300 0.804956 -1.306523
v 2.072591 0.805658 -1.303394
v 0.699214 0.416400 -0.582362
v 2.113002 0.807078 -1.388190
v 1.175909 0.012006 -1.363039
v 1.187028 0.142867 -1.197448
v 1.642636 0.869096 -0.959573
v 1.674467 0.832724 -0.923613
v 0.731046 0.380028 -0.546402
v 1.910917 0.880678 -1.185331
v 1.095419 0.277090 -1.058782
v 0.962442 0.559464 -0.670662
v 1.135552 -0.056458 -1.396581
v 1.243595 0.615878 -0.759917
v 1.166947 0.300066 -1.133804
v 1.172662 0.806963 -0.659116
v 1.133374 0.846210 -0.419511
v 1.152595 0.735401 -0.721817
v 1.237694 0.732147 -0.585925
v 1.222421 0.654719 -0.642637
v 1.360684 0.728728 -0.751048
v 1.847209 0.626289 -1.335824
v 1.142692 0.043014 -1.188072
v 1.122596 0.303245 -1.125359
v 1.162443 -0.088647 -1.366554
v 1.108763 -0.024385 -1.426493
v 1.104544 0.047956 -1.184741
v 1.094839 0.638602 -0.707813
v 0.972705 0.322143 -0.904087
v 1.080168 0.704008 -0.689459
v 1.015973 0.532235 -0.583780
v 1.090829 0.769536 -0.624536
v 1.000219 0.653018 -0.558968
v 0.989318 0.120068 -1.088471
v 0.989847 0.521459 -0.632436
v 1.080909 0.082542 -1.164378
v 1.025972 0.589813 -0.542478
v 1.102731 0.571894 -0.712694
v 1.129592 0.568143 -0.707313
v 1.198304 0.584232 -0.718917
v 1.182090 0.408426 -0.905480
v 1.338972 0.699184 -0.793068
v 1.649620 0.813717 -0.952265
v 0.719148 0.379436 -0.567891
v 0.976787 0.505749 -0.668153
v 1.066360 0.388445 -0.857323
v 1.092046 0.373462 -0.861320
v 1.148663 0.381699 -0.869252
v 1.255698 0.492408 -0.919827
v 1.942748 0.844306 -1.149371
v 1.977199 0.840401 -1.131751
v 1.991103 0.929529 -1.156391
v 1.560058 0.651270 -1.029020
v 0.722818 0.336864 -0.605926
v 0.963293 0.385864 -0.768986
v 2.003805 0.875741 -1.131882
v 1.143006 0.942875 -0.284453
v 1.162219 0.887004 -0.457723
v 1.194791 0.856960 -0.425168
v 1.223635 0.897754 -0.463380
v 0.477086 0.294450 -0.396608
v 0.476193 0.275387 -0.406826
v 0.453816 0.284132 -0.439822
v 0.464554 0.415985 -0.384796
v 0.446711 0.374071 -0.419479
v 0.529660 0.341592 -0.311244
v 0.516916 0.293852 -0.340166
v 0.457062 0.325735 -0.416743
v 0.504897 0.400757 -0.332695
v 0.458801 0.245002 -0.449523
v 0.488894 0.289363 -0.380782
v 0.474636 0.242115 -0.424661
v 1.856530 0.668488 -1.271635
v 2.105957 0.878942 -1.372051
v 2.060295 0.865523 -1.366405
v 2.040760 0.842029 -1.339354
v 1.158057 0.061682 -1.217776
v 1.098584 0.277857 -1.095333
v 1.459933 0.827611 -0.839810
v 0.722270 0.383908 -0.558962
v 2.045673 0.759006 -1.377251
v 2.003036 0.807943 -1.317986
v 0.571482 0.257208 -0.569151
v 0.730026 0.247119 -0.695958
v 1.848634 0.660763 -1.325161
v 0.586247 0.258410 -0.539206
v 0.705960 0.403226 -0.577484
v 0.708627 0.280278 -0.710561
v 0.874248 0.247713 -0.815548
v 0.851470 0.339664 -0.778730
v 0.869884 0.212676 -0.889075
v 1.913781 0.834783 -1.156753
v 1.645333 0.850052 -0.957048
v 1.854726 0.630912 -1.313917
v 1.409781 0.342375 -1.268391
v 1.692598 0.648506 -1.208714
v 1.650691 0.521860 -1.228707
v 1.600857 0.448361 -1.297723
v 0.565092 0.358755 -0.511201
v 1.661847 0.831468 -0.937965
v 1.410024 0.282013 -1.262574
v 0.637050 0.373769 -0.405989
v 1.239715 0.108196 -1.322138
v 1.335378 0.436862 -1.108882
v 1.270491 0.234072 -1.179947
v 1.529262 0.933022 -0.744053
v 1.886773 0.948916 -1.044432
v 0.880033 0.562766 -0.543867
v 1.690895 0.966416 -0.912672
v 2.003513 0.905530 -1.139831
v 1.728316 0.923656 -0.870396
v 2.182003 0.849538 -1.406274
v 2.122689 0.880759 -1.358307
v 0.760836 0.461287 -0.481674
v 0.723415 0.504046 -0.523950
v 0.612147 0.432970 -0.427280
v 2.161715 0.854249 -1.424747
v 2.110857 0.797630 -1.358001
v 0.838606 0.487144 -0.634193
v 1.844650 0.850647 -1.056125
v 1.550765 0.867102 -0.726547
v 1.812819 0.887018 -1.092085
v 0.905738 0.502410 -0.524454
v 1.485381 0.941429 -0.799920
v 0.571944 0.448162 -0.479541
v 0.624688 0.326456 -0.434817
v 2.114357 0.842814 -1.412218
v 2.187701 0.824556 -1.395390
v 0.840885 0.576950 -0.598082
v 1.901895 0.888851 -1.018622
v 1.527965 0.804916 -0.761178
v 1.838848 0.960891 -1.089848
v 0.895591 0.454347 -0.556001
v 2.085532 0.871925 -1.377378
v 0.768537 0.399803 -0.486682
v 1.724552 0.855448 -0.872057
v 1.646763 0.944334 -0.959938
v 2.175828 0.823252 -1.427396
v 0.690747 0.488688 -0.574563
v 1.994269 0.850565 -1.130028
v 1.456909 0.884839 -0.840038
v 0.554483 0.406676 -0.514130
v 2.151587 0.800273 -1.370159
v 0.826192 0.534918 -0.635672
v 1.877429 0.848037 -1.029102
v 1.808615 0.926668 -1.106845
v 0.596923 0.322383 -0.475241
v 2.086983 0.824908 -1.384971
v 1.492909 0.791698 -0.804399
v 0.869331 0.450364 -0.597666
v 1.958167 0.840049 -1.137912
v 0.691842 0.435842 -0.587718
v 2.122722 0.812428 -1.391347
v 1.637560 0.889449 -0.966041
v 1.689313 0.830313 -0.907575
v 0.743595 0.376707 -0.529252
v 2.041590 0.856601 -1.350081
v 1.121062 -0.038804 -1.412687
v 1.155502 -0.038137 -1.395756
v 1.150068 -0.074142 -1.380445
v 1.117946 -0.050780 -1.375174
v 1.150867 0.307981 -1.137086
v 1.092930 0.062554 -1.186298
v 1.261466 0.640552 -0.775486
v 1.189979 0.306839 -1.121587
v 1.157547 0.779928 -0.693187
v 1.119202 0.783799 -0.635224
v 1.180149 0.836117 -0.590373
v 1.250112 0.842655 -0.691572
v 1.137274 0.787837 -0.528444
v 1.225695 0.785741 -0.540048
v 1.296631 0.861667 -0.598854
v 1.207483 0.620773 -0.684375
v 1.127972 0.593919 -0.681010
v 1.277632 0.663544 -0.743056
v 1.152056 0.687439 -0.749231
v 1.106354 0.715685 -0.700828
v 1.222948 0.770436 -0.748656
v 1.182552 0.708293 -0.561242
v 1.235148 0.690400 -0.605790
v 1.316590 0.768489 -0.619004
v 1.170932 0.632937 -0.619091
v 1.297312 0.691583 -0.671641
v 1.106826 0.635374 -0.722097
v 1.239207 0.698243 -0.775697
v 1.349383 0.725017 -0.769034
v 1.375156 0.730130 -0.730823
v 1.186175 0.035509 -1.312766
v 0.980824 0.521411 -0.648741
v 1.106801 -0.010502 -1.288888
v 1.002138 0.520274 -0.612897
v 0.969323 0.542898 -0.669343
v 1.086581 0.662942 -0.707432
v 0.977324 0.179609 -1.050728
v 1.328960 0.742807 -0.785496
v 1.184221 0.107128 -1.307781
v 1.319117 0.787589 -0.787191
v 1.153377 0.653862 -0.570364
v 1.017230 0.625136 -0.542902
v 1.410596 0.859180 -0.654375
v 1.372896 0.901873 -0.696472
v 0.980062 0.668043 -0.585253
v 1.411801 0.780701 -0.670823
v 0.950058 0.645867 -0.645120
v 1.331769 0.868957 -0.757356
v 1.106620 0.063923 -1.357538
v 1.163157 -0.062189 -1.315549
v 1.133631 0.057992 -1.361372
v 1.119787 0.040769 -1.178926
v 1.170762 -0.049937 -1.336412
v 1.138552 -0.055624 -1.314048
v 1.095897 0.049911 -1.335652
v 1.238245 0.604120 -0.742386
v 1.107729 0.595801 -0.685822
v 0.994991 0.127800 -1.050652
v 1.129373 0.600375 -0.644503
v 1.101543 0.619318 -0.709096
v 0.954508 0.580988 -0.673416
v 1.094133 0.057026 -1.278700
v 1.025777 0.555897 -0.556503
v 1.145100 0.732490 -0.547506
v 1.108228 0.775568 -0.589947
v 1.080088 0.745106 -0.659844
v 1.053571 0.615802 -0.694344
v 1.057981 0.295133 -1.007231
v 1.039295 0.677643 -0.679947
v 1.103720 0.594903 -0.598067
v 1.050677 0.738443 -0.620442
v 1.088311 0.729177 -0.559913
v 1.070124 0.023298 -1.257886
v 1.077465 0.576501 -0.654321
v 1.049731 0.120018 -1.099104
v 1.113968 0.662998 -0.546347
v 0.585093 0.326051 -0.492483
v 0.857097 0.443154 -0.625544
v 1.802403 0.828020 -1.072175
v 1.470296 0.765624 -0.842161
v 1.117139 0.573011 -0.716076
v 1.194624 0.434000 -0.916078
v 1.152508 0.568234 -0.702797
v 1.179602 0.397166 -0.889412
v 1.063553 0.553302 -0.696831
v 1.092221 0.508820 -0.764281
v 1.118691 0.501330 -0.762022
v 1.182744 0.514680 -0.771972
v 1.223454 0.544562 -0.810952
v 1.313171 0.629043 -0.838286
v 1.621214 0.760106 -0.978591
v 0.719918 0.364469 -0.580956
v 0.972641 0.464043 -0.703843
v 1.915264 0.865295 -1.180388
v 0.585341 0.301111 -0.509655
v 0.858758 0.369499 -0.693187
v 1.743076 0.728742 -1.113870
v 1.374461 0.569538 -0.947288
v 1.970827 0.942879 -1.176758
v 1.925492 0.929153 -1.207727
v 1.907804 0.897595 -1.194808
v 1.079899 0.381875 -0.867458
v 1.111926 0.370855 -0.856166
v 1.033476 0.390624 -0.826104
v 1.143699 0.278251 -0.996828
v 1.042225 0.273360 -0.946735
v 1.067153 0.251135 -0.956779
v 1.116946 0.254502 -0.963011
v 1.958892 0.866398 -1.242240
v 1.200815 0.361200 -0.998364
v 1.990723 0.830026 -1.206280
v 2.027486 0.827305 -1.196327
v 1.967143 0.896256 -1.264498
v 2.005692 0.917896 -1.261129
v 2.044953 0.908110 -1.225721
v 1.501015 0.545847 -1.078052
v 1.855000 0.747050 -1.195373
v 0.725884 0.310638 -0.629832
v 0.954950 0.311389 -0.831459
v 2.056192 0.860192 -1.204077
v 1.142095 0.931848 -0.332105
v 1.130570 0.907565 -0.312559
v 1.161666 0.918455 -0.315298
v 1.173191 0.942738 -0.334844
v 1.156872 0.841387 -0.412786
v 1.132442 0.863920 -0.437203
v 1.200138 0.902577 -0.470105
v 1.224567 0.880045 -0.445688
v 0.363818 0.224295 -0.343416
v 0.379653 0.221407 -0.318554
v 0.362080 0.305028 -0.310635
v 0.434678 0.320884 -0.205136
v 0.409914 0.380050 -0.226587
v 0.369571 0.395277 -0.278688
v 0.421934 0.273144 -0.234058
v 0.351728 0.353364 -0.313371
v 0.393911 0.268656 -0.274674
v 0.382103 0.273742 -0.290500
v 0.381210 0.254680 -0.300719
v 0.480112 0.294759 -0.391804
v 0.476789 0.288104 -0.400010
v 0.475618 0.263093 -0.413416
v 0.449976 0.263445 -0.455661
v 0.463551 0.313664 -0.410522
v 0.450495 0.401040 -0.407574
v 0.484239 0.416644 -0.357664
v 0.449976 0.345497 -0.422029
v 0.521660 0.373885 -0.315388
v 0.528284 0.312154 -0.319693
v 0.501729 0.286362 -0.363562
v 0.470339 0.235620 -0.434745
v 0.564392 0.305763 -0.548055
v 1.102970 0.270502 -1.080798
v 1.099410 0.291367 -1.108237
v 2.012300 0.774468 -1.303158
v 2.145469 0.854730 -1.332572
v 2.135453 0.814883 -1.320981
v 2.089043 0.802379 -1.296472
v 1.159613 0.087832 -1.219234
v 1.159902 0.051162 -1.203811
v 0.358833 0.263425 -0.333714
v 0.475160 0.253307 -0.418662
v 0.461705 0.301044 -0.419020
v 1.855714 0.710401 -1.230948
v 2.052464 0.899724 -1.312873
v 2.010598 0.881919 -1.312037
v 1.997082 0.855030 -1.287543
v 1.140053 0.176502 -1.091472
v 1.049926 0.183624 -1.039837
v 0.971983 0.464847 -0.748155
v 1.074252 0.155633 -1.054694
v 1.106698 0.514185 -0.851026
v 1.142010 0.547373 -0.882037
v 1.118612 0.155123 -1.059573
v 1.196057 0.549695 -0.894358
v 1.100961 0.499732 -0.827217
v 1.184039 0.258628 -1.082808
v 2.028913 0.818658 -1.251582
v 2.067517 0.816879 -1.247732
v 2.087821 0.891059 -1.280912
v 1.467471 0.462862 -1.128046
v 1.596907 0.741663 -1.021181
v 0.707516 0.375382 -0.604393
v 0.728325 0.289760 -0.648862
v 1.902203 0.819835 -1.209405
v 1.299717 0.607819 -0.893822
v 0.961766 0.253040 -0.892154
v 2.097895 0.847813 -1.261548
v 0.588143 0.327400 -0.486648
v 0.571645 0.346408 -0.505316
v 2.042013 0.757520 -1.353437
v 2.030331 0.776590 -1.367725
v 0.562130 0.278007 -0.572440
v 0.582752 0.248848 -0.553102
v 0.860496 0.452504 -0.611932
v 0.845514 0.472571 -0.630876
v 0.878620 0.212684 -0.862184
v 0.857636 0.253174 -0.869999
v 1.827254 0.848367 -1.067069
v 1.815372 0.869698 -1.087646
v 1.620297 0.458759 -1.272582
v 1.616811 0.506374 -1.283358
v 1.481307 0.788784 -0.821325
v 1.254965 0.130866 -1.277950
v 1.463684 0.807406 -0.839396
v 1.256075 0.199161 -1.277465
v 1.507720 0.947203 -0.769964
v 1.900791 0.922201 -1.026414
v 1.864553 0.963608 -1.067353
v 1.545210 0.904461 -0.727733
v 2.176360 0.841812 -1.381715
v 2.159090 0.861546 -1.401225
v 0.859674 0.578393 -0.569365
v 0.897031 0.535596 -0.527070
v 0.628946 0.406089 -0.410013
v 0.591524 0.448849 -0.452289
v 1.466894 0.919404 -0.825939
v 0.558050 0.433306 -0.502375
v 0.635839 0.344421 -0.414494
v 2.142819 0.847344 -1.426680
v 2.176170 0.809236 -1.389003
v 0.828210 0.561453 -0.622643
v 1.893102 0.860313 -1.019904
v 1.545244 0.830676 -0.738395
v 1.817566 0.946624 -1.105239
v 0.905481 0.472297 -0.534578
v 1.454798 0.850114 -0.844051
v 0.557934 0.378437 -0.516505
v 2.125850 0.796721 -1.354583
v 0.830950 0.506947 -0.638934
v 1.859678 0.846617 -1.042437
v 1.808273 0.905355 -1.100511
v 0.609687 0.319302 -0.458038
v 2.090892 0.836666 -1.394077
v 1.507622 0.791397 -0.786109
v 0.881672 0.447417 -0.579954
v 1.290075 0.674741 -0.760697
v 1.117998 0.590245 -0.693855
v 1.108604 0.619524 -0.721802
v 1.264730 0.697605 -0.781045
v 1.103183 0.012309 -1.343585
v 1.148647 0.025921 -1.370843
v 1.166804 -0.038509 -1.358813
v 1.126374 -0.049972 -1.335167
v 1.167668 0.760362 -0.529467
v 1.299303 0.819475 -0.588130
v 1.129941 0.803109 -0.571965
v 1.261076 0.862007 -0.630402
v 1.231838 0.815097 -0.723375
v 1.107447 0.758311 -0.670705
v 1.181635 0.667403 -0.581682
v 1.312382 0.726837 -0.637301
v 1.272571 0.655254 -0.715052
v 1.151334 0.600261 -0.663359
v 1.214745 0.713032 -0.770911
v 1.108050 0.663720 -0.726342
v 1.097530 0.118232 -1.284280
v 1.129574 0.126739 -1.304258
v 1.168010 -0.028878 -1.294520
v 1.141811 -0.034500 -1.277192
v 1.068239 0.574539 -0.672376
v 1.073074 0.038170 -1.210005
v 1.089777 0.577263 -0.632830
v 1.060346 0.597412 -0.694784
v 1.045418 0.639230 -0.694978
v 1.059040 0.100565 -1.203408
v 1.113662 0.624965 -0.564438
v 1.105298 0.700553 -0.544578
v 1.068330 0.743575 -0.586990
v 1.039587 0.715796 -0.653638
v 0.585062 0.317549 -0.498300
v 0.857172 0.417192 -0.649098
v 1.733666 0.778822 -1.058509
v 1.440979 0.699961 -0.879838
v 1.106339 0.507379 -0.769911
v 1.239945 0.569773 -0.824977
v 1.140438 0.500491 -0.757186
v 1.219215 0.533001 -0.794016
v 1.054825 0.497195 -0.742977
v 1.950923 0.859183 -1.224397
v 0.585676 0.285334 -0.520574
v 0.860793 0.324243 -0.735393
v 1.950182 0.812497 -1.210847
v 1.705252 0.652046 -1.153295
v 1.310223 0.443787 -1.012217
v 2.055964 0.886760 -1.211046
v 2.026938 0.919927 -1.243838
v 1.984624 0.908008 -1.270410
v 2.046434 0.837381 -1.200582
v 2.006524 0.826131 -1.196497
v 1.957236 0.882449 -1.252179
v 1.055203 0.261832 -0.961224
v 1.085320 0.246835 -0.951381
v 1.013660 0.288838 -0.905938
v 1.152177 0.304037 -1.004049
v 1.142812 0.267265 -0.981538
v 1.131315 0.904138 -0.351753
v 1.170316 0.931225 -0.371406
v 1.147251 0.891509 -0.337049
v 1.186252 0.918596 -0.356702
v 0.385129 0.274051 -0.285697
v 0.368568 0.292956 -0.304414
v 0.354993 0.242738 -0.349553
v 0.375356 0.214912 -0.328638
v 0.426677 0.353177 -0.209280
v 0.389256 0.395937 -0.251556
v 0.355512 0.380333 -0.301466
v 0.433301 0.291447 -0.213585
v 0.354993 0.324789 -0.315921
v 0.406746 0.265654 -0.257454
v 0.381806 0.267396 -0.293902
v 0.380635 0.242386 -0.307308
v 1.977237 0.837593 -1.263826
v 0.570649 0.329983 -0.518417
v 0.585942 0.272774 -0.529266
v 0.865776 0.288453 -0.771731
v 0.849048 0.424563 -0.679966
v 1.774564 0.791333 -1.127463
v 1.678507 0.591225 -1.187421
v 1.421276 0.678075 -0.930116
v 1.282637 0.345326 -1.083088
v 2.071605 0.901656 -1.297237
v 2.031697 0.891176 -1.320310
v 1.996586 0.870391 -1.297849
v 1.177978 0.556847 -0.895999
v 1.062458 0.168149 -1.057792
v 1.226540 0.556493 -0.889502
v 1.110065 0.502871 -0.840451
v 1.110725 0.530183 -0.863402
v 1.091054 0.149986 -1.049102
v 1.061047 0.491485 -0.800170
v 1.021436 0.209454 -0.988675
v 1.979160 0.794757 -1.253909
v 2.097717 0.871818 -1.267736
v 2.087961 0.826886 -1.256747
v 2.045018 0.815051 -1.243134
v 1.145302 0.202458 -1.096004
v 1.140440 0.165733 -1.076799
v 0.366722 0.280337 -0.312913
v 0.380177 0.232599 -0.312554
v 1.232316 -0.957134 0.040194
v 1.025887 -0.670360 1.131978
v 1.240957 -0.524214 0.154084
v 0.589444 -0.286383 0.048157
v 0.667801 -0.184849 0.039819
v 0.997380 -0.711978 1.081488
v 1.415981 -0.975594 0.607149
v 1.026976 -0.603459 0.735322
v 1.264323 -1.037651 0.627307
v 1.212513 -0.545082 0.741538
v 1.476795 -0.804259 0.670663
v 1.401850 -0.632290 0.727501
v 0.997720 -0.781024 0.697708
v 1.368657 -1.079020 1.031611
v 1.171760 -0.832933 1.188477
v 0.536366 -0.362527 -0.151186
v 0.583194 -0.300703 -0.234528
v 0.712647 -0.129596 -0.044536
v 1.038421 -1.005315 0.416622
v 0.944138 -0.836468 0.462060
v 1.405278 -0.602337 0.491481
v 1.471473 -0.764478 0.464497
v 1.221627 -0.531657 0.518683
v 1.209069 -1.052720 0.410952
v 1.390426 -0.952682 0.429237
v 0.862625 -0.461424 0.727613
v 0.887492 -0.654686 0.538878
v 0.967955 -0.544253 0.443588
v 0.972195 -0.589561 0.666936
v 0.826473 -0.417024 0.709748
v 0.880342 -0.387437 0.694889
v 0.805769 -0.481146 0.681381
v 0.823486 -0.407159 0.648655
v 1.407229 -1.052219 1.071242
v 1.266109 -0.918291 1.185598
v 1.170787 -0.928500 1.177212
v 1.267082 -0.822724 1.196862
v 1.209773 -0.890320 1.239101
v 1.092417 -0.607584 1.100880
v 1.091078 -0.704892 1.101538
v 0.998719 -0.614670 1.080829
v 1.106544 -0.956672 0.667243
v 1.377794 -0.998654 1.063537
v 1.435072 -1.076396 1.015102
v 1.444210 -0.996029 1.047028
v 0.873439 -0.449111 0.565980
v 0.835248 -0.543538 0.618086
v 0.952360 -0.416846 0.640106
v 0.914168 -0.511273 0.692213
v 1.034789 -0.583825 0.920063
v 1.166237 -0.692248 0.949670
v 1.162306 -0.570095 0.947312
v 1.038721 -0.705978 0.922421
v 1.345420 -0.719205 1.001306
v 1.172235 -0.909442 0.965967
v 1.323884 -0.881386 0.980234
v 1.193771 -0.747261 0.987039
v 1.461063 -0.900683 0.892408
v 1.434498 -1.018916 0.829910
v 1.368089 -0.913757 0.930515
v 1.341525 -1.031991 0.868016
v 1.052658 -0.479128 0.571645
v 1.450556 -0.712547 0.102676
v 0.656284 -0.202175 -0.246238
v 1.007961 -0.786595 0.102052
v 0.709283 -0.134093 -0.158244
v 1.383650 -0.864538 0.047862
v 1.394596 -0.581655 0.141066
v 1.064646 -0.603237 0.137703
v 1.086884 -0.926998 0.067936
v 1.014400 -0.757572 -0.048890
v 1.079639 -0.652539 0.043393
v 1.254697 -0.514818 -0.157011
v 1.175427 -0.593983 -0.249766
v 1.084673 -0.713085 -0.244083
v 1.026597 -0.780473 -0.162196
v 1.187812 -0.537696 0.035250
v 1.258047 -0.493386 -0.048015
v 0.534463 -0.361037 -0.040850
v 1.384280 -0.920496 0.289493
v 1.213557 -1.016578 0.272687
v 1.227185 -0.522626 0.362533
v 1.019383 -0.589744 0.329480
v 1.429061 -0.984069 0.698649
v 1.311375 -1.014690 0.742476
v 1.198094 -0.552870 0.839196
v 1.043507 -0.580350 0.814533
v 1.118621 -0.650678 1.106925
v 1.305599 -1.021068 0.416607
v 1.085591 -0.559542 0.930573
v 1.121692 -0.513530 0.541605
v 0.964271 -0.811426 0.308884
v 1.051903 -0.972532 0.280230
v 1.461082 -0.743368 0.325857
v 1.399490 -0.590721 0.351156
v 1.041837 -0.724546 0.807393
v 1.161434 -0.908663 0.813630
v 1.471500 -0.838799 0.775150
v 1.384636 -0.663484 0.859175
v 1.016849 -0.635213 0.916955
v 1.040446 -0.736550 1.090973
v 1.063132 -0.699799 1.128905
v 0.997203 -0.704380 1.114793
v 1.353502 -0.873188 0.891330
v 1.199052 -0.703220 0.902835
v 1.450176 -0.862255 0.446109
v 0.998148 -0.635632 1.114654
v 0.916968 -0.736944 0.500064
v 1.064077 -0.631051 1.128767
v 1.455960 -0.673217 0.480815
v 1.325232 -0.554322 0.502201
v 0.980718 -0.932758 0.431901
v 1.115216 -1.047512 0.411285
v 1.051046 -1.005035 0.532882
v 0.950458 -0.832601 0.585290
v 1.405813 -0.615337 0.605274
v 1.476826 -0.783879 0.570071
v 1.216658 -0.540190 0.639609
v 1.222758 -1.062963 0.518226
v 0.998703 -0.618184 0.685200
v 1.401141 -0.972221 0.526861
v 0.915034 -0.487535 0.511762
v 1.000792 -0.442288 0.605559
v 0.859117 -0.590086 0.578290
v 0.944875 -0.544839 0.672088
v 0.817221 -0.403287 0.681647
v 0.854224 -0.390001 0.708563
v 0.807013 -0.452681 0.700126
v 0.844015 -0.439394 0.727043
v 0.886937 -0.417442 0.723581
v 0.864145 -0.553142 0.667427
v 0.855105 -0.380859 0.662819
v 0.835629 -0.502261 0.574250
v 1.465249 -0.895342 0.629979
v 0.987747 -0.682907 0.719406
v 1.454401 -0.713018 0.709678
v 1.320700 -0.572753 0.734624
v 1.042213 -0.878661 0.677797
v 1.183115 -1.011016 0.654321
v 1.344002 -1.028527 0.605238
v 1.105276 -0.553806 0.743388
v 1.218205 -0.947287 1.178589
v 1.370909 -0.795100 0.994000
v 1.276634 -0.690870 0.999778
v 1.147443 -0.883269 1.180748
v 1.182423 -0.859827 1.226989
v 1.241705 -0.913459 1.225181
v 1.238695 -0.857390 1.231519
v 1.185432 -0.915897 1.220651
v 0.908564 -0.651611 0.626230
v 0.907712 -0.613870 0.459719
v 1.029259 -0.485963 0.483293
v 1.034765 -0.516183 0.651805
v 1.427591 -1.075074 1.046162
v 1.381017 -1.077120 1.057953
v 1.433042 -1.019972 1.068569
v 1.386469 -1.022017 1.080359
v 1.401077 -1.096156 1.015681
v 1.324567 -0.983828 0.907365
v 1.428213 -0.869977 0.928514
v 1.454748 -1.037200 1.026633
v 0.954009 -0.453863 0.685440
v 0.828529 -0.491840 0.711907
v 0.921432 -0.411502 0.589268
v 0.801652 -0.447025 0.654232
v 0.842985 -0.423985 0.610269
v 0.817071 -0.509179 0.653903
v 0.910998 -0.399622 0.671233
v 0.885083 -0.484815 0.714868
v 1.208124 -0.614619 0.957828
v 1.042454 -0.590589 1.089986
v 0.978075 -0.661307 1.076849
v 1.091488 -0.742772 0.934110
v 1.015100 -0.599919 1.019600
v 1.121516 -0.698191 1.043814
v 1.121597 -0.590439 1.042376
v 1.015020 -0.707672 1.021038
v 1.244331 -0.934142 0.968171
v 1.290427 -0.867955 1.193326
v 1.219665 -0.803936 1.195485
v 1.143435 -0.837184 0.972598
v 1.300727 -0.779077 1.123875
v 1.166251 -0.926794 1.096435
v 1.290874 -0.906903 1.108050
v 1.176103 -0.798967 1.112260
v 1.388367 -1.047327 0.834766
v 1.355126 -1.041137 1.051396
v 1.414782 -0.975606 1.063570
v 1.464027 -0.964216 0.850205
v 1.450345 -0.962297 0.992885
v 1.435450 -1.057303 0.951777
v 1.374052 -0.967458 1.015386
v 1.359157 -1.062463 0.974278
v 1.014055 -0.778481 -0.108847
v 1.043644 -0.767341 -0.067179
v 1.034159 -0.716030 0.005449
v 0.855401 -0.634068 -0.021266
v 1.100744 -0.617720 -0.020860
v 1.136030 -0.586076 0.054603
v 0.919089 -0.547593 0.081835
v 1.267827 -0.496749 -0.099032
v 1.390993 -0.636785 -0.101573
v 1.221393 -0.545519 -0.212158
v 1.057050 -0.372624 -0.152700
v 1.287488 -0.696395 -0.215798
v 1.127697 -0.653927 -0.262023
v 0.994805 -0.452925 -0.250079
v 1.186749 -0.824198 -0.201672
v 1.050919 -0.760297 -0.207519
v 0.910995 -0.565619 -0.241064
v 1.098489 -0.866944 -0.118208
v 0.857606 -0.635794 -0.149073
v 1.247169 -0.535198 -0.009153
v 1.230244 -0.506954 -0.003199
v 1.009853 -0.429982 0.072176
v 1.365781 -0.559927 -0.037389
v 1.061800 -0.365981 -0.025536
v 0.530046 -0.368875 -0.099265
v 0.553100 -0.334908 0.012233
v 1.038325 -0.868085 0.083882
v 1.011180 -0.693954 0.120437
v 0.631632 -0.231138 0.059745
v 1.148415 -0.539138 0.150415
v 1.327834 -0.543306 0.150168
v 0.695592 -0.150130 0.000889
v 0.688508 -0.160081 -0.212760
v 0.619037 -0.251880 -0.254790
v 1.313293 -0.924345 0.035413
v 1.433452 -0.790334 0.071789
v 1.152352 -0.958514 0.053286
v 0.553916 -0.340351 -0.196357
v 0.717650 -0.124000 -0.097299
v 1.437074 -0.638604 0.125840
v 0.949631 -0.697581 0.347549
v 1.111904 -0.520228 0.380465
v 1.304896 -0.985569 0.275810
v 1.440058 -0.835276 0.308636
v 1.467605 -0.917067 0.723475
v 1.371705 -1.022410 0.703906
v 1.022723 -0.638786 0.808633
v 1.102520 -0.551092 0.824813
v 0.997656 -0.903504 0.291107
v 1.124382 -1.012268 0.275239
v 1.447228 -0.657634 0.341118
v 1.324074 -0.544946 0.357715
v 1.109439 -0.804895 0.830588
v 1.262353 -0.956006 0.816547
v 1.437892 -0.763184 0.852367
v 1.300591 -0.594919 0.869584
v 1.458819 -0.882563 0.545572
v 1.317789 -1.037479 0.516794
v 0.929165 -0.723531 0.634343
v 1.094838 -0.542056 0.668121
v 1.458159 -0.690145 0.592568
v 1.323931 -0.563878 0.617763
v 0.990479 -0.930163 0.549720
v 1.129395 -1.051280 0.525482
v 0.970927 -0.441340 0.541368
v 0.866601 -0.548056 0.522237
v 0.995237 -0.480186 0.662933
v 0.887052 -0.595167 0.641160
v 0.841766 -0.387219 0.684314
v 0.805313 -0.434071 0.678248
v 0.863474 -0.413496 0.722722
v 0.824818 -0.464007 0.715285
v 1.212724 -0.837626 1.221282
v 1.260038 -0.880431 1.219839
v 1.214966 -0.929940 1.210642
v 1.167652 -0.887136 1.212085
v 1.032086 -0.719521 1.113743
v 0.985746 -0.667585 1.103432
v 1.033521 -0.615163 1.113327
v 1.085993 -0.660364 1.124888
v 1.441668 -1.044927 1.048010
v 1.403087 -1.087307 1.040137
v 1.370752 -1.047911 1.065827
v 1.411994 -1.002609 1.074243
v 0.916202 -0.434015 0.709072
v 0.843440 -0.520409 0.694514
v 0.882312 -0.392618 0.629061
v 0.814184 -0.470559 0.617625
v 1.153751 -0.635867 1.050028
v 1.062798 -0.574319 1.029389
v 0.994006 -0.650087 1.015864
v 1.062677 -0.735948 1.031547
v 1.226513 -0.948350 1.098371
v 1.326542 -0.838472 1.118782
v 1.241292 -0.756611 1.122109
v 1.139607 -0.868308 1.101360
v 1.397115 -1.079751 0.953472
v 1.343996 -1.020134 0.999736
v 1.419457 -0.937242 1.015134
v 1.458435 -1.012393 0.965985
v 1.051772 -0.694253 -0.042280
v 0.876990 -0.603801 0.040222
v 1.172050 -0.557991 -0.008032
v 0.967957 -0.483601 0.095257
v 1.234210 -0.758872 -0.228450
v 0.951873 -0.510142 -0.261123
v 1.341788 -0.651972 -0.169544
v 1.032345 -0.403805 -0.212437
v 1.144283 -0.874478 -0.147812
v 0.877722 -0.610466 -0.200261
v 0.850286 -0.643147 -0.088932
v 1.063552 -0.828041 -0.093112
v 1.315300 -0.539077 -0.020495
v 1.042045 -0.389765 0.027082
v 1.067382 -0.359857 -0.085517
v 1.394001 -0.595473 -0.062096
v -2.145590 0.833656 -1.327276
v -0.704147 0.503278 -0.551560
v -1.153736 0.693867 -0.550326
v -0.980649 0.187083 -0.970601
v -1.239104 0.355641 -1.106508
v -1.873654 0.740479 -1.269737
v -0.731116 0.265882 -0.670626
v -1.117052 0.598679 -0.666929
v -0.706155 0.329238 -0.660538
v -0.719557 0.252411 -0.715818
v -2.191019 0.833770 -1.430203
v -1.499858 0.540892 -1.149023
v -1.854104 0.793087 -1.150683
v -1.389861 0.264655 -1.296764
v -1.321471 0.828070 -0.777572
v -1.104568 -0.028923 -1.341198
v -1.324269 0.763264 -0.784809
v -1.440195 0.368729 -1.194255
v -0.743934 0.488195 -0.498821
v -2.136848 0.871559 -1.344032
v -1.128125 0.761472 -0.562492
v -1.416672 0.820377 -0.655111
v -1.713094 0.951666 -0.887916
v -0.961879 0.664793 -0.616333
v -1.666588 0.962342 -0.939166
v -1.731694 0.887948 -0.865614
v -0.769253 0.428884 -0.478008
v -1.946936 0.940722 -1.196128
v -1.350453 0.894505 -0.727947
v -1.394475 0.888222 -0.670055
v -1.395078 0.749036 -0.700071
v -1.143369 0.620734 -0.607036
v -1.912556 0.914265 -1.204780
v -0.758038 0.382854 -0.506554
v -1.708217 0.837062 -0.888217
v -1.638012 0.917282 -0.967530
v -0.948991 0.613860 -0.664525
v -2.148364 0.816978 -1.409430
v -0.687833 0.463074 -0.585867
v -2.113300 0.804956 -1.306523
v -2.072591 0.805657 -1.303393
v -0.699215 0.416400 -0.582362
v -2.113002 0.807077 -1.388190
v -1.175910 0.012006 -1.363039
v -1.187028 0.142867 -1.197448
v -1.642636 0.869096 -0.959573
v -1.674467 0.832724 -0.923613
v -0.731046 0.380028 -0.546402
v -1.910917 0.880678 -1.185331
v -1.095419 0.277089 -1.058782
v -0.962443 0.559464 -0.670662
v -1.135552 -0.056458 -1.396581
v -1.243595 0.615878 -0.759917
v -1.166947 0.300066 -1.133804
v -1.172662 0.806962 -0.659116
v -1.133375 0.846210 -0.419511
v -1.152595 0.735401 -0.721818
v -1.237694 0.732147 -0.585925
v -1.222422 0.654718 -0.642637
v -1.360684 0.728728 -0.751048
v -1.847209 0.626288 -1.335824
v -1.142692 0.043014 -1.188072
v -1.122597 0.303244 -1.125359
v -1.162443 -0.088647 -1.366554
v -1.108763 -0.024386 -1.426493
v -1.104544 0.047956 -1.184741
v -1.094839 0.638602 -0.707813
v -0.972705 0.322143 -0.904087
v -1.080169 0.704008 -0.689459
v -1.015973 0.532234 -0.583781
v -1.090829 0.769535 -0.624536
v -1.000220 0.653017 -0.558968
v -0.989318 0.120068 -1.088472
v -0.989848 0.521459 -0.632436
v -1.080909 0.082542 -1.164378
v -1.025973 0.589813 -0.542478
v -1.102732 0.571893 -0.712694
v -1.129593 0.568142 -0.707314
v -1.198305 0.584232 -0.718917
v -1.182090 0.408426 -0.905481
v -1.338972 0.699184 -0.793068
v -1.649620 0.813717 -0.952265
v -0.719148 0.379436 -0.567891
v -0.976787 0.505749 -0.668153
v -1.066361 0.388444 -0.857323
v -1.092047 0.373462 -0.861320
v -1.148663 0.381699 -0.869252
v -1.255699 0.492408 -0.919827
v -1.942748 0.844306 -1.149370
v -1.977199 0.840401 -1.131751
v -1.991103 0.929528 -1.156391
v -1.560058 0.651270 -1.029020
v -0.722818 0.336864 -0.605926
v -0.963293 0.385864 -0.768986
v -2.003805 0.875741 -1.131882
v -1.143006 0.942875 -0.284453
v -1.162219 0.887004 -0.457723
v -1.194791 0.856960 -0.425168
v -1.223635 0.897754 -0.463380
v -0.477086 0.294450 -0.396608
v -0.476193 0.275387 -0.406826
v -0.453816 0.284132 -0.439822
v -0.464554 0.415985 -0.384796
v -0.446712 0.374071 -0.419479
v -0.529661 0.341591 -0.311244
v -0.516917 0.293851 -0.340166
v -0.457063 0.325735 -0.416743
v -0.504897 0.400757 -0.332695
v -0.458802 0.245002 -0.449523
v -0.488894 0.289363 -0.380782
v -0.474636 0.242115 -0.424661
v -1.856530 0.668488 -1.271635
v -2.105957 0.878942 -1.372051
v -2.060295 0.865522 -1.366405
v -2.040760 0.842029 -1.339354
v -1.158057 0.061682 -1.217776
v -1.098585 0.277856 -1.095333
v -1.459933 0.827611 -0.839809
v -0.722270 0.383908 -0.558962
v -2.045674 0.759005 -1.377251
v -2.003036 0.807943 -1.317986
v -0.571482 0.257208 -0.569151
v -0.730026 0.247118 -0.695958
v -1.848634 0.660762 -1.325161
v -0.586247 0.258410 -0.539206
v -0.705960 0.403225 -0.577484
v -0.708628 0.280278 -0.710561
v -0.874248 0.247712 -0.815548
v -0.851470 0.339663 -0.778730
v -0.869884 0.212676 -0.889075
v -1.913781 0.834783 -1.156752
v -1.645333 0.850053 -0.957048
v -1.854726 0.630912 -1.313917
v -1.409781 0.342374 -1.268391
v -1.692598 0.648505 -1.208714
v -1.650691 0.521860 -1.228707
v -1.600857 0.448361 -1.297723
v -0.565092 0.358755 -0.511201
v -1.661847 0.831468 -0.937965
v -1.410024 0.282013 -1.262574
v -0.637050 0.373769 -0.405989
v -1.239715 0.108196 -1.322138
v -1.335378 0.436862 -1.108882
v -1.270491 0.234072 -1.179947
v -1.529262 0.933022 -0.744053
v -1.886773 0.948916 -1.044432
v -0.880033 0.562766 -0.543867
v -1.690895 0.966416 -0.912672
v -2.003514 0.905529 -1.139831
v -1.728316 0.923656 -0.870396
v -2.182003 0.849538 -1.406274
v -2.122690 0.880759 -1.358307
v -0.760837 0.461287 -0.481674
v -0.723415 0.504046 -0.523950
v -0.612148 0.432970 -0.427280
v -2.161715 0.854249 -1.424747
v -2.110857 0.797630 -1.358001
v -0.838606 0.487144 -0.634193
v -1.844650 0.850647 -1.056124
v -1.550765 0.867102 -0.726546
v -1.812819 0.887018 -1.092085
v -0.905738 0.502410 -0.524454
v -1.485381 0.941429 -0.799920
v -0.571944 0.448162 -0.479541
v -0.624689 0.326456 -0.434817
v -2.114358 0.842813 -1.412218
v -2.187701 0.824556 -1.395389
v -0.840885 0.576950 -0.598082
v -1.901895 0.888851 -1.018622
v -1.527965 0.804916 -0.761178
v -1.838848 0.960891 -1.089848
v -0.895591 0.454347 -0.556001
v -2.085532 0.871925 -1.377378
v -0.768537 0.399802 -0.486682
v -1.724552 0.855448 -0.872057
v -1.646763 0.944334 -0.959938
v -2.175829 0.823251 -1.427396
v -0.690748 0.488688 -0.574563
v -1.994269 0.850565 -1.130028
v -1.456909 0.884839 -0.840038
v -0.554483 0.406676 -0.514130
v -2.151587 0.800273 -1.370159
v -0.826192 0.534918 -0.635672
v -1.877429 0.848036 -1.029102
v -1.808615 0.926668 -1.106844
v -0.596923 0.322383 -0.475241
v -2.086983 0.824908 -1.384971
v -1.492910 0.791698 -0.804399
v -0.869331 0.450364 -0.597666
v -1.958167 0.840049 -1.137912
v -0.691842 0.435842 -0.587718
v -2.122723 0.812428 -1.391347
v -1.637560 0.889449 -0.966041
v -1.689313 0.830313 -0.907574
v -0.743595 0.376706 -0.529252
v -2.041590 0.856601 -1.350081
v -1.121062 -0.038804 -1.412687
v -1.155502 -0.038137 -1.395756
v -1.150068 -0.074142 -1.380446
v -1.117946 -0.050780 -1.375174
v -1.150867 0.307981 -1.137086
v -1.092930 0.062554 -1.186298
v -1.261467 0.640552 -0.775486
v -1.189979 0.306839 -1.121587
v -1.157547 0.779928 -0.693187
v -1.119202 0.783799 -0.635224
v -1.180150 0.836117 -0.590373
v -1.250112 0.842655 -0.691572
v -1.137274 0.787837 -0.528444
v -1.225695 0.785741 -0.540048
v -1.296632 0.861667 -0.598854
v -1.207483 0.620773 -0.684375
v -1.127972 0.593919 -0.681010
v -1.277632 0.663544 -0.743056
v -1.152056 0.687438 -0.749231
v -1.106354 0.715685 -0.700828
v -1.222949 0.770435 -0.748657
v -1.182552 0.708293 -0.561242
v -1.235148 0.690399 -0.605790
v -1.316591 0.768488 -0.619004
v -1.170932 0.632937 -0.619091
v -1.297312 0.691583 -0.671641
v -1.106827 0.635373 -0.722097
v -1.239207 0.698242 -0.775697
v -1.349383 0.725017 -0.769034
v -1.375156 0.730129 -0.730823
v -1.186175 0.035509 -1.312766
v -0.980824 0.521411 -0.648741
v -1.106801 -0.010502 -1.288888
v -1.002138 0.520273 -0.612897
v -0.969323 0.542897 -0.669343
v -1.086582 0.662941 -0.707432
v -0.977324 0.179608 -1.050728
v -1.328960 0.742807 -0.785496
v -1.184221 0.107127 -1.307781
v -1.319117 0.787589 -0.787191
v -1.153377 0.653862 -0.570364
v -1.017230 0.625136 -0.542902
v -1.410596 0.859180 -0.654375
v -1.372897 0.901873 -0.696472
v -0.980062 0.668042 -0.585254
v -1.411801 0.780700 -0.670823
v -0.950059 0.645867 -0.645120
v -1.331769 0.868957 -0.757356
v -1.106620 0.063923 -1.357538
v -1.163157 -0.062190 -1.315549
v -1.133631 0.057991 -1.361372
v -1.119787 0.040769 -1.178926
v -1.170763 -0.049937 -1.336412
v -1.138552 -0.055624 -1.314048
v -1.095897 0.049911 -1.335652
v -1.238245 0.604119 -0.742386
v -1.107729 0.595800 -0.685822
v -0.994991 0.127800 -1.050652
v -1.129373 0.600375 -0.644503
v -1.101543 0.619317 -0.709096
v -0.954508 0.580987 -0.673416
v -1.094133 0.057026 -1.278700
v -1.025777 0.555896 -0.556503
v -1.145100 0.732489 -0.547506
v -1.108228 0.775567 -0.589947
v -1.080088 0.745105 -0.659845
v -1.053571 0.615802 -0.694344
v -1.057981 0.295132 -1.007231
v -1.039295 0.677642 -0.679947
v -1.103721 0.594902 -0.598067
v -1.050677 0.738443 -0.620442
v -1.088311 0.729177 -0.559913
v -1.070124 0.023298 -1.257886
v -1.077465 0.576500 -0.654321
v -1.049731 0.120018 -1.099105
v -1.113968 0.662998 -0.546347
v -0.585093 0.326050 -0.492483
v -0.857097 0.443154 -0.625544
v -1.802403 0.828019 -1.072175
v -1.470296 0.765624 -0.842161
v -1.117139 0.573011 -0.716076
v -1.194624 0.433999 -0.916078
v -1.152509 0.568234 -0.702797
v -1.179602 0.397166 -0.889412
v -1.063553 0.553302 -0.696831
v -1.092221 0.508820 -0.764281
v -1.118691 0.501329 -0.762023
v -1.182745 0.514679 -0.771972
v -1.223454 0.544561 -0.810952
v -1.313172 0.629043 -0.838286
v -1.621214 0.760106 -0.978591
v -0.719918 0.364469 -0.580956
v -0.972642 0.464043 -0.703844
v -1.915264 0.865295 -1.180388
v -0.585341 0.301110 -0.509655
v -0.858758 0.369499 -0.693187
v -1.743076 0.728742 -1.113870
v -1.374461 0.569538 -0.947288
v -1.970827 0.942879 -1.176758
v -1.925492 0.929153 -1.207727
v -1.907804 0.897595 -1.194807
v -1.079899 0.381875 -0.867458
v -1.111927 0.370854 -0.856166
v -1.033477 0.390623 -0.826104
v -1.143699 0.278251 -0.996829
v -1.042225 0.273360 -0.946735
v -1.067153 0.251134 -0.956779
v -1.116946 0.254502 -0.963011
v -1.958892 0.866398 -1.242240
v -1.200815 0.361200 -0.998364
v -1.990723 0.830026 -1.206279
v -2.027486 0.827305 -1.196326
v -1.967143 0.896255 -1.264498
v -2.005692 0.917896 -1.261129
v -2.044954 0.908110 -1.225721
v -1.501015 0.545847 -1.078052
v -1.855000 0.747049 -1.195373
v -0.725884 0.310638 -0.629832
v -0.954950 0.311388 -0.831459
v -2.056192 0.860191 -1.204077
v -1.142095 0.931848 -0.332105
v -1.130570 0.907565 -0.312559
v -1.161666 0.918455 -0.315298
v -1.173192 0.942738 -0.334844
v -1.156872 0.841387 -0.412786
v -1.132443 0.863920 -0.437203
v -1.200138 0.902577 -0.470105
v -1.224567 0.880045 -0.445688
v -0.363819 0.224294 -0.343416
v -0.379653 0.221407 -0.318554
v -0.362080 0.305027 -0.310635
v -0.434678 0.320884 -0.205136
v -0.409914 0.380049 -0.226587
v -0.369572 0.395277 -0.278688
v -0.421934 0.273144 -0.234058
v -0.351729 0.353363 -0.313371
v -0.393911 0.268656 -0.274674
v -0.382103 0.273742 -0.290500
v -0.381210 0.254679 -0.300719
v -0.480112 0.294758 -0.391804
v -0.476789 0.288103 -0.400010
v -0.475618 0.263093 -0.413416
v -0.449976 0.263445 -0.455661
v -0.463551 0.313663 -0.410522
v -0.450495 0.401040 -0.407574
v -0.484239 0.416644 -0.357664
v -0.449977 0.345497 -0.422029
v -0.521660 0.373885 -0.315388
v -0.528284 0.312154 -0.319693
v -0.501729 0.286362 -0.363562
v -0.470339 0.235619 -0.434745
v -0.564392 0.305763 -0.548055
v -1.102970 0.270501 -1.080798
v -1.099411 0.291367 -1.108237
v -2.012301 0.774468 -1.303158
v -2.145469 0.854729 -1.332572
v -2.135453 0.814883 -1.320981
v -2.089043 0.802379 -1.296472
v -1.159614 0.087832 -1.219234
v -1.159902 0.051161 -1.203811
v -0.358833 0.263425 -0.333714
v -0.475160 0.253307 -0.418662
v -0.461705 0.301044 -0.419020
v -1.855714 0.710401 -1.230948
v -2.052464 0.899724 -1.312873
v -2.010598 0.881919 -1.312037
v -1.997082 0.855030 -1.287543
v -1.140053 0.176502 -1.091472
v -1.049926 0.183624 -1.039837
v -0.971984 0.464846 -0.748156
v -1.074252 0.155632 -1.054694
v -1.106699 0.514184 -0.851027
v -1.142010 0.547373 -0.882037
v -1.118612 0.155123 -1.059573
v -1.196058 0.549694 -0.894358
v -1.100961 0.499732 -0.827217
v -1.184039 0.258628 -1.082808
v -2.028913 0.818658 -1.251582
v -2.067518 0.816879 -1.247732
v -2.087822 0.891059 -1.280912
v -1.467471 0.462862 -1.128046
v -1.596907 0.741663 -1.021181
v -0.707517 0.375382 -0.604393
v -0.728325 0.289760 -0.648862
v -1.902203 0.819834 -1.209405
v -1.299717 0.607819 -0.893822
v -0.961766 0.253040 -0.892155
v -2.097896 0.847813 -1.261548
v -0.588143 0.327400 -0.486648
v -0.571645 0.346408 -0.505316
v -2.042013 0.757520 -1.353437
v -2.030331 0.776590 -1.367725
v -0.562130 0.278007 -0.572440
v -0.582752 0.248848 -0.553102
v -0.860496 0.452504 -0.611932
v -0.845514 0.472571 -0.630876
v -0.878620 0.212684 -0.862184
v -0.857636 0.253173 -0.869999
v -1.827254 0.848367 -1.067069
v -1.815372 0.869698 -1.087646
v -1.620297 0.458759 -1.272582
v -1.616811 0.506374 -1.283358
v -1.481308 0.788784 -0.821325
v -1.254965 0.130866 -1.277950
v -1.463684 0.807406 -0.839396
v -1.256075 0.199161 -1.277465
v -1.507720 0.947203 -0.769964
v -1.900791 0.922201 -1.026414
v -1.864553 0.963608 -1.067352
v -1.545210 0.904461 -0.727732
v -2.176360 0.841812 -1.381715
v -2.159090 0.861546 -1.401225
v -0.859674 0.578393 -0.569365
v -0.897032 0.535596 -0.527070
v -0.628946 0.406089 -0.410013
v -0.591524 0.448849 -0.452289
v -1.466894 0.919404 -0.825939
v -0.558050 0.433306 -0.502375
v -0.635839 0.344420 -0.414494
v -2.142819 0.847344 -1.426680
v -2.176170 0.809235 -1.389003
v -0.828210 0.561453 -0.622643
v -1.893102 0.860312 -1.019903
v -1.545244 0.830676 -0.738395
v -1.817566 0.946623 -1.105239
v -0.905482 0.472296 -0.534578
v -1.454798 0.850115 -0.844051
v -0.557934 0.378437 -0.516505
v -2.125850 0.796721 -1.354583
v -0.830950 0.506947 -0.638934
v -1.859678 0.846617 -1.042437
v -1.808273 0.905355 -1.100511
v -0.609687 0.319301 -0.458038
v -2.090892 0.836666 -1.394077
v -1.507622 0.791397 -0.786109
v -0.881672 0.447417 -0.579954
v -1.290075 0.674741 -0.760697
v -1.117999 0.590245 -0.693855
v -1.108604 0.619524 -0.721802
v -1.264730 0.697605 -0.781045
v -1.103184 0.012308 -1.343585
v -1.148647 0.025920 -1.370843
v -1.166805 -0.038509 -1.358813
v -1.126374 -0.049972 -1.335167
v -1.167668 0.760362 -0.529467
v -1.299303 0.819475 -0.588130
v -1.129941 0.803109 -0.571965
v -1.261076 0.862007 -0.630402
v -1.231838 0.815097 -0.723376
v -1.107447 0.758311 -0.670705
v -1.181635 0.667403 -0.581682
v -1.312382 0.726836 -0.637301
v -1.272571 0.655253 -0.715052
v -1.151335 0.600261 -0.663360
v -1.214746 0.713032 -0.770911
v -1.108050 0.663720 -0.726342
v -1.097530 0.118232 -1.284280
v -1.129574 0.126739 -1.304259
v -1.168010 -0.028879 -1.294521
v -1.141811 -0.034500 -1.277192
v -1.068240 0.574539 -0.672376
v -1.073074 0.038170 -1.210005
v -1.089777 0.577263 -0.632830
v -1.060347 0.597412 -0.694784
v -1.045418 0.639230 -0.694978
v -1.059040 0.100565 -1.203408
v -1.113662 0.624965 -0.564438
v -1.105298 0.700552 -0.544578
v -1.068330 0.743574 -0.586990
v -1.039587 0.715796 -0.653639
v -0.585063 0.317549 -0.498300
v -0.857172 0.417192 -0.649098
v -1.733666 0.778822 -1.058508
v -1.440979 0.699961 -0.879838
v -1.106340 0.507378 -0.769911
v -1.239946 0.569772 -0.824977
v -1.140439 0.500491 -0.757186
v -1.219215 0.533000 -0.794016
v -1.054826 0.497195 -0.742977
v -1.950923 0.859183 -1.224396
v -0.585676 0.285333 -0.520574
v -0.860793 0.324243 -0.735393
v -1.950182 0.812497 -1.210847
v -1.705252 0.652045 -1.153295
v -1.310223 0.443787 -1.012217
v -2.055964 0.886759 -1.211046
v -2.026938 0.919927 -1.243837
v -1.984624 0.908008 -1.270410
v -2.046435 0.837381 -1.200582
v -2.006524 0.826131 -1.196497
v -1.957236 0.882449 -1.252179
v -1.055203 0.261832 -0.961224
v -1.085320 0.246834 -0.951381
v -1.013660 0.288838 -0.905938
v -1.152177 0.304037 -1.004049
v -1.142812 0.267264 -0.981538
v -1.131315 0.904138 -0.351753
v -1.170316 0.931225 -0.371406
v -1.147251 0.891509 -0.337049
v -1.186252 0.918596 -0.356702
v -0.385129 0.274051 -0.285697
v -0.368568 0.292956 -0.304414
v -0.354993 0.242737 -0.349553
v -0.375356 0.214912 -0.328638
v -0.426677 0.353177 -0.209280
v -0.389256 0.395937 -0.251556
v -0.355512 0.380332 -0.301466
v -0.433301 0.291447 -0.213585
v -0.354994 0.324789 -0.315921
v -0.406746 0.265654 -0.257454
v -0.381806 0.267396 -0.293902
v -0.380635 0.242386 -0.307308
v -1.977237 0.837593 -1.263826
v -0.570649 0.329982 -0.518417
v -0.585942 0.272774 -0.529266
v -0.865776 0.288453 -0.771731
v -0.849048 0.424563 -0.679966
v -1.774564 0.791332 -1.127462
v -1.678507 0.591225 -1.187420
v -1.421276 0.678075 -0.930116
v -1.282638 0.345326 -1.083088
v -2.071605 0.901655 -1.297237
v -2.031697 0.891176 -1.320310
v -1.996586 0.870391 -1.297849
v -1.177978 0.556847 -0.895999
v -1.062458 0.168149 -1.057792
v -1.226540 0.556493 -0.889502
v -1.110065 0.502870 -0.840451
v -1.110726 0.530182 -0.863402
v -1.091054 0.149985 -1.049102
v -1.061047 0.491485 -0.800170
v -1.021436 0.209454 -0.988675
v -1.979160 0.794757 -1.253909
v -2.097718 0.871818 -1.267736
v -2.087961 0.826886 -1.256747
v -2.045018 0.815051 -1.243134
v -1.145302 0.202458 -1.096004
v -1.140440 0.165733 -1.076799
v -0.366722 0.280336 -0.312913
v -0.380177 0.232599 -0.312554
v -1.232316 -0.957134 0.040194
v -1.025887 -0.670360 1.131978
v -1.240958 -0.524215 0.154084
v -0.589444 -0.286383 0.048157
v -0.667801 -0.184849 0.039819
v -0.997380 -0.711978 1.081487
v -1.415980 -0.975594 0.607149
v -1.026976 -0.603459 0.735321
v -1.264323 -1.037651 0.627307
v -1.212513 -0.545082 0.741537
v -1.476795 -0.804259 0.670663
v -1.401850 -0.632290 0.727501
v -0.997720 -0.781024 0.697708
v -1.368657 -1.079021 1.031610
v -1.171760 -0.832933 1.188476
v -0.536366 -0.362527 -0.151186
v -0.583194 -0.300703 -0.234528
v -0.712647 -0.129596 -0.044536
v -1.038421 -1.005315 0.416622
v -0.944138 -0.836468 0.462060
v -1.405278 -0.602337 0.491481
v -1.471473 -0.764478 0.464497
v -1.221627 -0.531657 0.518683
v -1.209069 -1.052720 0.410952
v -1.390426 -0.952682 0.429236
v -0.862625 -0.461424 0.727613
v -0.887492 -0.654686 0.538878
v -0.967955 -0.544253 0.443587
v -0.972194 -0.589561 0.666936
v -0.826472 -0.417024 0.709748
v -0.880342 -0.387437 0.694888
v -0.805769 -0.481146 0.681380
v -0.823485 -0.407159 0.648655
v -1.407228 -1.052219 1.071241
v -1.266109 -0.918291 1.185598
v -1.170787 -0.928500 1.177212
v -1.267082 -0.822724 1.196861
v -1.209773 -0.890320 1.239100
v -1.092417 -0.607584 1.100880
v -1.091078 -0.704892 1.101538
v -0.998719 -0.614670 1.080829
v -1.106544 -0.956672 0.667243
v -1.377794 -0.998654 1.063537
v -1.435072 -1.076396 1.015101
v -1.444209 -0.996029 1.047027
v -0.873439 -0.449111 0.565979
v -0.835248 -0.543538 0.618086
v -0.952359 -0.416846 0.640106
v -0.914168 -0.511273 0.692212
v -1.034789 -0.583825 0.920063
v -1.166237 -0.692249 0.949670
v -1.162306 -0.570095 0.947312
v -1.038721 -0.705978 0.922421
v -1.345420 -0.719206 1.001306
v -1.172235 -0.909443 0.965967
v -1.323884 -0.881387 0.980234
v -1.193771 -0.747262 0.987039
v -1.461062 -0.900683 0.892408
v -1.434498 -1.018916 0.829909
v -1.368089 -0.913757 0.930514
v -1.341525 -1.031991 0.868016
v -1.052657 -0.479128 0.571645
v -1.450556 -0.712547 0.102676
v -0.656284 -0.202174 -0.246238
v -1.007961 -0.786595 0.102052
v -0.709283 -0.134092 -0.158244
v -1.383650 -0.864538 0.047862
v -1.394596 -0.581655 0.141067
v -1.064646 -0.603237 0.137703
v -1.086884 -0.926998 0.067936
v -1.014400 -0.757572 -0.048890
v -1.079639 -0.652539 0.043393
v -1.254697 -0.514818 -0.157011
v -1.175426 -0.593983 -0.249766
v -1.084673 -0.713085 -0.244084
v -1.026597 -0.780473 -0.162196
v -1.187812 -0.537696 0.035250
v -1.258047 -0.493386 -0.048015
v -0.534463 -0.361036 -0.040850
v -1.384280 -0.920496 0.289493
v -1.213557 -1.016578 0.272687
v -1.227185 -0.522626 0.362533
v -1.019383 -0.589744 0.329481
v -1.429060 -0.984069 0.698649
v -1.311375 -1.014691 0.742475
v -1.198094 -0.552870 0.839196
v -1.043507 -0.580350 0.814532
v -1.118621 -0.650678 1.106925
v -1.305599 -1.021068 0.416608
v -1.085591 -0.559542 0.930573
v -1.121691 -0.513530 0.541605
v -0.964271 -0.811426 0.308884
v -1.051903 -0.972532 0.280229
v -1.461082 -0.743368 0.325857
v -1.399490 -0.590721 0.351156
v -1.041836 -0.724546 0.807393
v -1.161434 -0.908663 0.813630
v -1.471500 -0.838799 0.775149
v -1.384636 -0.663484 0.859175
v -1.016849 -0.635213 0.916955
v -1.040445 -0.736551 1.090973
v -1.063132 -0.699799 1.128905
v -0.997203 -0.704380 1.114793
v -1.353501 -0.873188 0.891329
v -1.199052 -0.703220 0.902835
v -1.450176 -0.862255 0.446109
v -0.998148 -0.635632 1.114654
v -0.916968 -0.736944 0.500064
v -1.064077 -0.631051 1.128766
v -1.455960 -0.673218 0.480815
v -1.325232 -0.554322 0.502201
v -0.980718 -0.932758 0.431901
v -1.115216 -1.047512 0.411285
v -1.051046 -1.005034 0.532882
v -0.950458 -0.832601 0.585289
v -1.405813 -0.615337 0.605274
v -1.476826 -0.783879 0.570071
v -1.216658 -0.540191 0.639609
v -1.222758 -1.062963 0.518227
v -0.998703 -0.618185 0.685200
v -1.401141 -0.972221 0.526861
v -0.915034 -0.487535 0.511762
v -1.000791 -0.442288 0.605559
v -0.859117 -0.590086 0.578290
v -0.944874 -0.544840 0.672088
v -0.817221 -0.403287 0.681647
v -0.854223 -0.390001 0.708563
v -0.807013 -0.452681 0.700126
v -0.844015 -0.439394 0.727042
v -0.886936 -0.417442 0.723581
v -0.864145 -0.553142 0.667426
v -0.855104 -0.380859 0.662818
v -0.835628 -0.502261 0.574250
v -1.465248 -0.895342 0.629979
v -0.987747 -0.682908 0.719405
v -1.454401 -0.713018 0.709678
v -1.320700 -0.572753 0.734623
v -1.042213 -0.878661 0.677796
v -1.183114 -1.011016 0.654320
v -1.344002 -1.028527 0.605237
v -1.105276 -0.553806 0.743388
v -1.218205 -0.947288 1.178589
v -1.370909 -0.795100 0.994000
v -1.276634 -0.690870 0.999778
v -1.147443 -0.883269 1.180748
v -1.182423 -0.859827 1.226989
v -1.241705 -0.913459 1.225180
v -1.238695 -0.857390 1.231519
v -1.185432 -0.915897 1.220650
v -0.908564 -0.651611 0.626230
v -0.907711 -0.613871 0.459718
v -1.029259 -0.485963 0.483293
v -1.034765 -0.516183 0.651805
v -1.427590 -1.075074 1.046162
v -1.381017 -1.077120 1.057952
v -1.433042 -1.019972 1.068569
v -1.386469 -1.022017 1.080359
v -1.401077 -1.096156 1.015680
v -1.324567 -0.983828 0.907364
v -1.428213 -0.869977 0.928514
v -1.454748 -1.037200 1.026632
v -0.954009 -0.453863 0.685440
v -0.828529 -0.491840 0.711906
v -0.921432 -0.411502 0.589267
v -0.801652 -0.447025 0.654232
v -0.842985 -0.423985 0.610268
v -0.817070 -0.509179 0.653903
v -0.910998 -0.399622 0.671232
v -0.885083 -0.484816 0.714868
v -1.208124 -0.614619 0.957828
v -1.042454 -0.590589 1.089986
v -0.978074 -0.661307 1.076849
v -1.091488 -0.742772 0.934110
v -1.015100 -0.599919 1.019600
v -1.121516 -0.698192 1.043814
v -1.121597 -0.590439 1.042376
v -1.015020 -0.707672 1.021038
v -1.244330 -0.934142 0.968171
v -1.290426 -0.867955 1.193326
v -1.219664 -0.803937 1.195485
v -1.143435 -0.837184 0.972598
v -1.300726 -0.779077 1.123875
v -1.166251 -0.926794 1.096435
v -1.290874 -0.906904 1.108050
v -1.176103 -0.798968 1.112260
v -1.388366 -1.047327 0.834765
v -1.355125 -1.041137 1.051396
v -1.414782 -0.975606 1.063569
v -1.464027 -0.964216 0.850204
v -1.450344 -0.962297 0.992885
v -1.435450 -1.057303 0.951777
v -1.374051 -0.967458 1.015385
v -1.359157 -1.062463 0.974277
v -1.014055 -0.778481 -0.108848
v -1.043644 -0.767341 -0.067179
v -1.034159 -0.716030 0.005449
v -0.855401 -0.634067 -0.021267
v -1.100744 -0.617720 -0.020860
v -1.136030 -0.586076 0.054603
v -0.919089 -0.547593 0.081835
v -1.267827 -0.496749 -0.099032
v -1.390993 -0.636785 -0.101573
v -1.221393 -0.545519 -0.212158
v -1.057050 -0.372624 -0.152700
v -1.287488 -0.696395 -0.215798
v -1.127697 -0.653927 -0.262023
v -0.994805 -0.452924 -0.250079
v -1.186749 -0.824198 -0.201672
v -1.050919 -0.760297 -0.207519
v -0.910995 -0.565619 -0.241064
v -1.098489 -0.866944 -0.118208
v -0.857606 -0.635794 -0.149073
v -1.247169 -0.535198 -0.009153
v -1.230244 -0.506954 -0.003199
v -1.009853 -0.429981 0.072176
v -1.365781 -0.559927 -0.037389
v -1.061800 -0.365981 -0.025536
v -0.530046 -0.368874 -0.099265
v -0.553100 -0.334907 0.012233
v -1.038325 -0.868085 0.083882
v -1.011180 -0.693954 0.120437
v -0.631632 -0.231138 0.059745
v -1.148415 -0.539138 0.150415
v -1.327834 -0.543306 0.150168
v -0.695592 -0.150130 0.000889
v -0.688508 -0.160081 -0.212760
v -0.619037 -0.251880 -0.254791
v -1.313293 -0.924345 0.035413
v -1.433452 -0.790334 0.071790
v -1.152352 -0.958514 0.053286
v -0.553916 -0.340351 -0.196357
v -0.717650 -0.124000 -0.097299
v -1.437074 -0.638605 0.125840
v -0.949631 -0.697581 0.347549
v -1.111903 -0.520229 0.380465
v -1.304897 -0.985569 0.275810
v -1.440058 -0.835276 0.308636
v -1.467605 -0.917067 0.723474
v -1.371705 -1.022410 0.703905
v -1.022723 -0.638787 0.808632
v -1.102520 -0.551092 0.824813
v -0.997656 -0.903504 0.291107
v -1.124383 -1.012268 0.275239
v -1.447228 -0.657634 0.341118
v -1.324074 -0.544946 0.357715
v -1.109439 -0.804895 0.830587
v -1.262353 -0.956006 0.816547
v -1.437891 -0.763184 0.852366
v -1.300591 -0.594919 0.869583
v -1.458819 -0.882564 0.545572
v -1.317789 -1.037479 0.516794
v -0.929165 -0.723531 0.634342
v -1.094838 -0.542056 0.668120
v -1.458159 -0.690145 0.592568
v -1.323931 -0.563878 0.617762
v -0.990479 -0.930163 0.549720
v -1.129395 -1.051280 0.525481
v -0.970927 -0.441340 0.541368
v -0.866601 -0.548056 0.522237
v -0.995237 -0.480186 0.662933
v -0.887051 -0.595167 0.641160
v -0.841766 -0.387219 0.684313
v -0.805313 -0.434071 0.678248
v -0.863473 -0.413496 0.722722
v -0.824818 -0.464007 0.715284
v -1.212724 -0.837627 1.221282
v -1.260038 -0.880431 1.219838
v -1.214966 -0.929941 1.210641
v -1.167652 -0.887136 1.212085
v -1.032086 -0.719521 1.113743
v -0.985746 -0.667585 1.103432
v -1.033521 -0.615163 1.113327
v -1.085993 -0.660364 1.124888
v -1.441668 -1.044927 1.048009
v -1.403086 -1.087307 1.040136
v -1.370752 -1.047911 1.065827
v -1.411993 -1.002609 1.074242
v -0.916202 -0.434014 0.709072
v -0.843439 -0.520409 0.694514
v -0.882311 -0.392618 0.629061
v -0.814183 -0.470559 0.617625
v -1.153751 -0.635867 1.050028
v -1.062798 -0.574320 1.029389
v -0.994006 -0.650087 1.015864
v -1.062677 -0.735948 1.031547
v -1.226514 -0.948351 1.098370
v -1.326542 -0.838472 1.118782
v -1.241292 -0.756612 1.122108
v -1.139607 -0.868308 1.101359
v -1.397115 -1.079751 0.953472
v -1.343996 -1.020134 0.999735
v -1.419457 -0.937243 1.015134
v -1.458435 -1.012393 0.965984
v -1.051772 -0.694253 -0.042280
v -0.876990 -0.603801 0.040222
v -1.172050 -0.557991 -0.008032
v -0.967957 -0.483601 0.095257
v -1.234209 -0.758872 -0.228450
v -0.951873 -0.510142 -0.261123
v -1.341788 -0.651972 -0.169544
v -1.032345 -0.403805 -0.212437
v -1.144283 -0.874478 -0.147812
v -0.877722 -0.610466 -0.200261
v -0.850286 -0.643147 -0.088932
v -1.063552 -0.828041 -0.093112
v -1.315300 -0.539077 -0.020495
v -1.042044 -0.389765 0.027082
v -1.067382 -0.359857 -0.085517
v -1.394001 -0.595473 -0.062096
v 0.447014 -0.173732 0.033972
v 0.520213 -0.078881 0.026183
v 0.397430 -0.244864 -0.152249
v 0.441522 -0.186538 -0.231924
v 0.562107 -0.027266 -0.052619
v 0.510146 -0.093925 -0.244683
v 0.559311 -0.030895 -0.160662
v 0.395652 -0.243471 -0.049176
v 0.391526 -0.250793 -0.103746
v 0.413063 -0.219062 0.000413
v 0.486425 -0.122124 0.044797
v 0.546174 -0.046448 -0.010184
v 0.540163 -0.054745 -0.212954
v 0.475265 -0.140501 -0.252218
v 0.413912 -0.224004 -0.194902
v 0.566867 -0.021896 -0.102364
v -0.455196 -0.180203 0.034787
v -0.528691 -0.084968 0.026966
v -0.405411 -0.251622 -0.152188
v -0.449660 -0.193096 -0.232074
v -0.570754 -0.033144 -0.052155
v -0.518541 -0.100143 -0.244773
v -0.567926 -0.036823 -0.160523
v -0.403625 -0.250224 -0.048698
v -0.399483 -0.257576 -0.103489
v -0.421107 -0.225716 0.001092
v -0.494766 -0.128386 0.045656
v -0.554757 -0.052403 -0.009548
v -0.548684 -0.060796 -0.212943
v -0.483523 -0.146898 -0.252365
v -0.421954 -0.230687 -0.194986
v -0.575528 -0.027761 -0.102073
v 0.409703 0.514765 0.104092
v 0.394088 0.497871 -0.127183
v 0.582782 -0.223510 0.029946
v 0.460305 -0.316754 0.273834
v 0.551189 -0.187591 -0.200851
v 0.575943 0.021354 0.054559
v 0.441384 -0.052018 0.311172
v 0.564390 0.064585 -0.132522
v 0.491274 -0.403501 0.072769
v 0.477799 -0.368602 -0.233535
v -0.409703 0.514939 0.104013
v -0.394088 0.497366 -0.127168
v -0.582787 -0.223504 0.029947
v -0.460172 -0.316767 0.273909
v -0.551200 -0.187563 -0.200851
v -0.575887 0.021610 0.054713
v -0.441406 -0.051911 0.311283
v -0.564508 0.064481 -0.132439
v -0.491259 -0.403504 0.072762
v -0.477796 -0.368601 -0.233537
v 0.000000 0.593078 -0.214774
v 0.533552 -0.258203 -0.228663
v 0.472461 -0.388050 0.191844
v 0.000000 -0.121001 -0.616615
v 0.000000 -0.387784 0.523307
v 0.354295 0.457429 -0.241968
v 0.316268 0.567783 -0.134444
v 0.458221 0.403405 -0.126971
v 0.483298 0.406165 0.075633
v 0.410900 0.526074 -0.007295
v 0.363999 -0.377578 0.392305
v 0.000000 0.645975 0.222559
v 0.554745 -0.316047 0.030253
v 0.405708 0.447350 0.194355
v 0.319255 0.593396 0.139686
v 0.545127 -0.252907 0.140205
v 0.397982 -0.473036 -0.226563
v 0.000000 -0.569719 -0.141345
v 0.279599 -0.530240 -0.197027
v 0.000000 -0.554699 0.232667
v 0.569220 -0.239576 -0.077201
v 0.338729 -0.095312 0.461815
v 0.495095 -0.141046 -0.333951
v 0.529955 -0.002641 0.154760
v 0.583593 -0.113786 0.044674
v 0.451142 -0.200570 0.315716
v 0.579572 -0.089841 -0.152890
v 0.586660 0.038599 -0.027885
v 0.499306 0.098569 -0.254772
v 0.553953 0.158791 0.059389
v 0.431289 0.118944 0.282967
v 0.542540 0.196639 -0.115316
v 0.000000 0.429919 -0.464558
v 0.000000 0.121195 -0.546359
v 0.273019 -0.534819 0.166381
v 0.390528 -0.490242 0.118808
v 0.320765 0.115463 -0.426969
v 0.237769 0.433628 -0.369496
v 0.167159 0.629301 0.178356
v 0.185877 0.584148 -0.179668
v 0.352840 -0.126116 -0.498255
v 0.238817 -0.394420 0.459207
v 0.000000 -0.378270 -0.504373
v 0.437497 -0.356621 -0.369011
v 0.317901 -0.366272 -0.459005
v 0.487587 -0.388741 -0.078609
v 0.201076 -0.101404 0.557499
v 0.000000 -0.093467 0.642966
v -0.533552 -0.258203 -0.228663
v -0.472285 -0.388089 0.191762
v -0.354295 0.456881 -0.241882
v -0.316268 0.567320 -0.134587
v -0.458627 0.402768 -0.126506
v -0.483291 0.406174 0.075855
v -0.410900 0.525780 -0.007385
v -0.363869 -0.377542 0.392369
v -0.554746 -0.316046 0.030253
v -0.405708 0.447705 0.194507
v -0.319255 0.594298 0.138451
v -0.545283 -0.252780 0.140258
v -0.398024 -0.473068 -0.226534
v -0.278102 -0.530887 -0.196711
v -0.569230 -0.239558 -0.077200
v -0.338704 -0.095208 0.461991
v -0.495003 -0.141158 -0.333974
v -0.529957 -0.002561 0.154878
v -0.583597 -0.113772 0.044673
v -0.451137 -0.200538 0.315804
v -0.579558 -0.089813 -0.152903
v -0.586601 0.038662 -0.027715
v -0.499456 0.098539 -0.254689
v -0.553889 0.158886 0.059547
v -0.431286 0.119081 0.283177
v -0.541980 0.196681 -0.115238
v -0.271518 -0.535344 0.166914
v -0.390732 -0.490282 0.118921
v -0.318128 0.115184 -0.429197
v -0.236356 0.432931 -0.370968
v -0.165316 0.629972 0.178558
v -0.184297 0.584194 -0.180263
v -0.351079 -0.126010 -0.500249
v -0.237272 -0.394594 0.460071
v -0.437571 -0.356721 -0.368952
v -0.316390 -0.366305 -0.460145
v -0.487558 -0.388742 -0.078624
v -0.199398 -0.101263 0.558915
v 0.536043 -0.308938 -0.101303
v 0.478422 -0.240916 -0.359232
v 0.381781 -0.457058 0.267339
v 0.319708 0.605774 0.005027
v 0.487738 0.415474 -0.017340
v 0.319872 0.509607 0.258999
v 0.308835 0.513215 -0.228278
v 0.397806 0.382734 -0.240285
v 0.532388 -0.317482 0.120724
v 0.461838 0.382668 0.139218
v 0.392492 -0.437828 -0.329226
v 0.287076 -0.474410 -0.357524
v 0.275861 -0.547721 -0.005120
v 0.593687 -0.127430 -0.039646
v 0.346928 -0.255510 0.465976
v 0.497759 -0.036405 -0.297717
v 0.541851 -0.141124 0.153606
v 0.564241 0.171936 -0.017864
v 0.431488 0.241186 -0.256156
v 0.334729 0.099120 0.413467
v 0.510779 0.143085 0.149778
v 0.345083 -0.233635 -0.504518
v 0.263272 -0.486091 0.319359
v 0.171106 0.635778 0.004799
v 0.205430 0.505227 -0.322246
v 0.171572 0.541793 0.332077
v 0.393541 -0.490355 -0.048918
v 0.213478 -0.265019 0.548748
v 0.193312 0.098912 0.514361
v 0.265033 0.368311 -0.376470
v 0.288682 0.238798 -0.400024
v 0.345141 -0.018250 -0.463691
v 0.000000 0.649565 0.009093
v 0.000000 0.506803 -0.393393
v 0.000000 0.556785 0.410031
v 0.000000 -0.233218 -0.602540
v -0.536040 -0.308940 -0.101304
v 0.000000 -0.490655 0.381020
v -0.478405 -0.240882 -0.359248
v -0.381472 -0.457046 0.267179
v -0.319708 0.605487 0.004581
v -0.488168 0.414939 -0.016852
v -0.319872 0.510220 0.258979
v -0.308835 0.512738 -0.228289
v -0.397806 0.381792 -0.239904
v -0.532555 -0.317395 0.120791
v -0.461848 0.382804 0.139474
v 0.000000 -0.506867 -0.343509
v -0.392154 -0.437423 -0.329484
v -0.285762 -0.474810 -0.357895
v -0.274332 -0.548374 -0.004651
v -0.593686 -0.127370 -0.039659
v -0.346870 -0.255442 0.466106
v -0.497718 -0.036404 -0.297739
v -0.541895 -0.141024 0.153762
v 0.000000 -0.253367 0.621846
v -0.564148 0.171974 -0.017727
v -0.433612 0.240673 -0.254961
v -0.334730 0.099225 0.413598
v -0.510765 0.143168 0.149986
v 0.000000 0.104634 0.610099
v 0.000000 0.364109 -0.480370
v 0.000000 0.242106 -0.511868
v 0.000000 -0.012552 -0.585066
v -0.343351 -0.233893 -0.506266
v -0.261788 -0.486413 0.320057
v -0.169305 0.636084 0.004679
v -0.204177 0.504897 -0.323383
v -0.169775 0.542456 0.332925
v -0.393229 -0.490229 -0.049105
v 0.000000 -0.580954 0.063566
v -0.211848 -0.265096 0.549806
v -0.191599 0.098927 0.515604
v -0.263424 0.367171 -0.377792
v -0.286953 0.238768 -0.401767
v -0.343613 -0.017906 -0.465564
v 0.685826 0.947891 0.490542
v 0.486164 0.714076 0.593652
v 0.263918 0.512783 0.471993
v 0.393888 0.367360 0.434741
v 0.478981 0.457838 0.289891
v 0.349010 0.603262 0.327143
v 0.596768 0.623253 0.593392
v 0.644218 0.658520 0.468701
v 0.533614 0.749344 0.468961
v 0.654317 1.092988 0.489695
v 0.621553 0.986450 0.481139
v 0.602852 0.980570 0.551440
v 0.667125 0.942010 0.560843
v -0.685826 0.947891 0.490542
v -0.486164 0.714076 0.593652
v -0.263918 0.512783 0.471993
v -0.393888 0.367359 0.434741
v -0.478981 0.457838 0.289891
v -0.349010 0.603262 0.327143
v -0.596768 0.623253 0.593392
v -0.644218 0.658520 0.468701
v -0.533614 0.749344 0.468961
v -0.654316 1.092989 0.489695
v -0.621553 0.986451 0.481139
v -0.602852 0.980570 0.551440
v -0.667124 0.942010 0.560843
v 0.232633 0.575023 0.211774
v 0.261122 0.291972 0.291862
v 0.363099 0.410787 0.151209
v 0.130657 0.456207 0.352427
v 0.453349 0.653902 0.420282
v 0.510991 0.469026 0.545843
v 0.578231 0.531534 0.403934
v 0.386110 0.591395 0.562191
v 0.308407 0.417257 0.489174
v 0.273194 0.594573 0.409287
v 0.468150 0.376437 0.353408
v 0.436046 0.552976 0.271899
v 0.589712 0.867541 0.485229
v 0.649414 0.793195 0.593141
v 0.679298 0.807679 0.494225
v 0.559829 0.853057 0.584145
v 0.530381 0.659577 0.624029
v 0.481461 0.754686 0.532037
v 0.647367 0.618451 0.531647
v 0.601555 0.712478 0.436993
v 0.639600 1.072717 0.476143
v 0.664044 1.048880 0.518895
v 0.674075 1.052034 0.481187
v 0.629569 1.069563 0.513851
v 0.658365 0.968641 0.468265
v 0.692544 0.935310 0.528043
v 0.596134 0.993150 0.513939
v 0.630313 0.959820 0.573716
v -0.232633 0.575023 0.211774
v -0.261122 0.291972 0.291862
v -0.363099 0.410787 0.151209
v -0.130657 0.456207 0.352427
v -0.453349 0.653902 0.420282
v -0.510991 0.469026 0.545843
v -0.578231 0.531534 0.403934
v -0.386110 0.591395 0.562191
v -0.308407 0.417258 0.489174
v -0.273194 0.594573 0.409287
v -0.468150 0.376437 0.353408
v -0.436045 0.552976 0.271899
v -0.589712 0.867541 0.485230
v -0.649414 0.793195 0.593141
v -0.679297 0.807679 0.494225
v -0.559829 0.853058 0.584145
v -0.530381 0.659577 0.624029
v -0.481461 0.754686 0.532037
v -0.647367 0.618451 0.531647
v -0.601555 0.712478 0.436992
v -0.639600 1.072718 0.476143
v -0.664044 1.048881 0.518895
v -0.674075 1.052035 0.481187
v -0.629569 1.069563 0.513851
v -0.658365 0.968641 0.468265
v -0.692543 0.935311 0.528043
v -0.596134 0.993150 0.513939
v -0.630313 0.959820 0.573716
v 0.323360 0.522762 0.146848
v 0.149029 0.556521 0.296722
v 0.344727 0.310168 0.205875
v 0.170395 0.344538 0.357828
v 0.387344 0.653627 0.496257
v 0.533766 0.607958 0.375698
v 0.432906 0.514197 0.588561
v 0.574666 0.470075 0.471735
v 0.552180 0.875333 0.532605
v 0.642170 0.841163 0.464832
v 0.597345 0.819437 0.613205
v 0.686558 0.785538 0.546098
v 0.620277 1.053524 0.499273
v 0.658496 1.038471 0.471223
v 0.641268 1.033054 0.535986
v 0.679487 1.018002 0.507935
v -0.323360 0.522762 0.146848
v -0.149029 0.556521 0.296722
v -0.344727 0.310168 0.205875
v -0.170395 0.344538 0.357828
v -0.387344 0.653627 0.496257
v -0.533766 0.607958 0.375698
v -0.432906 0.514197 0.588561
v -0.574666 0.470075 0.471735
v -0.552180 0.875333 0.532605
v -0.642170 0.841164 0.464832
v -0.597345 0.819438 0.613205
v -0.686558 0.785539 0.546098
v -0.620277 1.053524 0.499273
v -0.658496 1.038472 0.471223
v -0.641268 1.033054 0.535986
v -0.679487 1.018002 0.507935
v 0.573190 0.083626 0.420607
v 0.592138 0.076755 0.372638
v 0.598160 0.072199 0.321162
v 0.590846 0.070266 0.269688
v 0.570693 0.071089 0.221724
v 0.539076 0.074612 0.180538
v 0.498150 0.080595 0.148938
v 0.450702 0.088630 0.129075
v 0.399967 0.098168 0.122305
v 0.495050 0.083700 0.495607
v 0.528079 0.056544 0.466207
v 0.552644 0.032999 0.426838
v 0.566974 0.014751 0.380269
v 0.570093 0.003042 0.329674
v 0.561789 -0.001330 0.278501
v 0.542627 0.001932 0.230236
v 0.513912 0.012607 0.188170
v 0.477603 0.029968 0.155168
v 0.436174 0.052831 0.133481
v 0.392447 0.079638 0.124586
v 0.455526 0.112849 0.513287
v 0.481156 0.069663 0.499656
v 0.501423 0.029274 0.473862
v 0.514946 -0.005566 0.437664
v 0.520804 -0.032482 0.393529
v 0.518597 -0.049640 0.344463
v 0.508476 -0.055871 0.293811
v 0.491131 -0.050750 0.245025
v 0.467743 -0.034625 0.201429
v 0.439906 -0.008598 0.165995
v 0.409518 0.025561 0.141136
v 0.378649 0.065522 0.128548
v 0.463180 0.062110 0.504697
v 0.466697 0.014683 0.483602
v 0.465837 -0.026199 0.451438
v 0.460657 -0.057753 0.410398
v 0.451512 -0.077826 0.363278
v 0.439025 -0.085051 0.313290
v 0.424045 -0.078936 0.263840
v 0.407596 -0.059896 0.218298
v 0.390796 -0.029231 0.179768
v 0.374792 0.010971 0.150876
v 0.360673 0.057969 0.133590
v 0.443764 0.062272 0.510050
v 0.429188 0.014994 0.493942
v 0.412791 -0.025760 0.466061
v 0.395690 -0.057214 0.428308
v 0.379050 -0.077225 0.383254
v 0.364007 -0.084430 0.333971
v 0.351584 -0.078335 0.283816
v 0.342628 -0.059358 0.236208
v 0.337750 -0.028792 0.194392
v 0.337283 0.011282 0.161216
v 0.341257 0.058131 0.138942
v 0.425863 0.070122 0.514899
v 0.394607 0.030160 0.503310
v 0.363885 -0.004313 0.479309
v 0.335793 -0.030948 0.444532
v 0.312244 -0.047929 0.401350
v 0.294844 -0.054100 0.352705
v 0.284777 -0.049039 0.301912
v 0.282731 -0.033092 0.252433
v 0.288845 -0.007345 0.207639
v 0.302701 0.026447 0.170584
v 0.323356 0.065981 0.143791
v 0.412203 0.084465 0.518506
v 0.368217 0.057869 0.510278
v 0.326565 0.034874 0.489164
v 0.290085 0.017046 0.456602
v 0.261263 0.005601 0.414812
v 0.242065 0.001319 0.366642
v 0.233797 0.004492 0.315374
v 0.237023 0.014902 0.264503
v 0.251524 0.031842 0.217494
v 0.276312 0.054156 0.177552
v 0.309696 0.080324 0.147398
v 0.404863 0.103119 0.520322
v 0.354037 0.093906 0.513786
v 0.306512 0.085837 0.494125
v 0.265525 0.079464 0.462678
v 0.233870 0.075219 0.421589
v 0.213705 0.073392 0.373658
v 0.206404 0.074109 0.322151
v 0.212463 0.077320 0.270579
v 0.231471 0.082806 0.222456
v 0.262132 0.090192 0.181060
v 0.302356 0.098978 0.149215
v 0.404961 0.123242 0.520070
v 0.354226 0.132782 0.513300
v 0.306779 0.140817 0.493438
v 0.265852 0.146799 0.461837
v 0.234235 0.150323 0.420651
v 0.214083 0.151146 0.372687
v 0.206768 0.149213 0.321213
v 0.212790 0.144656 0.269738
v 0.231738 0.137785 0.221768
v 0.262321 0.129070 0.180574
v 0.302454 0.119102 0.148963
v 0.349402 0.108562 0.129088
v 0.412481 0.141774 0.517790
v 0.368754 0.168580 0.508894
v 0.327325 0.191443 0.487207
v 0.291015 0.208804 0.454206
v 0.262302 0.219480 0.412139
v 0.243139 0.222742 0.363875
v 0.234835 0.218371 0.312701
v 0.237954 0.206660 0.262106
v 0.252284 0.188412 0.215537
v 0.276849 0.164868 0.176168
v 0.309974 0.137632 0.146682
v 0.426280 0.155890 0.513827
v 0.395411 0.195851 0.501239
v 0.365022 0.230009 0.476381
v 0.337185 0.256038 0.440946
v 0.313797 0.272162 0.397350
v 0.296452 0.277283 0.348564
v 0.286331 0.271052 0.297912
v 0.284124 0.253894 0.248847
v 0.289982 0.226978 0.204711
v 0.303505 0.192138 0.168513
v 0.323772 0.151749 0.142720
v 0.444255 0.163442 0.508786
v 0.430137 0.210441 0.491500
v 0.414132 0.250642 0.462607
v 0.397333 0.281308 0.424077
v 0.380883 0.300347 0.378535
v 0.365904 0.306463 0.329086
v 0.353416 0.299238 0.279097
v 0.344271 0.279165 0.231978
v 0.339092 0.247611 0.190938
v 0.338231 0.206728 0.158774
v 0.341748 0.159301 0.137678
v 0.463671 0.163281 0.503433
v 0.467645 0.210130 0.481159
v 0.467178 0.250203 0.447984
v 0.462300 0.280770 0.406167
v 0.453345 0.299747 0.358559
v 0.440921 0.305841 0.308405
v 0.425878 0.298637 0.259121
v 0.409238 0.278626 0.214068
v 0.392137 0.247171 0.176314
v 0.375740 0.206417 0.148433
v 0.361164 0.159140 0.132325
v 0.481572 0.155431 0.498584
v 0.502227 0.194966 0.471792
v 0.516083 0.228757 0.434736
v 0.522197 0.254504 0.389942
v 0.520151 0.270450 0.340463
v 0.510084 0.275511 0.289670
v 0.492684 0.269341 0.241025
v 0.469135 0.252360 0.197843
v 0.441043 0.225726 0.163066
v 0.410322 0.191252 0.139066
v 0.379065 0.151290 0.127476
v 0.495232 0.141088 0.494977
v 0.528616 0.167255 0.464823
v 0.553403 0.189569 0.424881
v 0.567905 0.206509 0.377873
v 0.571131 0.216919 0.327001
v 0.562863 0.220092 0.275733
v 0.543664 0.215810 0.227563
v 0.514843 0.204365 0.185773
v 0.478363 0.186538 0.153212
v 0.436711 0.163542 0.132098
v 0.392725 0.136946 0.123869
v 0.502572 0.122434 0.493161
v 0.542796 0.131219 0.461315
v 0.573457 0.138606 0.419920
v 0.592465 0.144092 0.371796
v 0.598524 0.147303 0.320224
v 0.591223 0.148019 0.268717
v 0.571058 0.146193 0.220786
v 0.539403 0.141948 0.179697
v 0.498416 0.135574 0.148250
v 0.450891 0.127506 0.128589
v 0.400065 0.118292 0.122053
v 0.502474 0.102309 0.493412
v 0.542607 0.092342 0.461801
v 0.460690 0.144827 0.507039
v 0.434499 0.143793 0.513675
v 0.474401 0.143709 0.502632
v 0.448276 0.145391 0.510392
v 0.460331 0.080992 0.507894
v 0.473772 0.082104 0.503583
v 0.448155 0.081155 0.511258
v 0.434346 0.082340 0.514438
v -0.573175 0.083627 0.420607
v -0.592123 0.076756 0.372638
v -0.598145 0.072199 0.321162
v -0.590831 0.070266 0.269688
v -0.570678 0.071089 0.221724
v -0.539061 0.074612 0.180538
v -0.498135 0.080595 0.148938
v -0.450687 0.088630 0.129075
v -0.399952 0.098168 0.122305
v -0.495035 0.083700 0.495607
v -0.528064 0.056544 0.466207
v -0.552629 0.033000 0.426838
v -0.566959 0.014752 0.380269
v -0.570078 0.003042 0.329674
v -0.561774 -0.001330 0.278501
v -0.542611 0.001932 0.230236
v -0.513897 0.012607 0.188170
v -0.477588 0.029968 0.155168
v -0.436159 0.052831 0.133481
v -0.392432 0.079638 0.124586
v -0.455510 0.112849 0.513287
v -0.481141 0.069663 0.499656
v -0.501408 0.029274 0.473862
v -0.514931 -0.005566 0.437664
v -0.520789 -0.032482 0.393529
v -0.518583 -0.049640 0.344463
v -0.508461 -0.055871 0.293811
v -0.491116 -0.050750 0.245025
v -0.467728 -0.034625 0.201429
v -0.439891 -0.008597 0.165995
v -0.409503 0.025561 0.141136
v -0.378633 0.065522 0.128548
v -0.463165 0.062110 0.504697
v -0.466682 0.014683 0.483602
v -0.465822 -0.026199 0.451438
v -0.460642 -0.057752 0.410398
v -0.451497 -0.077826 0.363278
v -0.439010 -0.085051 0.313290
v -0.424030 -0.078936 0.263840
v -0.407581 -0.059896 0.218298
v -0.390781 -0.029231 0.179768
v -0.374777 0.010971 0.150876
v -0.360658 0.057969 0.133590
v -0.443749 0.062272 0.510050
v -0.429173 0.014995 0.493942
v -0.412776 -0.025759 0.466061
v -0.395675 -0.057214 0.428308
v -0.379035 -0.077225 0.383254
v -0.363992 -0.084429 0.333971
v -0.351569 -0.078335 0.283816
v -0.342613 -0.059358 0.236208
v -0.337735 -0.028792 0.194392
v -0.337268 0.011282 0.161216
v -0.341242 0.058131 0.138942
v -0.425848 0.070122 0.514899
v -0.394591 0.030160 0.503310
v -0.363870 -0.004313 0.479309
v -0.335778 -0.030948 0.444532
v -0.312229 -0.047929 0.401350
v -0.294828 -0.054100 0.352705
v -0.284762 -0.049039 0.301912
v -0.282716 -0.033092 0.252433
v -0.288830 -0.007345 0.207639
v -0.302686 0.026447 0.170584
v -0.323341 0.065981 0.143791
v -0.412188 0.084466 0.518506
v -0.368202 0.057869 0.510278
v -0.326550 0.034874 0.489164
v -0.290070 0.017046 0.456602
v -0.261248 0.005602 0.414812
v -0.242050 0.001319 0.366642
v -0.233782 0.004492 0.315374
v -0.237008 0.014902 0.264503
v -0.251509 0.031842 0.217494
v -0.276297 0.054156 0.177552
v -0.309681 0.080324 0.147398
v -0.404848 0.103119 0.520322
v -0.354022 0.093906 0.513786
v -0.306497 0.085837 0.494125
v -0.265510 0.079464 0.462678
v -0.233855 0.075219 0.421589
v -0.213690 0.073392 0.373658
v -0.206389 0.074109 0.322151
v -0.212448 0.077320 0.270579
v -0.231456 0.082806 0.222456
v -0.262117 0.090193 0.181060
v -0.302341 0.098978 0.149215
v -0.404946 0.123243 0.520070
v -0.354211 0.132782 0.513300
v -0.306763 0.140817 0.493438
v -0.265837 0.146799 0.461837
v -0.234220 0.150323 0.420651
v -0.214068 0.151146 0.372687
v -0.206753 0.149213 0.321213
v -0.212775 0.144656 0.269738
v -0.231723 0.137785 0.221768
v -0.262306 0.129070 0.180574
v -0.302439 0.119102 0.148963
v -0.349387 0.108562 0.129088
v -0.412466 0.141774 0.517790
v -0.368739 0.168580 0.508894
v -0.327309 0.191443 0.487207
v -0.291000 0.208804 0.454206
v -0.262286 0.219480 0.412139
v -0.243124 0.222742 0.363875
v -0.234820 0.218371 0.312701
v -0.237939 0.206660 0.262106
v -0.252269 0.188412 0.215537
v -0.276834 0.164868 0.176168
v -0.309959 0.137632 0.146682
v -0.426264 0.155890 0.513827
v -0.395395 0.195851 0.501239
v -0.365007 0.230009 0.476381
v -0.337170 0.256038 0.440946
v -0.313782 0.272162 0.397350
v -0.296437 0.277283 0.348564
v -0.286316 0.271052 0.297912
v -0.284109 0.253894 0.248847
v -0.289967 0.226978 0.204711
v -0.303490 0.192138 0.168513
v -0.323757 0.151749 0.142720
v -0.444240 0.163442 0.508786
v -0.430121 0.210441 0.491500
v -0.414117 0.250642 0.462607
v -0.397317 0.281308 0.424077
v -0.380868 0.300347 0.378535
v -0.365888 0.306463 0.329086
v -0.353401 0.299238 0.279097
v -0.344256 0.279165 0.231978
v -0.339077 0.247611 0.190938
v -0.338216 0.206728 0.158774
v -0.341733 0.159301 0.137678
v -0.463656 0.163281 0.503433
v -0.467630 0.210130 0.481159
v -0.467163 0.250203 0.447984
v -0.462285 0.280770 0.406167
v -0.453329 0.299747 0.358559
v -0.440906 0.305841 0.308405
v -0.425863 0.298637 0.259121
v -0.409223 0.278626 0.214068
v -0.392122 0.247172 0.176314
v -0.375725 0.206417 0.148433
v -0.361149 0.159140 0.132325
v -0.481557 0.155431 0.498584
v -0.502212 0.194966 0.471792
v -0.516068 0.228757 0.434736
v -0.522182 0.254504 0.389942
v -0.520136 0.270450 0.340463
v -0.510069 0.275511 0.289670
v -0.492669 0.269341 0.241025
v -0.469120 0.252360 0.197843
v -0.441028 0.225726 0.163066
v -0.410306 0.191252 0.139066
v -0.379049 0.151290 0.127476
v -0.495217 0.141088 0.494977
v -0.528601 0.167256 0.464823
v -0.553388 0.189569 0.424881
v -0.567890 0.206509 0.377873
v -0.571116 0.216919 0.327001
v -0.562848 0.220093 0.275733
v -0.543649 0.215810 0.227563
v -0.514828 0.204365 0.185773
v -0.478348 0.186538 0.153212
v -0.436696 0.163543 0.132098
v -0.392710 0.136946 0.123869
v -0.502557 0.122434 0.493161
v -0.542781 0.131219 0.461315
v -0.573442 0.138606 0.419920
v -0.592450 0.144092 0.371796
v -0.598509 0.147303 0.320224
v -0.591208 0.148019 0.268717
v -0.571043 0.146193 0.220786
v -0.539388 0.141948 0.179697
v -0.498401 0.135574 0.148250
v -0.450876 0.127506 0.128589
v -0.400050 0.118292 0.122053
v -0.502459 0.102309 0.493412
v -0.542592 0.092342 0.461801
v -0.460675 0.144827 0.507039
v -0.434484 0.143793 0.513675
v -0.474386 0.143709 0.502632
v -0.448261 0.145391 0.510392
v -0.460316 0.080993 0.507894
v -0.473757 0.082105 0.503583
v -0.448140 0.081155 0.511258
v -0.434330 0.082340 0.514438
v 0.000000 0.676205 -0.557560
v 0.000000 0.713112 -0.552995
v 0.145054 0.691660 -0.533223
v 0.136001 0.727602 -0.530177
v 0.268026 0.735673 -0.463917
v 0.251297 0.768868 -0.465197
v 0.350192 0.801543 -0.360193
v 0.328336 0.830627 -0.367947
v 0.379046 0.879241 -0.237842
v 0.355388 0.903476 -0.253233
v 0.350192 0.956940 -0.115492
v 0.328336 0.976325 -0.138518
v 0.268026 1.022810 -0.011768
v 0.251297 1.038084 -0.041268
v 0.145055 1.066822 0.057538
v 0.136001 1.079350 0.023712
v 0.000000 1.082278 0.081875
v 0.000000 1.093840 0.046530
v -0.145054 1.066822 0.057538
v -0.136001 1.079350 0.023712
v -0.268026 1.022810 -0.011768
v -0.251297 1.038084 -0.041268
v -0.350192 0.956940 -0.115492
v -0.328336 0.976325 -0.138518
v -0.379045 0.879241 -0.237842
v -0.355388 0.903476 -0.253233
v -0.350192 0.801543 -0.360193
v -0.328336 0.830627 -0.367947
v -0.268026 0.735673 -0.463917
v -0.251297 0.768868 -0.465197
v -0.145054 0.691660 -0.533223
v -0.136001 0.727602 -0.530177
v 0.000000 0.718689 -0.483022
v 0.112233 0.730647 -0.464192
v 0.112233 0.761796 -0.483973
v 0.000000 0.749837 -0.502803
v 0.207380 0.764701 -0.410568
v 0.207380 0.795849 -0.430349
v 0.270955 0.815667 -0.330313
v 0.270955 0.846815 -0.350094
v 0.293279 0.875784 -0.235647
v 0.293279 0.906933 -0.255428
v 0.270955 0.935902 -0.140981
v 0.270955 0.967051 -0.160762
v 0.207380 0.986868 -0.060726
v 0.207380 1.018016 -0.080507
v 0.112233 1.020922 -0.007102
v 0.112233 1.052070 -0.026883
v 0.000000 1.032880 0.011728
v 0.000000 1.064029 -0.008053
v -0.112233 1.020922 -0.007102
v -0.112233 1.052070 -0.026883
v -0.207380 0.986868 -0.060726
v -0.207380 1.018017 -0.080507
v -0.270955 0.935902 -0.140981
v -0.270955 0.967051 -0.160762
v -0.293279 0.875784 -0.235647
v -0.293279 0.906933 -0.255428
v -0.270955 0.815667 -0.330314
v -0.270955 0.846815 -0.350094
v -0.207380 0.764701 -0.410568
v -0.207380 0.795849 -0.430349
v -0.112233 0.730647 -0.464192
v -0.112233 0.761796 -0.483973
vn 0.8283 -0.0705 0.5558
vn 0.8043 -0.0369 0.5930
vn 0.6830 -0.4281 0.5918
vn 0.6998 -0.4903 0.5194
vn 0.7660 -0.3989 0.5041
vn 0.9190 0.1059 0.3797
vn 0.8464 0.3589 0.3935
vn 0.8059 0.3802 0.4538
vn 0.7869 0.3930 0.4758
vn -0.4408 0.8971 -0.0305
vn -0.5310 0.8474 -0.0026
vn -0.5351 0.6444 -0.5463
vn -0.5399 0.6413 -0.5452
vn -0.5832 0.6289 -0.5141
vn -0.3821 0.9215 -0.0692
vn -0.1120 0.9379 0.3284
vn -0.2482 0.8785 0.4083
vn -0.4023 0.7893 0.4639
vn 0.2875 -0.2731 0.9180
vn 0.2357 -0.2125 0.9483
vn 0.4883 -0.5571 0.6717
vn 0.4988 -0.5481 0.6714
vn 0.5239 -0.5545 0.6466
vn 0.4022 -0.3990 0.8240
vn -0.0080 -0.6098 0.7926
vn -0.1440 -0.1070 0.9838
vn -0.0855 0.1651 0.9826
vn 0.5108 -0.6216 0.5939
vn 0.5031 -0.6241 0.5978
vn 0.5631 -0.5663 0.6019
vn 0.5611 -0.5620 0.6076
vn 0.5585 -0.5503 0.6206
vn 0.5170 -0.6212 0.5888
vn 0.4440 -0.6911 0.5703
vn 0.4273 -0.6859 0.5890
vn 0.4151 -0.6869 0.5965
vn -0.4847 0.6232 -0.6137
vn -0.1128 0.6778 -0.7266
vn -0.2452 0.6574 -0.7125
vn -0.5003 0.6155 -0.6089
vn -0.5292 0.6073 -0.5925
vn -0.5283 0.6108 -0.5898
vn -0.4340 0.5377 -0.7229
vn -0.2928 0.5783 -0.7615
vn 0.4873 0.3866 -0.7830
vn -0.5225 0.6047 -0.6011
vn -0.5177 0.6117 -0.5982
vn -0.5262 0.6059 -0.5966
vn -0.5495 0.5832 -0.5983
vn -0.7131 0.3264 -0.6205
vn -0.6199 0.4705 -0.6280
vn -0.4603 0.3240 -0.8265
vn -0.4506 0.4435 -0.7748
vn -0.4495 0.4748 -0.7566
vn 0.5260 -0.6269 0.5747
vn 0.5771 -0.5128 0.6356
vn 0.6414 -0.4377 0.6301
vn 0.5708 -0.6234 0.5344
vn 0.4755 -0.7610 0.4413
vn 0.4593 -0.7152 0.5268
vn 0.2171 -0.9758 0.0271
vn 0.4593 -0.8652 -0.2010
vn 0.5322 -0.8301 0.1665
vn 0.2565 -0.9185 0.3009
vn -0.2147 -0.8069 0.5503
vn -0.1890 -0.8819 0.4319
vn 0.2812 -0.8486 0.4481
vn 0.3979 -0.9019 0.1681
vn 0.5218 -0.8523 -0.0358
vn -0.5372 0.6236 -0.5679
vn -0.5806 0.6233 -0.5239
vn -0.5799 0.6192 -0.5294
vn -0.5349 0.6201 -0.5739
vn -0.5214 0.6172 -0.5893
vn -0.5237 0.6201 -0.5841
vn -0.6741 0.3470 -0.6521
vn -0.6735 0.2457 -0.6972
vn -0.5952 0.5598 -0.5765
vn -0.2443 -0.9652 -0.0934
vn -0.2417 -0.9612 -0.1331
vn -0.2450 -0.9270 -0.2839
vn -0.4985 -0.6900 -0.5248
vn -0.7248 -0.1000 -0.6817
vn -0.6498 -0.3589 -0.6701
vn -0.7985 0.0876 -0.5955
vn -0.3335 -0.9339 0.1289
vn -0.2875 -0.9563 0.0537
vn 0.6420 -0.7380 -0.2081
vn 0.2136 -0.9172 -0.3364
vn 0.1767 -0.6094 -0.7729
vn -0.0560 0.0597 -0.9966
vn -0.2786 -0.3547 -0.8925
vn 0.4617 0.8370 -0.2936
vn 0.2340 0.8887 -0.3943
vn 0.3545 0.9209 -0.1621
vn 0.7426 0.6694 0.0198
vn 0.9231 0.3098 0.2277
vn -0.5252 0.6114 -0.5919
vn -0.5285 0.6083 -0.5922
vn -0.4420 0.5034 -0.7424
vn 0.5128 -0.6098 0.6042
vn 0.5264 -0.5918 0.6105
vn 0.4035 -0.7259 0.5570
vn 0.3421 -0.8096 0.4769
vn 0.3089 -0.8880 0.3407
vn 0.5031 -0.6464 0.5735
vn 0.5348 -0.5808 0.6138
vn 0.5358 -0.5807 0.6129
vn 0.5348 -0.5812 0.6133
vn 0.6913 -0.7226 0.0084
vn 0.6357 -0.7187 0.2818
vn 0.6616 -0.6691 0.3384
vn 0.7822 -0.6200 0.0613
vn -0.3337 0.4193 -0.8443
vn -0.2483 0.4749 -0.8443
vn -0.3406 0.3494 -0.8729
vn 0.6270 -0.7753 -0.0758
vn 0.6082 -0.7507 0.2578
vn -0.4840 0.3702 -0.7929
vn -0.5484 0.2974 -0.7815
vn -0.4674 -0.0551 -0.8823
vn -0.3413 0.0881 -0.9358
vn -0.2821 0.4226 -0.8613
vn -0.4706 0.4257 -0.7729
vn -0.5268 0.6450 -0.5536
vn -0.5288 0.6568 -0.5376
vn -0.5112 0.6649 -0.5446
vn -0.9214 -0.3885 -0.0039
vn -0.4410 -0.8005 0.4058
vn -0.4525 -0.8486 0.2742
vn -0.4910 -0.8206 0.2923
vn -0.8158 0.2558 -0.5186
vn -0.6918 0.4296 -0.5804
vn -0.8228 0.3390 -0.4561
vn -0.9814 -0.1848 -0.0527
vn -0.8271 -0.5586 -0.0619
vn -0.6985 -0.6961 0.1661
vn -0.2252 -0.0550 -0.9728
vn -0.4083 -0.1868 -0.8935
vn -0.5119 0.2376 -0.8255
vn -0.3846 0.3085 -0.8700
vn -0.2604 0.4276 -0.8657
vn -0.0009 0.3649 -0.9311
vn 0.5373 -0.6082 0.5843
vn 0.5453 -0.6086 0.5764
vn 0.5342 -0.5816 0.6135
vn 0.5259 -0.5857 0.6167
vn 0.5226 -0.5900 0.6154
vn 0.5345 -0.6049 0.5903
vn -0.0257 0.6933 0.7202
vn 0.1583 0.7649 0.6244
vn 0.4004 0.4436 0.8018
vn 0.2052 0.3826 0.9009
vn 0.0324 0.2922 0.9558
vn -0.2072 0.5903 0.7801
vn 0.6215 0.7540 0.2125
vn 0.6049 0.7610 0.2343
vn 0.3123 0.9443 -0.1039
vn 0.2981 0.9515 -0.0764
vn -0.6583 0.1894 0.7285
vn -0.3612 0.4783 0.8005
vn -0.8454 -0.3574 0.3970
vn -0.8386 0.5444 -0.0171
vn -0.6854 0.6658 0.2948
vn -0.5537 0.7006 0.4500
vn 0.4986 -0.2109 0.8408
vn 0.5093 -0.3332 0.7935
vn 0.5280 -0.5613 0.6373
vn 0.5249 -0.5473 0.6519
vn 0.5421 -0.5384 0.6452
vn 0.5578 -0.0988 0.8240
vn 0.4486 0.3792 0.8093
vn 0.4166 0.2370 0.8776
vn 0.6630 -0.0895 0.7432
vn 0.3673 0.7964 0.4804
vn 0.2199 0.7763 0.5907
vn 0.5730 0.4149 0.7068
vn 0.6565 0.4273 0.6217
vn 0.4637 0.7942 0.3928
vn 0.1704 0.9827 0.0725
vn 0.0718 0.9874 0.1407
vn -0.0701 0.9723 0.2232
vn -0.6114 0.7913 -0.0029
vn -0.6289 0.7766 -0.0375
vn -0.5625 0.6442 -0.5183
vn -0.5532 0.6451 -0.5271
vn -0.5262 0.7044 0.4765
vn -0.2368 0.9449 -0.2262
vn -0.1536 0.9526 -0.2624
vn -0.4758 0.6602 -0.5811
vn -0.4985 0.6566 -0.5660
vn -0.3364 0.9231 -0.1861
vn 0.6410 -0.0579 0.7654
vn 0.5558 -0.5481 0.6250
vn 0.5776 -0.5436 0.6090
vn 0.7055 -0.0290 0.7081
vn 0.4237 -0.0520 0.9043
vn 0.5796 -0.0172 0.8147
vn 0.6078 -0.5462 0.5765
vn 0.5479 -0.5567 0.6244
vn 0.5199 -0.5608 0.6443
vn 0.3068 -0.1100 0.9454
vn -0.0757 0.9416 -0.3282
vn -0.0450 0.9296 -0.3657
vn -0.3851 0.7063 -0.5940
vn -0.4278 0.6807 -0.5946
vn 0.2623 0.9648 -0.0212
vn 0.3001 0.9510 -0.0746
vn -0.4457 0.8728 -0.1987
vn -0.4882 0.8292 -0.2721
vn -0.2720 0.9551 -0.1173
vn -0.2243 0.9560 0.1889
vn 0.1368 0.7549 0.6414
vn 0.6676 0.3507 0.6568
vn 0.0527 0.9955 0.0788
vn 0.5234 -0.7795 0.3441
vn 0.5511 -0.7415 0.3828
vn 0.6550 -0.7355 0.1733
vn 0.4985 -0.8668 0.0108
vn 0.3145 -0.9492 0.0001
vn 0.4405 -0.8329 0.3351
vn 0.5201 -0.7573 0.3950
vn 0.5723 -0.7572 0.3147
vn 0.4913 -0.7504 0.4422
vn -0.6916 0.1387 -0.7089
vn -0.6839 0.2281 -0.6930
vn -0.7622 -0.2428 -0.6000
vn -0.7099 -0.3027 -0.6360
vn -0.6247 -0.2965 -0.7224
vn -0.6541 0.1128 -0.7479
vn 0.4865 -0.8551 0.1792
vn 0.4579 -0.8669 0.1971
vn 0.2595 -0.9562 -0.1356
vn 0.3470 -0.9184 -0.1904
vn 0.4297 -0.8819 -0.1942
vn 0.5331 -0.8247 0.1889
vn 0.3397 -0.8910 0.3012
vn 0.1347 -0.9907 -0.0179
vn -0.0098 -0.9996 -0.0278
vn 0.2547 -0.9259 0.2789
vn -0.6083 0.1929 -0.7699
vn -0.5613 -0.1943 -0.8045
vn -0.4052 0.3352 -0.8506
vn -0.4342 0.3919 -0.8111
vn -0.3022 0.0840 -0.9495
vn -0.2475 0.0008 -0.9689
vn -0.2550 -0.1020 -0.9615
vn -0.4125 0.2553 -0.8744
vn -0.2085 -0.7738 -0.5981
vn 0.2683 -0.9633 0.0079
vn 0.0899 -0.9951 -0.0410
vn -0.1936 -0.7703 -0.6076
vn -0.5690 -0.2410 -0.7862
vn -0.5010 -0.0841 -0.8613
vn -0.4776 0.2060 -0.8541
vn -0.3393 -0.1653 -0.9261
vn -0.5062 -0.2001 -0.8389
vn -0.6036 0.1834 -0.7759
vn 0.4231 -0.8098 0.4064
vn 0.3663 -0.8135 0.4516
vn -0.0599 -0.9826 0.1759
vn 0.0211 -0.9806 0.1948
vn 0.1158 -0.9521 0.2832
vn 0.0637 -0.9497 0.3066
vn 0.4372 -0.6958 0.5698
vn 0.4709 -0.6975 0.5402
vn 0.5376 -0.8114 0.2295
vn 0.2407 -0.9697 -0.0425
vn -0.2314 -0.3774 -0.8967
vn -0.1673 -0.2783 -0.9458
vn -0.1680 -0.2911 -0.9418
vn -0.2090 -0.4232 -0.8816
vn -0.3476 -0.5362 -0.7692
vn -0.3876 -0.4571 -0.8005
vn 0.3110 -0.9121 -0.2671
vn 0.5433 -0.8371 -0.0641
vn -0.2860 -0.2342 -0.9292
vn -0.3062 0.1399 -0.9416
vn -0.4966 -0.1384 -0.8569
vn 0.9489 -0.2866 -0.1323
vn 0.7830 -0.5459 0.2983
vn 0.9627 -0.1416 -0.2305
vn 0.7189 -0.0299 -0.6945
vn 0.3496 0.4256 -0.8347
vn 0.5904 -0.5738 0.5676
vn 0.5669 -0.5740 0.5908
vn 0.8392 -0.3751 0.3937
vn 0.8842 -0.3046 0.3542
vn -0.5282 -0.2824 -0.8008
vn -0.6019 -0.3643 -0.7106
vn -0.6171 -0.2815 -0.7348
vn -0.5890 0.2071 -0.7811
vn 0.0957 -0.9911 -0.0927
vn 0.2639 -0.9551 -0.1347
vn 0.4275 -0.8800 0.2070
vn 0.3348 -0.9080 0.2521
vn 0.0119 -0.9999 -0.0008
vn 0.2405 -0.8916 -0.3836
vn 0.0950 -0.9307 -0.3533
vn 0.2248 -0.9608 -0.1621
vn 0.3810 -0.9217 -0.0735
vn 0.4765 -0.8787 0.0299
vn 0.3540 -0.8653 -0.3548
vn -0.6911 -0.4078 -0.5967
vn -0.7804 -0.2784 -0.5599
vn -0.7651 0.0514 -0.6419
vn -0.7014 -0.3763 -0.6053
vn -0.6740 0.5330 -0.5115
vn -0.5255 0.6121 -0.5909
vn -0.5232 0.6108 -0.5942
vn -0.6656 0.5358 -0.5195
vn -0.7881 0.4468 -0.4234
vn -0.8207 0.4097 -0.3983
vn -0.1677 -0.1702 -0.9710
vn -0.2250 -0.0968 -0.9695
vn -0.4191 0.2738 -0.8657
vn -0.1819 -0.1655 -0.9693
vn 0.6659 -0.0738 -0.7424
vn 0.5307 0.2554 -0.8082
vn 0.8669 -0.1747 -0.4669
vn -0.8023 -0.5897 -0.0930
vn -0.6454 -0.7629 0.0384
vn -0.9441 -0.3266 -0.0447
vn 0.8787 -0.4688 0.0902
vn 0.9240 -0.3617 0.1243
vn 0.7439 -0.5207 0.4190
vn 0.7351 -0.5992 0.3171
vn 0.6696 -0.7298 0.1379
vn 0.7209 -0.6876 -0.0860
vn 0.7773 -0.5528 0.3002
vn 0.8367 -0.4544 0.3058
vn 0.3576 0.6122 -0.7052
vn 0.1676 0.6376 -0.7519
vn 0.2775 0.5846 -0.7624
vn 0.0422 0.6751 -0.7365
vn 0.0138 0.6874 -0.7261
vn -0.0811 0.6672 -0.7404
vn -0.5021 0.8061 -0.3131
vn -0.5266 0.6470 -0.5514
vn -0.5302 0.6507 -0.5435
vn -0.5566 0.7912 -0.2534
vn -0.5161 0.8011 -0.3031
vn -0.9970 -0.0737 0.0224
vn -0.9412 0.2990 -0.1570
vn -0.3711 -0.8020 0.4680
vn 0.0609 -0.8297 0.5549
vn 0.1544 -0.8048 0.5732
vn 0.2089 -0.7188 0.6631
vn -0.9445 0.3240 -0.0540
vn -0.9420 0.3014 -0.1474
vn -0.5144 0.4491 -0.7306
vn -0.5265 0.5020 -0.6861
vn -0.7139 0.2752 -0.6439
vn -0.5411 0.4279 -0.7240
vn 0.5069 -0.4051 0.7609
vn 0.5418 -0.5312 0.6513
vn 0.5280 -0.5590 0.6393
vn 0.5197 -0.7329 0.4390
vn 0.5196 -0.7162 0.4659
vn 0.4833 -0.8580 -0.1738
vn 0.5723 -0.8048 0.1576
vn -0.3610 0.2883 -0.8869
vn 0.5712 -0.8199 -0.0376
vn 0.5878 -0.7624 0.2708
vn 0.5191 -0.6094 0.5994
vn 0.5211 -0.5951 0.6118
vn -0.0488 -0.7435 0.6670
vn -0.0927 -0.7836 0.6144
vn -0.1336 -0.8023 0.5818
vn 0.4912 -0.7450 0.4514
vn 0.9487 -0.1940 0.2497
vn 0.9403 -0.1864 0.2847
vn 0.9134 -0.2592 0.3140
vn -0.5294 0.6119 -0.5876
vn -0.5308 0.6080 -0.5904
vn -0.5440 0.5277 -0.6523
vn -0.9121 0.2975 -0.2822
vn -0.8947 0.3327 -0.2982
vn -0.8722 0.3575 -0.3338
vn -0.6182 -0.7689 0.1633
vn -0.5188 -0.7793 0.3515
vn 0.9519 -0.0812 -0.2953
vn 0.9943 -0.1058 -0.0165
vn 0.5585 0.3557 -0.7494
vn -0.9611 -0.2738 0.0373
vn -0.9987 -0.0175 -0.0487
vn -0.9989 -0.0249 0.0387
vn -0.9284 -0.0806 -0.3626
vn 0.8252 -0.4497 0.3417
vn 0.9803 -0.1895 0.0561
vn 0.9936 -0.0343 0.1075
vn -0.6302 -0.6717 0.3894
vn -0.5909 -0.6483 0.4801
vn -0.4296 -0.7136 0.5534
vn -0.5757 -0.7041 0.4157
vn -0.5268 -0.1227 -0.8411
vn -0.9582 0.0676 -0.2780
vn -0.6535 0.1613 -0.7396
vn -0.5034 0.1287 -0.8544
vn -0.5254 0.6141 -0.5890
vn -0.5224 0.6130 -0.5927
vn -0.6948 0.3939 -0.6017
vn -0.5033 0.4132 -0.7590
vn -0.5513 0.6534 -0.5189
vn 0.5738 -0.7816 0.2446
vn 0.5047 -0.8529 -0.1335
vn 0.5001 -0.5578 0.6623
vn -0.6033 0.7896 -0.1117
vn -0.3430 0.4925 0.7998
vn -0.0869 0.2013 0.9757
vn -0.4285 -0.8672 0.2535
vn -0.3855 -0.8991 0.2075
vn -0.8169 0.2029 -0.5399
vn 0.4398 -0.8509 -0.2871
vn 0.5287 -0.8416 0.1106
vn 0.1335 -0.7677 0.6268
vn 0.3614 -0.6565 0.6622
vn 0.2328 -0.1740 0.9568
vn 0.3646 -0.6860 0.6297
vn -0.2308 -0.6672 0.7083
vn 0.5352 -0.6410 0.5502
vn 0.5308 -0.5849 0.6134
vn 0.3850 -0.6186 0.6849
vn 0.2340 -0.6321 0.7387
vn -0.3928 -0.6221 0.6772
vn -0.6234 -0.4117 0.6647
vn -0.4272 -0.5109 0.7460
vn 0.1273 -0.6289 0.7670
vn 0.1550 -0.6986 0.6986
vn 0.5283 -0.6257 0.5739
vn 0.5308 -0.5873 0.6110
vn 0.9473 -0.3173 0.0444
vn 0.7775 -0.5056 0.3739
vn 0.8556 -0.4399 0.2729
vn 0.8775 -0.3797 0.2928
vn 0.5661 -0.6374 0.5227
vn 0.5237 -0.6489 0.5520
vn 0.5501 -0.5846 0.5963
vn 0.5284 -0.5867 0.6137
vn 0.5092 -0.6551 0.5582
vn 0.5322 -0.5836 0.6134
vn 0.5349 -0.7031 0.4686
vn 0.5335 -0.6717 0.5139
vn 0.5495 -0.7280 0.4101
vn 0.6256 -0.4496 0.6375
vn 0.5535 -0.5277 0.6443
vn 0.5313 -0.5658 0.6305
vn 0.5370 -0.6498 0.5380
vn 0.5301 -0.5794 0.6191
vn -0.7938 -0.0912 -0.6013
vn 0.3982 -0.6129 0.6825
vn 0.2510 -0.6265 0.7379
vn 0.5379 -0.5819 0.6099
vn 0.5483 -0.5768 0.6056
vn 0.4112 -0.6169 0.6711
vn 0.1638 -0.6893 0.7057
vn -0.4586 -0.4829 0.7460
vn -0.6187 -0.3989 0.6768
vn -0.6505 -0.4656 0.6001
vn -0.5227 -0.5571 0.6453
vn 0.0002 -0.6624 0.7492
vn 0.0785 -0.6178 0.7824
vn 0.5302 -0.5867 0.6121
vn 0.5202 -0.5908 0.6168
vn -0.7643 -0.1768 -0.6201
vn -0.6420 0.3392 -0.6876
vn 0.5547 -0.5841 0.5926
vn 0.5263 -0.5862 0.6159
vn 0.5649 -0.5815 0.5854
vn 0.5242 -0.5874 0.6166
vn -0.0094 -0.9855 0.1697
vn 0.0233 -0.9599 0.2793
vn -0.1137 -0.9846 0.1328
vn -0.1060 -0.9933 0.0464
vn 0.2300 -0.9147 0.3323
vn 0.2804 -0.8742 0.3965
vn 0.6553 -0.4824 0.5813
vn 0.6204 -0.5171 0.5896
vn -0.3448 0.7463 -0.5694
vn -0.0424 0.9306 -0.3635
vn 0.5309 -0.5885 0.6098
vn 0.5605 0.7761 0.2888
vn 0.7447 0.4135 0.5239
vn 0.7863 0.3954 0.4747
vn 0.6049 0.7611 0.2344
vn 0.5301 -0.5835 0.6152
vn 0.5280 -0.5841 0.6165
vn 0.6366 -0.4403 0.6331
vn 0.7065 -0.3704 0.6030
vn 0.7079 -0.3697 0.6018
vn 0.5615 -0.5213 0.6427
vn 0.5395 -0.5606 0.6282
vn 0.6312 -0.4437 0.6362
vn 0.5697 -0.5167 0.6391
vn 0.5490 -0.5557 0.6243
vn 0.5381 -0.5754 0.6159
vn 0.5486 -0.5701 0.6115
vn 0.7743 -0.0297 0.6321
vn 0.8039 -0.0404 0.5934
vn -0.7136 0.6840 -0.1513
vn -0.6732 0.7113 -0.2023
vn 0.2950 -0.6716 0.6797
vn 0.6535 -0.4124 0.6348
vn 0.8587 0.0049 0.5124
vn 0.9017 -0.0751 0.4259
vn 0.8774 0.0505 0.4771
vn -0.2685 0.9339 -0.2359
vn -0.1795 0.9319 -0.3150
vn -0.5765 0.7385 -0.3496
vn -0.1543 0.9379 -0.3107
vn 0.5928 -0.6021 0.5349
vn 0.8762 -0.1336 0.4630
vn 0.9031 0.2548 0.3458
vn 0.1811 0.9625 -0.2019
vn 0.7048 -0.3730 0.6034
vn 0.7031 -0.3738 0.6049
vn 0.2306 -0.9728 -0.0233
vn 0.0633 -0.9791 -0.1931
vn -0.0231 -0.9771 -0.2114
vn 0.1676 -0.9850 -0.0422
vn 0.7311 -0.3486 0.5864
vn 0.7049 -0.3715 0.6042
vn 0.7311 -0.3486 0.5865
vn -0.6228 0.6261 -0.4692
vn -0.6291 0.6116 -0.4798
vn -0.6599 0.5292 -0.5333
vn -0.6848 0.5189 -0.5117
vn -0.6271 0.6460 -0.4352
vn -0.6584 0.5835 -0.4755
vn -0.3373 0.9370 -0.0913
vn 0.0030 0.9660 0.2585
vn -0.6257 0.6264 -0.4649
vn -0.6232 0.6530 -0.4304
vn -0.2923 0.9533 -0.0756
vn 0.0734 0.9644 0.2540
vn -0.7150 0.1718 -0.6777
vn -0.6559 -0.2168 -0.7230
vn -0.7038 -0.2249 -0.6739
vn -0.7503 0.1753 -0.6374
vn 0.7047 0.0096 0.7094
vn 0.6660 -0.5226 0.5322
vn 0.5580 0.4705 0.6836
vn 0.6149 0.4603 0.6403
vn 0.7431 0.0192 0.6689
vn 0.6957 -0.4876 0.5276
vn 0.4459 -0.8672 0.2218
vn 0.1877 -0.9798 -0.0689
vn 0.4628 -0.8510 0.2482
vn 0.1885 -0.9818 -0.0229
vn -0.5404 -0.4967 -0.6792
vn -0.4904 -0.5881 -0.6431
vn -0.5369 -0.5962 -0.5969
vn -0.5888 -0.5105 -0.6267
vn 0.3114 0.7940 0.5221
vn 0.3794 0.7833 0.4925
vn -0.4544 -0.7183 -0.5269
vn -0.6109 -0.4692 -0.6377
vn -0.2423 -0.8998 -0.3629
vn -0.2343 -0.8931 -0.3841
vn -0.4185 -0.7447 -0.5199
vn -0.5969 -0.4956 -0.6310
vn -0.0329 -0.9575 -0.2865
vn -0.0634 -0.9673 -0.2456
vn -0.6810 0.4775 -0.5552
vn -0.6130 0.5197 -0.5951
vn 0.6283 -0.6084 0.4850
vn 0.4983 -0.7966 0.3422
vn 0.6669 -0.5641 0.4869
vn 0.5114 -0.8051 0.3006
vn -0.7027 0.4653 -0.5382
vn 0.5434 -0.6124 0.5742
vn -0.0298 0.9100 -0.4136
vn -0.2341 0.7440 -0.6259
vn -0.3314 0.6880 -0.6456
vn -0.5860 0.3438 -0.7338
vn -0.7391 -0.1108 -0.6644
vn -0.7495 -0.0052 -0.6620
vn 0.9966 0.0728 0.0395
vn -0.5285 0.5939 -0.6066
vn -0.5286 0.5874 -0.6128
vn -0.9952 -0.0596 0.0779
vn -0.9640 -0.1808 0.1950
vn -0.9770 -0.1469 0.1544
vn -0.5333 0.5835 -0.6125
vn -0.5477 0.5658 -0.6164
vn -0.5626 0.5498 -0.6175
vn 0.2313 -0.9003 -0.3686
vn 0.1040 -0.6579 -0.7459
vn 0.3486 -0.4150 -0.8404
vn 0.5367 -0.7521 -0.3826
vn 0.4917 -0.8459 -0.2065
vn 0.1400 -0.9603 -0.2411
vn -0.2722 -0.9266 -0.2593
vn -0.1989 -0.9241 -0.3263
vn -0.1766 -0.8192 -0.5456
vn -0.2365 -0.0119 0.9716
vn -0.3797 -0.1933 0.9047
vn -0.1338 -0.7337 0.6662
vn 0.2360 -0.4314 0.8708
vn 0.4205 -0.0217 0.9070
vn 0.1205 0.3795 0.9173
vn -0.2311 0.6268 0.7441
vn -0.6310 0.3938 0.6684
vn -0.8879 -0.0102 0.4600
vn 0.0239 0.9987 -0.0443
vn 0.1139 0.9935 0.0046
vn 0.3717 0.9277 0.0361
vn 0.3417 0.9398 0.0054
vn 0.3787 0.8995 0.2177
vn -0.0236 0.9976 -0.0644
vn -0.4128 0.8975 -0.1553
vn -0.3645 0.9214 -0.1349
vn -0.1499 0.9706 -0.1884
vn -0.2713 -0.2234 0.9362
vn -0.4858 -0.5133 0.7075
vn -0.3797 -0.5598 0.7365
vn -0.1514 -0.2975 0.9426
vn 0.0811 0.0217 0.9965
vn -0.0172 0.1150 0.9932
vn 0.2388 0.4454 0.8629
vn 0.2992 0.3658 0.8813
vn 0.4397 0.6161 0.6535
vn 0.4074 0.6567 0.6346
vn -0.7542 -0.6564 -0.0200
vn -0.9994 0.0193 -0.0300
vn -0.9749 0.0277 -0.2211
vn -0.7396 -0.6348 -0.2237
vn -0.4947 -0.8558 -0.1512
vn -0.0381 -0.9755 0.2168
vn -0.7583 -0.6116 0.2257
vn 0.7424 -0.6542 -0.1446
vn 0.3787 -0.9255 -0.0113
vn 0.4273 -0.8996 -0.0907
vn 0.7363 -0.6549 -0.1702
vn 0.9321 -0.3384 -0.1292
vn 0.9492 -0.2995 -0.0961
vn 0.9639 -0.2579 -0.0664
vn 0.7427 -0.6482 -0.1679
vn 0.2716 -0.9584 -0.0873
vn -0.7495 0.6457 0.1458
vn -0.2841 0.9578 0.0434
vn -0.0280 0.9782 0.2059
vn -0.6392 0.3851 0.6657
vn -0.8712 -0.2171 0.4402
vn -0.9010 0.0649 0.4289
vn -0.9871 0.1104 0.1161
vn -0.7167 0.6968 -0.0268
vn -0.2251 0.9742 0.0172
vn -0.0402 -0.9716 0.2333
vn -0.3297 -0.8543 0.4018
vn -0.3123 -0.9298 0.1947
vn 0.0531 -0.9968 0.0596
vn -0.3005 -0.9407 0.1576
vn -0.5079 -0.8229 0.2546
vn 0.1237 0.9879 0.0939
vn 0.4399 0.8859 0.1471
vn 0.3989 0.9129 0.0869
vn 0.1435 0.9841 0.1043
vn 0.1807 0.9659 0.1857
vn 0.4554 0.8265 0.3309
vn 0.9977 0.0556 0.0388
vn 0.9994 0.0197 -0.0267
vn 0.9224 0.3815 0.0608
vn 0.9188 0.3652 0.1496
vn 0.8983 0.3253 0.2952
vn 0.9879 0.0930 0.1245
vn 0.7314 0.6578 0.1800
vn 0.7020 0.7058 0.0951
vn 0.7205 0.5933 0.3591
vn -0.7702 -0.3650 0.5230
vn -0.8792 -0.3711 0.2989
vn -0.7960 -0.5375 0.2782
vn -0.6997 -0.5079 0.5024
vn -0.7821 -0.5269 0.3328
vn -0.8580 -0.4009 0.3212
vn -0.6834 -0.7130 0.1571
vn -0.9089 -0.0786 0.4096
vn -0.9779 0.0183 0.2082
vn -0.7552 -0.6517 -0.0701
vn -0.4760 -0.8599 -0.1842
vn 0.0205 -0.9995 -0.0227
vn 0.1197 -0.8958 0.4280
vn -0.3162 -0.6848 0.6566
vn -0.5810 -0.2560 0.7726
vn -0.7167 0.5643 0.4098
vn -0.1498 0.7774 0.6109
vn -0.5543 0.7833 0.2816
vn -0.7434 0.6356 0.2083
vn -0.8863 0.4480 0.1173
vn -0.9594 -0.0462 0.2783
vn -0.7847 -0.0975 0.6122
vn -0.5251 0.3020 0.7956
vn -0.1298 0.5643 0.8153
vn -0.6029 -0.7135 -0.3570
vn -0.4773 -0.5657 -0.6725
vn -0.4787 -0.5441 -0.6891
vn -0.6121 -0.7071 -0.3540
vn -0.6392 -0.7689 0.0168
vn -0.6494 -0.7604 -0.0102
vn -0.3035 -0.3559 -0.8839
vn -0.0668 -0.0609 -0.9959
vn -0.0488 -0.0432 -0.9979
vn -0.2882 -0.3273 -0.8999
vn 0.5184 0.7900 0.3275
vn 0.5315 0.7805 0.3291
vn 0.5604 0.8254 -0.0677
vn 0.5612 0.8268 -0.0381
vn -0.6510 -0.7535 -0.0912
vn -0.8695 -0.4897 -0.0642
vn -0.8701 -0.4405 -0.2210
vn -0.6455 -0.7218 -0.2496
vn -0.2966 -0.9460 -0.1306
vn -0.6093 -0.7484 0.2619
vn -0.9607 -0.2717 -0.0573
vn -0.9738 -0.2173 -0.0670
vn -0.9394 0.1494 -0.3086
vn -0.9622 -0.1719 -0.2112
vn 0.6855 0.7260 0.0547
vn 0.9223 0.3863 0.0085
vn 0.9208 0.3899 -0.0121
vn 0.6758 0.7367 0.0244
vn 0.3814 0.9217 0.0705
vn 0.9979 -0.0026 -0.0647
vn 0.9238 -0.3562 -0.1407
vn 0.9229 -0.3667 -0.1171
vn 0.9979 -0.0122 -0.0632
vn 0.1647 0.9837 0.0722
vn 0.2370 0.9676 0.0869
vn 0.1060 -0.9789 -0.1750
vn 0.4676 -0.8607 -0.2012
vn 0.7425 -0.6422 -0.1902
vn 0.7496 -0.6412 -0.1642
vn 0.0498 -0.1972 0.9791
vn -0.4775 -0.4704 0.7421
vn 0.0684 -0.5524 0.8307
vn 0.2474 -0.3700 0.8955
vn 0.4239 -0.1671 0.8902
vn 0.3784 0.3497 0.8570
vn -0.0391 0.4042 0.9138
vn -0.3059 0.1057 0.9462
vn -0.5741 -0.1254 0.8091
vn -0.9521 -0.2999 -0.0592
vn -0.8635 0.0995 -0.4945
vn -0.8886 -0.4036 0.2180
vn -0.7893 -0.5449 0.2831
vn -0.9151 -0.4023 -0.0291
vn -0.8218 0.0618 -0.5663
vn -0.4959 0.5873 -0.6397
vn 0.0694 0.9094 -0.4101
vn -0.6581 0.6628 -0.3573
vn -0.4143 0.5400 -0.7327
vn -0.2067 0.6927 -0.6909
vn -0.2232 -0.0013 0.9748
vn -0.4460 -0.1329 0.8851
vn -0.1461 0.3541 0.9237
vn 0.0261 0.1913 0.9812
vn 0.3080 -0.0902 0.9471
vn 0.1065 -0.2573 0.9605
vn -0.1605 -0.3929 0.9054
vn -0.6289 0.4054 0.6634
vn -0.1813 0.7718 0.6095
vn -0.4201 0.8916 0.1692
vn -0.7751 0.6174 0.1343
vn -0.9558 0.2692 0.1182
vn -0.8707 0.0291 0.4910
vn 0.3190 0.8779 0.3572
vn 0.6166 0.6195 0.4859
vn 0.5067 0.8346 0.2160
vn 0.3332 0.9394 -0.0803
vn -0.1557 0.9707 -0.1830
vn -0.9244 -0.3178 0.2111
vn -0.9645 0.1390 -0.2244
vn -0.9001 0.0610 -0.4315
vn -0.8803 -0.4719 0.0486
vn -0.7171 -0.6291 0.3001
vn -0.6766 0.6261 -0.3875
vn -0.3239 0.7474 -0.5801
vn -0.5465 0.5767 -0.6072
vn 0.2170 -0.3900 0.8949
vn 0.5651 -0.6506 0.5074
vn 0.7951 -0.3023 0.5257
vn 0.6162 -0.0230 0.7872
vn 0.1939 0.2732 0.9422
vn -0.2713 0.0543 0.9610
vn 0.6673 -0.6738 0.3173
vn 0.0642 -0.9752 0.2117
vn 0.5377 -0.8429 0.0171
vn 0.7251 -0.6815 0.0992
vn 0.8628 -0.4774 0.1663
vn 0.8350 -0.0911 0.5426
vn 0.6203 -0.1009 0.7778
vn 0.3972 -0.5303 0.7490
vn 0.0100 -0.8235 0.5673
vn -0.6528 -0.7283 0.2085
vn -0.9124 -0.4067 -0.0464
vn -0.6782 -0.7319 -0.0659
vn -0.3367 -0.9382 -0.0803
vn -0.4736 -0.5538 0.6848
vn 0.5049 0.5181 0.6904
vn 0.8200 0.3067 0.4832
vn 0.6004 0.5847 0.5456
vn 0.2917 0.7845 0.5473
vn 0.2848 0.2783 0.9173
vn -0.0912 -0.1431 0.9855
vn 0.3867 0.6776 0.6255
vn 0.7426 0.0160 0.6695
vn 0.6502 0.5806 0.4900
vn 0.4330 0.8057 0.4042
vn -0.1483 0.9717 0.1836
vn -0.1830 0.8907 0.4162
vn 0.5950 -0.6402 0.4859
vn 0.5060 -0.8423 0.1856
vn 0.6840 -0.6688 0.2914
vn 0.8081 -0.4601 0.3679
vn -0.7457 0.6429 0.1747
vn -0.7330 0.6788 -0.0437
vn -0.5555 -0.6822 0.4754
vn -0.6369 -0.7055 0.3108
vn -0.6087 0.4643 0.6433
vn 0.1443 0.6522 0.7442
vn -0.4815 0.7175 0.5033
vn -0.6910 0.5784 0.4336
vn 0.7151 -0.6990 0.0067
vn 0.4821 -0.8374 -0.2577
vn 0.7232 -0.6601 -0.2030
vn 0.9837 -0.1796 -0.0051
vn 0.9614 -0.2044 0.1840
vn 0.8371 0.2712 0.4751
vn 0.9080 0.3053 0.2870
vn 0.7425 0.5106 0.4336
vn -0.4671 0.5596 -0.6846
vn -0.2535 0.7196 -0.6465
vn -0.8548 0.0555 -0.5160
vn -0.8815 -0.4722 0.0031
vn -0.7162 -0.6375 0.2839
vn 0.5320 0.8269 0.1822
vn 0.6335 0.6122 0.4732
vn 0.6643 0.5960 0.4511
vn 0.5827 0.8008 0.1387
vn 0.4365 0.8815 -0.1800
vn 0.3646 0.9225 -0.1268
vn 0.2530 -0.3809 0.8893
vn 0.0433 -0.5488 0.8349
vn 0.4238 -0.1855 0.8866
vn -0.7290 0.6833 -0.0409
vn -0.1784 0.9786 0.1028
vn -0.9916 0.0514 -0.1188
vn 0.6294 -0.6396 0.4414
vn 0.4701 -0.8007 0.3712
vn 0.4235 -0.7503 0.5077
vn 0.5686 -0.5963 0.5666
vn 0.6728 -0.4386 0.5957
vn 0.7310 -0.4527 0.5106
vn 0.3121 0.8954 0.3175
vn 0.4926 0.7551 0.4326
vn -0.8298 -0.5559 -0.0488
vn -0.6394 -0.7673 0.0489
vn 0.6585 0.5679 0.4938
vn 0.8493 0.3138 0.4245
vn 0.3973 0.7610 0.5128
vn -0.6888 -0.7245 -0.0258
vn -0.9134 -0.4072 0.0017
vn -0.3577 -0.9331 -0.0383
vn 0.7222 -0.6777 0.1384
vn 0.5591 -0.8261 0.0706
vn 0.5637 -0.8108 0.1577
vn 0.7150 -0.6658 0.2133
vn 0.8186 -0.5155 0.2533
vn 0.8395 -0.5035 0.2044
vn -0.7326 0.6306 0.2563
vn -0.5821 0.7416 0.3334
vn -0.5913 0.7098 0.3828
vn -0.7058 0.6222 0.3389
vn -0.8316 0.4856 0.2694
vn -0.8605 0.4789 0.1738
vn 0.9597 0.1775 0.2177
vn 0.9743 -0.2218 -0.0384
vn 0.8559 0.3677 0.3637
vn 0.7277 -0.6556 -0.2016
vn 0.0924 -0.9721 -0.2154
vn -0.6493 0.5142 0.5603
vn -0.4276 0.6191 0.6587
vn -0.3883 0.5599 0.7319
vn -0.5634 0.4522 0.6915
vn -0.7532 0.2830 0.5938
vn -0.8072 0.3427 0.4807
vn -0.6410 -0.7674 -0.0117
vn -0.8605 -0.4977 0.1091
vn 0.4948 0.8614 0.1150
vn 0.5581 0.7264 0.4011
vn 0.9843 -0.0237 -0.1747
vn 0.8931 -0.3458 -0.2877
vn 0.7479 0.0699 -0.6602
vn 0.8789 0.1725 -0.4446
vn 0.8252 0.5096 -0.2437
vn 0.9177 0.3919 -0.0651
vn 0.1964 0.2814 -0.9393
vn 0.4105 0.5792 -0.7042
vn 0.4032 0.5568 -0.7262
vn 0.2017 0.2749 -0.9401
vn -0.9679 -0.1074 -0.2274
vn -0.9705 -0.1050 -0.2171
vn -0.8008 -0.5926 -0.0874
vn -0.8687 -0.4352 -0.2364
vn -0.9234 0.3067 -0.2309
vn -0.9217 0.3177 -0.2224
vn 0.5294 0.7610 -0.3749
vn 0.5206 0.7453 -0.4166
vn 0.7480 -0.5625 -0.3523
vn 0.5736 -0.1560 -0.8041
vn 0.6623 0.7493 -0.0002
vn 0.6191 0.7848 -0.0275
vn -0.7080 0.6758 -0.2049
vn -0.7166 0.6653 -0.2095
vn -0.6244 -0.7319 -0.2729
vn -0.5743 -0.7365 -0.3576
vn -0.5232 -0.7471 0.4100
vn -0.6459 -0.7545 0.1167
vn -0.4971 -0.6828 0.5355
vn 0.7507 -0.4894 0.4438
vn 0.8153 -0.5432 0.2005
vn 0.8143 -0.5422 0.2070
vn -0.2906 -0.6192 0.7294
vn -0.5643 -0.7320 0.3818
vn 0.7824 -0.6227 -0.0115
vn 0.7565 -0.6537 -0.0192
vn 0.5784 -0.8052 0.1306
vn 0.6629 -0.7482 0.0272
vn -0.0246 -0.3667 0.9300
vn 0.2027 -0.0349 0.9786
vn 0.5924 0.6285 -0.5041
vn 0.6064 0.7633 -0.2229
vn 0.4877 0.4489 -0.7488
vn 0.2945 0.1900 -0.9366
vn 0.0510 -0.1050 -0.9932
vn -0.1934 -0.3755 -0.9064
vn -0.4024 -0.5744 -0.7128
vn -0.6077 -0.6987 -0.3775
vn 0.5038 -0.8380 0.2095
vn 0.3860 0.3045 0.8708
vn 0.4006 0.0472 0.9150
vn 0.4758 0.4788 0.7378
vn 0.5351 0.8121 0.2328
vn -0.6207 -0.7071 0.3386
vn -0.8283 -0.0705 0.5558
vn -0.6998 -0.4903 0.5194
vn -0.6830 -0.4281 0.5918
vn -0.8043 -0.0369 0.5930
vn -0.9190 0.1059 0.3797
vn -0.7660 -0.3989 0.5041
vn -0.8059 0.3802 0.4538
vn -0.8463 0.3589 0.3935
vn -0.7869 0.3930 0.4758
vn 0.4408 0.8971 -0.0305
vn 0.5399 0.6413 -0.5452
vn 0.5351 0.6444 -0.5463
vn 0.5310 0.8474 -0.0026
vn 0.3821 0.9215 -0.0692
vn 0.5832 0.6289 -0.5141
vn 0.2482 0.8785 0.4083
vn 0.1120 0.9379 0.3284
vn 0.4023 0.7893 0.4639
vn -0.2876 -0.2731 0.9180
vn -0.4988 -0.5481 0.6714
vn -0.4883 -0.5571 0.6717
vn -0.2357 -0.2125 0.9483
vn -0.4022 -0.3990 0.8240
vn -0.5239 -0.5545 0.6466
vn 0.1440 -0.1070 0.9838
vn 0.0080 -0.6097 0.7926
vn 0.0855 0.1651 0.9826
vn -0.5108 -0.6216 0.5939
vn -0.5611 -0.5620 0.6076
vn -0.5631 -0.5663 0.6019
vn -0.5031 -0.6241 0.5978
vn -0.5171 -0.6212 0.5888
vn -0.5585 -0.5503 0.6206
vn -0.4274 -0.6859 0.5890
vn -0.4440 -0.6911 0.5703
vn -0.4151 -0.6869 0.5965
vn 0.4847 0.6232 -0.6137
vn 0.5003 0.6155 -0.6089
vn 0.2452 0.6574 -0.7125
vn 0.1128 0.6778 -0.7266
vn 0.5283 0.6108 -0.5898
vn 0.5292 0.6073 -0.5925
vn 0.2928 0.5783 -0.7615
vn 0.4340 0.5377 -0.7229
vn -0.4873 0.3866 -0.7830
vn 0.5225 0.6047 -0.6011
vn 0.5495 0.5832 -0.5983
vn 0.5262 0.6059 -0.5967
vn 0.5177 0.6117 -0.5982
vn 0.6199 0.4705 -0.6280
vn 0.7131 0.3264 -0.6205
vn 0.4506 0.4435 -0.7748
vn 0.4603 0.3240 -0.8265
vn 0.4495 0.4748 -0.7566
vn -0.5260 -0.6269 0.5747
vn -0.5771 -0.5128 0.6356
vn -0.5708 -0.6234 0.5344
vn -0.6414 -0.4378 0.6301
vn -0.4593 -0.7152 0.5268
vn -0.4755 -0.7610 0.4413
vn -0.2171 -0.9758 0.0271
vn -0.2565 -0.9185 0.3009
vn -0.5322 -0.8301 0.1665
vn -0.4593 -0.8652 -0.2010
vn 0.1889 -0.8819 0.4319
vn 0.2147 -0.8069 0.5503
vn -0.3979 -0.9019 0.1681
vn -0.2812 -0.8486 0.4481
vn -0.5218 -0.8523 -0.0358
vn 0.5372 0.6236 -0.5679
vn 0.5349 0.6201 -0.5739
vn 0.5799 0.6192 -0.5294
vn 0.5806 0.6233 -0.5239
vn 0.5237 0.6201 -0.5841
vn 0.5214 0.6172 -0.5893
vn 0.6735 0.2457 -0.6972
vn 0.6741 0.3470 -0.6521
vn 0.5952 0.5598 -0.5765
vn 0.2443 -0.9652 -0.0934
vn 0.4985 -0.6900 -0.5248
vn 0.2450 -0.9270 -0.2839
vn 0.2417 -0.9612 -0.1331
vn 0.7248 -0.1000 -0.6817
vn 0.6498 -0.3589 -0.6701
vn 0.7985 0.0876 -0.5955
vn 0.2875 -0.9563 0.0537
vn 0.3335 -0.9339 0.1289
vn -0.6420 -0.7379 -0.2081
vn -0.1768 -0.6094 -0.7729
vn -0.2136 -0.9172 -0.3364
vn 0.0560 0.0597 -0.9966
vn 0.2786 -0.3547 -0.8925
vn -0.4617 0.8370 -0.2936
vn -0.7426 0.6694 0.0198
vn -0.3545 0.9209 -0.1621
vn -0.2340 0.8887 -0.3943
vn -0.9231 0.3098 0.2277
vn 0.5252 0.6114 -0.5919
vn 0.5285 0.6083 -0.5922
vn 0.4420 0.5034 -0.7424
vn -0.5128 -0.6098 0.6042
vn -0.3421 -0.8096 0.4769
vn -0.4035 -0.7259 0.5570
vn -0.5264 -0.5918 0.6105
vn -0.5031 -0.6464 0.5735
vn -0.3089 -0.8880 0.3408
vn -0.5358 -0.5807 0.6129
vn -0.5348 -0.5808 0.6138
vn -0.5348 -0.5812 0.6133
vn -0.6913 -0.7226 0.0084
vn -0.7822 -0.6200 0.0613
vn -0.6616 -0.6691 0.3384
vn -0.6357 -0.7187 0.2818
vn 0.3337 0.4193 -0.8443
vn 0.2483 0.4749 -0.8443
vn 0.3406 0.3494 -0.8729
vn -0.6082 -0.7507 0.2579
vn -0.6270 -0.7753 -0.0758
vn 0.4840 0.3702 -0.7929
vn 0.3413 0.0881 -0.9358
vn 0.4674 -0.0551 -0.8823
vn 0.5484 0.2974 -0.7815
vn 0.4706 0.4257 -0.7729
vn 0.2821 0.4226 -0.8613
vn 0.5288 0.6568 -0.5376
vn 0.5268 0.6450 -0.5536
vn 0.5112 0.6649 -0.5446
vn 0.9214 -0.3885 -0.0039
vn 0.4910 -0.8206 0.2923
vn 0.4525 -0.8486 0.2742
vn 0.4410 -0.8005 0.4058
vn 0.8228 0.3390 -0.4561
vn 0.6918 0.4296 -0.5804
vn 0.8158 0.2558 -0.5186
vn 0.8271 -0.5586 -0.0619
vn 0.9814 -0.1848 -0.0527
vn 0.6985 -0.6961 0.1661
vn 0.2252 -0.0550 -0.9728
vn 0.3846 0.3085 -0.8700
vn 0.5119 0.2376 -0.8255
vn 0.4083 -0.1868 -0.8935
vn 0.0009 0.3649 -0.9311
vn 0.2604 0.4276 -0.8657
vn -0.5373 -0.6082 0.5843
vn -0.5259 -0.5857 0.6167
vn -0.5342 -0.5816 0.6135
vn -0.5453 -0.6086 0.5764
vn -0.5345 -0.6049 0.5903
vn -0.5226 -0.5900 0.6154
vn 0.0257 0.6933 0.7202
vn -0.2052 0.3826 0.9009
vn -0.4004 0.4436 0.8018
vn -0.1583 0.7649 0.6244
vn 0.2072 0.5903 0.7801
vn -0.0324 0.2922 0.9558
vn -0.6215 0.7540 0.2125
vn -0.6049 0.7610 0.2343
vn -0.3123 0.9443 -0.1039
vn -0.2981 0.9515 -0.0764
vn 0.6583 0.1894 0.7285
vn 0.3612 0.4783 0.8005
vn 0.8454 -0.3574 0.3970
vn 0.6854 0.6658 0.2948
vn 0.8386 0.5444 -0.0171
vn 0.5537 0.7006 0.4500
vn -0.4986 -0.2109 0.8408
vn -0.5249 -0.5473 0.6519
vn -0.5280 -0.5613 0.6373
vn -0.5093 -0.3332 0.7935
vn -0.5578 -0.0988 0.8240
vn -0.5421 -0.5384 0.6452
vn -0.4166 0.2370 0.8776
vn -0.4486 0.3792 0.8093
vn -0.6630 -0.0895 0.7432
vn -0.3673 0.7965 0.4804
vn -0.5730 0.4149 0.7068
vn -0.2199 0.7763 0.5907
vn -0.4637 0.7942 0.3928
vn -0.6565 0.4273 0.6217
vn -0.0718 0.9874 0.1407
vn -0.1704 0.9827 0.0725
vn 0.0701 0.9723 0.2232
vn 0.6114 0.7913 -0.0029
vn 0.5532 0.6451 -0.5271
vn 0.5625 0.6442 -0.5183
vn 0.6289 0.7766 -0.0375
vn 0.5262 0.7044 0.4765
vn 0.2368 0.9449 -0.2262
vn 0.4985 0.6566 -0.5661
vn 0.4758 0.6602 -0.5812
vn 0.1536 0.9526 -0.2624
vn 0.3364 0.9231 -0.1861
vn -0.6410 -0.0579 0.7654
vn -0.5558 -0.5481 0.6250
vn -0.7055 -0.0290 0.7081
vn -0.5776 -0.5436 0.6090
vn -0.4237 -0.0520 0.9043
vn -0.5479 -0.5567 0.6244
vn -0.6078 -0.5462 0.5765
vn -0.5796 -0.0172 0.8147
vn -0.3068 -0.1100 0.9454
vn -0.5199 -0.5608 0.6443
vn 0.0757 0.9416 -0.3282
vn 0.4278 0.6807 -0.5946
vn 0.3851 0.7063 -0.5940
vn 0.0450 0.9296 -0.3657
vn -0.2623 0.9648 -0.0212
vn -0.3001 0.9510 -0.0746
vn 0.4457 0.8728 -0.1987
vn 0.4882 0.8292 -0.2721
vn 0.2243 0.9560 0.1889
vn 0.2720 0.9551 -0.1173
vn -0.1368 0.7549 0.6414
vn -0.6676 0.3507 0.6568
vn -0.0527 0.9955 0.0788
vn -0.5234 -0.7795 0.3441
vn -0.4985 -0.8668 0.0108
vn -0.6550 -0.7355 0.1733
vn -0.5511 -0.7415 0.3828
vn -0.4405 -0.8329 0.3351
vn -0.3145 -0.9492 0.0001
vn -0.5201 -0.7573 0.3950
vn -0.5723 -0.7572 0.3147
vn -0.4913 -0.7504 0.4422
vn 0.6916 0.1387 -0.7089
vn 0.7099 -0.3027 -0.6360
vn 0.7622 -0.2428 -0.6000
vn 0.6839 0.2281 -0.6930
vn 0.6541 0.1128 -0.7479
vn 0.6247 -0.2965 -0.7224
vn -0.4865 -0.8551 0.1792
vn -0.3470 -0.9184 -0.1904
vn -0.2595 -0.9562 -0.1357
vn -0.4580 -0.8669 0.1971
vn -0.5331 -0.8247 0.1889
vn -0.4297 -0.8819 -0.1942
vn -0.3397 -0.8910 0.3012
vn -0.1347 -0.9907 -0.0179
vn -0.2547 -0.9259 0.2788
vn 0.0098 -0.9996 -0.0278
vn 0.6083 0.1929 -0.7699
vn 0.5613 -0.1943 -0.8045
vn 0.4052 0.3352 -0.8506
vn 0.2475 0.0008 -0.9689
vn 0.3022 0.0840 -0.9495
vn 0.4342 0.3919 -0.8111
vn 0.4125 0.2553 -0.8744
vn 0.2550 -0.1020 -0.9615
vn 0.2085 -0.7738 -0.5981
vn 0.1936 -0.7703 -0.6076
vn -0.0899 -0.9951 -0.0410
vn -0.2683 -0.9633 0.0079
vn 0.5010 -0.0841 -0.8613
vn 0.5690 -0.2410 -0.7862
vn 0.4776 0.2060 -0.8541
vn 0.3393 -0.1653 -0.9261
vn 0.6036 0.1834 -0.7759
vn 0.5062 -0.2001 -0.8389
vn -0.4231 -0.8098 0.4064
vn -0.0211 -0.9806 0.1948
vn 0.0599 -0.9826 0.1759
vn -0.3663 -0.8136 0.4516
vn -0.1158 -0.9520 0.2832
vn -0.4709 -0.6975 0.5402
vn -0.4372 -0.6958 0.5698
vn -0.0637 -0.9497 0.3066
vn -0.2407 -0.9697 -0.0424
vn -0.5376 -0.8114 0.2295
vn 0.2314 -0.3774 -0.8967
vn 0.2091 -0.4232 -0.8816
vn 0.1680 -0.2910 -0.9418
vn 0.1673 -0.2783 -0.9458
vn 0.3876 -0.4571 -0.8005
vn 0.3476 -0.5362 -0.7692
vn -0.3111 -0.9121 -0.2671
vn -0.5433 -0.8371 -0.0641
vn 0.2860 -0.2342 -0.9292
vn 0.4966 -0.1384 -0.8569
vn 0.3062 0.1399 -0.9416
vn -0.9489 -0.2865 -0.1323
vn -0.7189 -0.0299 -0.6945
vn -0.9627 -0.1416 -0.2305
vn -0.7830 -0.5459 0.2983
vn -0.3496 0.4256 -0.8347
vn -0.5904 -0.5738 0.5676
vn -0.5669 -0.5740 0.5908
vn -0.8842 -0.3046 0.3542
vn -0.8392 -0.3751 0.3937
vn 0.5282 -0.2824 -0.8008
vn 0.5890 0.2071 -0.7811
vn 0.6171 -0.2815 -0.7348
vn 0.6019 -0.3643 -0.7106
vn -0.0957 -0.9911 -0.0927
vn -0.3348 -0.9080 0.2521
vn -0.4275 -0.8800 0.2070
vn -0.2639 -0.9551 -0.1347
vn -0.0119 -0.9999 -0.0008
vn -0.2405 -0.8916 -0.3836
vn -0.3810 -0.9216 -0.0735
vn -0.2248 -0.9608 -0.1621
vn -0.0950 -0.9307 -0.3533
vn -0.3540 -0.8653 -0.3548
vn -0.4765 -0.8787 0.0299
vn 0.6911 -0.4078 -0.5967
vn 0.7014 -0.3764 -0.6053
vn 0.7651 0.0514 -0.6419
vn 0.7804 -0.2784 -0.5599
vn 0.6740 0.5330 -0.5115
vn 0.6656 0.5358 -0.5195
vn 0.5232 0.6108 -0.5942
vn 0.5255 0.6121 -0.5909
vn 0.8207 0.4097 -0.3983
vn 0.7881 0.4468 -0.4234
vn 0.1677 -0.1702 -0.9710
vn 0.1819 -0.1655 -0.9693
vn 0.4191 0.2738 -0.8657
vn 0.2250 -0.0968 -0.9695
vn -0.6659 -0.0738 -0.7424
vn -0.5307 0.2554 -0.8082
vn -0.8669 -0.1747 -0.4669
vn 0.8023 -0.5897 -0.0930
vn 0.6454 -0.7629 0.0384
vn 0.9441 -0.3266 -0.0447
vn -0.8787 -0.4688 0.0903
vn -0.7351 -0.5992 0.3171
vn -0.7439 -0.5207 0.4190
vn -0.9240 -0.3617 0.1243
vn -0.7209 -0.6876 -0.0861
vn -0.6696 -0.7298 0.1379
vn -0.7773 -0.5528 0.3002
vn -0.8367 -0.4543 0.3058
vn -0.3576 0.6122 -0.7052
vn -0.1676 0.6376 -0.7519
vn -0.2775 0.5846 -0.7624
vn -0.0138 0.6874 -0.7261
vn -0.0422 0.6751 -0.7365
vn 0.0811 0.6672 -0.7404
vn 0.5021 0.8061 -0.3131
vn 0.5566 0.7912 -0.2534
vn 0.5302 0.6507 -0.5435
vn 0.5266 0.6470 -0.5514
vn 0.5161 0.8011 -0.3031
vn 0.9970 -0.0737 0.0224
vn 0.9412 0.2990 -0.1570
vn 0.3712 -0.8020 0.4680
vn -0.0609 -0.8297 0.5549
vn -0.2089 -0.7188 0.6631
vn -0.1544 -0.8048 0.5732
vn 0.9420 0.3014 -0.1474
vn 0.9445 0.3240 -0.0540
vn 0.5144 0.4491 -0.7306
vn 0.5411 0.4279 -0.7240
vn 0.7139 0.2752 -0.6439
vn 0.5265 0.5020 -0.6861
vn -0.5069 -0.4051 0.7609
vn -0.5418 -0.5312 0.6513
vn -0.5280 -0.5590 0.6393
vn -0.5197 -0.7329 0.4390
vn -0.5196 -0.7162 0.4659
vn -0.4833 -0.8580 -0.1738
vn -0.5723 -0.8048 0.1576
vn 0.3610 0.2883 -0.8869
vn -0.5712 -0.8199 -0.0375
vn -0.5878 -0.7624 0.2708
vn -0.5191 -0.6094 0.5994
vn 0.0927 -0.7836 0.6144
vn 0.0488 -0.7435 0.6670
vn -0.5211 -0.5951 0.6118
vn -0.4912 -0.7450 0.4514
vn 0.1336 -0.8023 0.5818
vn -0.9403 -0.1864 0.2847
vn -0.9487 -0.1940 0.2497
vn -0.9134 -0.2592 0.3140
vn 0.5295 0.6119 -0.5876
vn 0.5309 0.6080 -0.5904
vn 0.5440 0.5277 -0.6523
vn 0.8947 0.3327 -0.2982
vn 0.9121 0.2975 -0.2822
vn 0.8722 0.3575 -0.3338
vn 0.6182 -0.7689 0.1633
vn 0.5188 -0.7793 0.3515
vn -0.9519 -0.0813 -0.2953
vn -0.9943 -0.1058 -0.0165
vn -0.5585 0.3557 -0.7494
vn 0.9611 -0.2738 0.0373
vn 0.9987 -0.0175 -0.0487
vn 0.9284 -0.0806 -0.3626
vn 0.9989 -0.0249 0.0387
vn -0.9936 -0.0343 0.1075
vn -0.9803 -0.1895 0.0561
vn -0.8252 -0.4497 0.3417
vn 0.6302 -0.6717 0.3894
vn 0.5757 -0.7041 0.4157
vn 0.4297 -0.7136 0.5534
vn 0.5909 -0.6483 0.4801
vn 0.5268 -0.1227 -0.8411
vn 0.6535 0.1613 -0.7396
vn 0.9582 0.0676 -0.2780
vn 0.5034 0.1287 -0.8544
vn 0.5254 0.6141 -0.5890
vn 0.5224 0.6130 -0.5927
vn 0.6948 0.3939 -0.6017
vn 0.5033 0.4132 -0.7590
vn 0.5513 0.6534 -0.5189
vn -0.5738 -0.7816 0.2446
vn -0.5047 -0.8529 -0.1335
vn -0.5001 -0.5578 0.6623
vn 0.6033 0.7896 -0.1117
vn 0.3430 0.4925 0.7998
vn 0.0869 0.2013 0.9757
vn 0.4285 -0.8672 0.2535
vn 0.3855 -0.8991 0.2075
vn 0.8169 0.2029 -0.5399
vn -0.4398 -0.8509 -0.2871
vn -0.5287 -0.8416 0.1106
vn -0.1335 -0.7677 0.6268
vn -0.3614 -0.6565 0.6622
vn -0.2328 -0.1740 0.9568
vn -0.3646 -0.6860 0.6297
vn 0.2307 -0.6672 0.7083
vn -0.5351 -0.6410 0.5502
vn -0.3850 -0.6186 0.6849
vn -0.5308 -0.5849 0.6134
vn -0.2340 -0.6321 0.7387
vn 0.3928 -0.6221 0.6772
vn 0.4271 -0.5109 0.7460
vn 0.6234 -0.4117 0.6647
vn -0.1550 -0.6986 0.6986
vn -0.1273 -0.6289 0.7670
vn -0.5283 -0.6257 0.5739
vn -0.5308 -0.5873 0.6110
vn -0.9473 -0.3173 0.0444
vn -0.7775 -0.5057 0.3739
vn -0.8556 -0.4399 0.2729
vn -0.8775 -0.3797 0.2928
vn -0.5661 -0.6374 0.5227
vn -0.5237 -0.6489 0.5520
vn -0.5501 -0.5846 0.5963
vn -0.5284 -0.5867 0.6137
vn -0.5092 -0.6551 0.5582
vn -0.5322 -0.5836 0.6134
vn -0.5349 -0.7030 0.4686
vn -0.5335 -0.6717 0.5139
vn -0.5495 -0.7279 0.4101
vn -0.5535 -0.5277 0.6443
vn -0.6256 -0.4496 0.6375
vn -0.5313 -0.5658 0.6305
vn -0.5370 -0.6498 0.5380
vn -0.5301 -0.5794 0.6191
vn 0.7938 -0.0912 -0.6013
vn -0.3982 -0.6129 0.6825
vn -0.2510 -0.6265 0.7379
vn -0.5379 -0.5819 0.6099
vn -0.4112 -0.6169 0.6711
vn -0.5483 -0.5768 0.6056
vn -0.1638 -0.6893 0.7057
vn 0.4586 -0.4829 0.7460
vn 0.6187 -0.3989 0.6768
vn 0.5227 -0.5571 0.6453
vn 0.6505 -0.4655 0.6001
vn -0.0785 -0.6178 0.7824
vn -0.0002 -0.6624 0.7492
vn -0.5302 -0.5867 0.6121
vn -0.5202 -0.5908 0.6168
vn 0.7643 -0.1768 -0.6201
vn 0.6420 0.3391 -0.6876
vn -0.5547 -0.5841 0.5926
vn -0.5263 -0.5862 0.6159
vn -0.5649 -0.5815 0.5854
vn -0.5242 -0.5874 0.6166
vn 0.0094 -0.9855 0.1697
vn -0.0233 -0.9599 0.2793
vn 0.1060 -0.9933 0.0464
vn 0.1137 -0.9846 0.1328
vn -0.2300 -0.9147 0.3323
vn -0.2804 -0.8742 0.3965
vn -0.6204 -0.5171 0.5896
vn -0.6553 -0.4824 0.5813
vn 0.3448 0.7463 -0.5694
vn 0.0424 0.9306 -0.3635
vn -0.5309 -0.5885 0.6098
vn -0.5605 0.7761 0.2889
vn -0.7447 0.4134 0.5239
vn -0.6049 0.7611 0.2344
vn -0.7863 0.3954 0.4747
vn -0.5301 -0.5835 0.6152
vn -0.5280 -0.5841 0.6165
vn -0.6366 -0.4403 0.6331
vn -0.7079 -0.3697 0.6018
vn -0.7065 -0.3704 0.6030
vn -0.5615 -0.5213 0.6427
vn -0.5395 -0.5606 0.6282
vn -0.6312 -0.4437 0.6362
vn -0.5697 -0.5167 0.6391
vn -0.5490 -0.5557 0.6243
vn -0.5381 -0.5754 0.6159
vn -0.5486 -0.5701 0.6115
vn -0.7743 -0.0297 0.6321
vn -0.8039 -0.0404 0.5934
vn 0.7136 0.6840 -0.1513
vn 0.6732 0.7113 -0.2023
vn -0.2951 -0.6716 0.6797
vn -0.6535 -0.4124 0.6348
vn -0.8587 0.0048 0.5124
vn -0.8774 0.0504 0.4771
vn -0.9017 -0.0751 0.4259
vn 0.1795 0.9319 -0.3150
vn 0.2685 0.9339 -0.2359
vn 0.5765 0.7385 -0.3496
vn 0.1543 0.9379 -0.3107
vn -0.5928 -0.6021 0.5349
vn -0.8762 -0.1336 0.4630
vn -0.9031 0.2547 0.3458
vn -0.1811 0.9625 -0.2019
vn -0.7048 -0.3730 0.6034
vn -0.7031 -0.3738 0.6049
vn -0.2306 -0.9728 -0.0233
vn -0.0633 -0.9791 -0.1931
vn -0.1675 -0.9850 -0.0423
vn 0.0231 -0.9771 -0.2114
vn -0.7311 -0.3486 0.5864
vn -0.7311 -0.3486 0.5865
vn -0.7049 -0.3715 0.6042
vn 0.6228 0.6261 -0.4692
vn 0.6291 0.6116 -0.4798
vn 0.6599 0.5292 -0.5333
vn 0.6271 0.6460 -0.4352
vn 0.6848 0.5189 -0.5117
vn 0.6584 0.5835 -0.4755
vn 0.3373 0.9370 -0.0913
vn -0.0030 0.9660 0.2585
vn 0.6257 0.6264 -0.4649
vn 0.2923 0.9533 -0.0756
vn 0.6232 0.6530 -0.4304
vn -0.0735 0.9644 0.2540
vn 0.7150 0.1718 -0.6777
vn 0.6559 -0.2168 -0.7230
vn 0.7503 0.1753 -0.6374
vn 0.7038 -0.2248 -0.6739
vn -0.7047 0.0096 0.7094
vn -0.6660 -0.5226 0.5322
vn -0.5580 0.4705 0.6836
vn -0.7431 0.0192 0.6689
vn -0.6149 0.4603 0.6403
vn -0.6957 -0.4876 0.5276
vn -0.4459 -0.8672 0.2218
vn -0.1877 -0.9798 -0.0689
vn -0.4628 -0.8510 0.2482
vn -0.1885 -0.9818 -0.0229
vn 0.5404 -0.4967 -0.6792
vn 0.4905 -0.5881 -0.6431
vn 0.5888 -0.5105 -0.6267
vn 0.5369 -0.5962 -0.5969
vn -0.3114 0.7940 0.5221
vn -0.3794 0.7833 0.4925
vn 0.4544 -0.7183 -0.5269
vn 0.6109 -0.4693 -0.6377
vn 0.2423 -0.8997 -0.3630
vn 0.4185 -0.7447 -0.5199
vn 0.2343 -0.8931 -0.3841
vn 0.5968 -0.4956 -0.6310
vn 0.0329 -0.9575 -0.2865
vn 0.0634 -0.9673 -0.2455
vn 0.6130 0.5197 -0.5951
vn 0.6810 0.4775 -0.5552
vn -0.6283 -0.6083 0.4850
vn -0.4983 -0.7966 0.3422
vn -0.6669 -0.5641 0.4869
vn -0.5114 -0.8050 0.3007
vn 0.7027 0.4653 -0.5382
vn -0.5434 -0.6124 0.5742
vn 0.0298 0.9100 -0.4136
vn 0.3314 0.6880 -0.6456
vn 0.2341 0.7440 -0.6259
vn 0.5860 0.3438 -0.7338
vn 0.7391 -0.1108 -0.6644
vn 0.7495 -0.0052 -0.6620
vn -0.9966 0.0728 0.0396
vn 0.5285 0.5939 -0.6066
vn 0.5286 0.5874 -0.6128
vn 0.9952 -0.0596 0.0779
vn 0.9640 -0.1808 0.1950
vn 0.9770 -0.1468 0.1544
vn 0.5334 0.5834 -0.6125
vn 0.5477 0.5658 -0.6164
vn 0.5626 0.5497 -0.6175
vn -0.2313 -0.9003 -0.3686
vn -0.5367 -0.7521 -0.3826
vn -0.3486 -0.4150 -0.8404
vn -0.1040 -0.6579 -0.7459
vn -0.1400 -0.9603 -0.2411
vn -0.4917 -0.8459 -0.2065
vn 0.1989 -0.9241 -0.3263
vn 0.2722 -0.9266 -0.2593
vn 0.1766 -0.8192 -0.5456
vn 0.2365 -0.0119 0.9716
vn -0.2360 -0.4314 0.8708
vn 0.1338 -0.7337 0.6662
vn 0.3797 -0.1933 0.9047
vn -0.1205 0.3795 0.9173
vn -0.4205 -0.0217 0.9070
vn 0.6310 0.3938 0.6684
vn 0.2311 0.6268 0.7441
vn 0.8879 -0.0102 0.4600
vn -0.0239 0.9987 -0.0443
vn -0.3417 0.9398 0.0054
vn -0.3717 0.9277 0.0361
vn -0.1139 0.9935 0.0046
vn 0.0236 0.9976 -0.0644
vn -0.3787 0.8995 0.2177
vn 0.3645 0.9214 -0.1349
vn 0.4128 0.8975 -0.1553
vn 0.1499 0.9706 -0.1884
vn 0.2713 -0.2234 0.9362
vn 0.1514 -0.2975 0.9426
vn 0.3797 -0.5598 0.7365
vn 0.4858 -0.5133 0.7075
vn 0.0172 0.1150 0.9932
vn -0.0811 0.0217 0.9965
vn -0.2388 0.4454 0.8629
vn -0.2992 0.3658 0.8813
vn -0.4074 0.6567 0.6346
vn -0.4397 0.6161 0.6535
vn 0.7542 -0.6564 -0.0200
vn 0.7396 -0.6348 -0.2237
vn 0.9749 0.0277 -0.2211
vn 0.9994 0.0193 -0.0299
vn 0.0381 -0.9755 0.2168
vn 0.4947 -0.8558 -0.1512
vn 0.7583 -0.6116 0.2258
vn -0.7424 -0.6542 -0.1446
vn -0.7363 -0.6549 -0.1702
vn -0.4273 -0.8996 -0.0907
vn -0.3787 -0.9255 -0.0113
vn -0.9492 -0.2995 -0.0961
vn -0.9321 -0.3384 -0.1292
vn -0.7427 -0.6482 -0.1679
vn -0.9639 -0.2579 -0.0664
vn -0.2717 -0.9584 -0.0873
vn 0.7495 0.6457 0.1458
vn 0.6392 0.3851 0.6657
vn 0.0280 0.9782 0.2059
vn 0.2841 0.9578 0.0434
vn 0.9010 0.0649 0.4289
vn 0.8712 -0.2171 0.4402
vn 0.7167 0.6968 -0.0268
vn 0.9871 0.1104 0.1161
vn 0.2251 0.9742 0.0172
vn 0.0402 -0.9716 0.2333
vn -0.0531 -0.9968 0.0596
vn 0.3123 -0.9298 0.1947
vn 0.3297 -0.8543 0.4018
vn 0.3005 -0.9407 0.1576
vn 0.5079 -0.8229 0.2546
vn -0.1237 0.9879 0.0939
vn -0.1435 0.9841 0.1043
vn -0.3989 0.9129 0.0869
vn -0.4399 0.8859 0.1471
vn -0.1807 0.9659 0.1857
vn -0.4554 0.8265 0.3309
vn -0.9977 0.0556 0.0388
vn -0.9994 0.0197 -0.0267
vn -0.9188 0.3652 0.1496
vn -0.9224 0.3815 0.0608
vn -0.9879 0.0930 0.1245
vn -0.8983 0.3253 0.2952
vn -0.7314 0.6578 0.1800
vn -0.7020 0.7058 0.0951
vn -0.7205 0.5933 0.3591
vn 0.7702 -0.3650 0.5230
vn 0.8792 -0.3711 0.2989
vn 0.6997 -0.5079 0.5024
vn 0.7960 -0.5375 0.2782
vn 0.8580 -0.4009 0.3212
vn 0.7821 -0.5269 0.3328
vn 0.6834 -0.7130 0.1571
vn 0.7552 -0.6517 -0.0701
vn 0.9779 0.0183 0.2082
vn 0.9089 -0.0786 0.4096
vn -0.0205 -0.9995 -0.0227
vn 0.4760 -0.8599 -0.1842
vn 0.3162 -0.6848 0.6566
vn -0.1197 -0.8958 0.4280
vn 0.5809 -0.2560 0.7726
vn 0.7167 0.5643 0.4098
vn 0.7434 0.6356 0.2083
vn 0.5543 0.7833 0.2816
vn 0.1499 0.7774 0.6109
vn 0.9594 -0.0462 0.2783
vn 0.8863 0.4480 0.1173
vn 0.5251 0.3020 0.7956
vn 0.7847 -0.0975 0.6122
vn 0.1298 0.5643 0.8153
vn 0.6029 -0.7135 -0.3570
vn 0.6121 -0.7071 -0.3540
vn 0.4787 -0.5441 -0.6891
vn 0.4773 -0.5656 -0.6725
vn 0.6494 -0.7604 -0.0102
vn 0.6392 -0.7689 0.0168
vn 0.3034 -0.3558 -0.8840
vn 0.2882 -0.3273 -0.8999
vn 0.0488 -0.0432 -0.9979
vn 0.0667 -0.0607 -0.9959
vn -0.5184 0.7900 0.3275
vn -0.5315 0.7805 0.3291
vn -0.5612 0.8268 -0.0382
vn -0.5604 0.8254 -0.0677
vn 0.6510 -0.7535 -0.0912
vn 0.6455 -0.7218 -0.2496
vn 0.8701 -0.4405 -0.2210
vn 0.8695 -0.4897 -0.0642
vn 0.2966 -0.9460 -0.1306
vn 0.6093 -0.7484 0.2619
vn 0.9607 -0.2717 -0.0573
vn 0.9622 -0.1719 -0.2112
vn 0.9394 0.1494 -0.3086
vn 0.9738 -0.2173 -0.0670
vn -0.6855 0.7260 0.0547
vn -0.6758 0.7367 0.0244
vn -0.9208 0.3899 -0.0121
vn -0.9223 0.3863 0.0085
vn -0.3814 0.9217 0.0705
vn -0.9979 -0.0026 -0.0647
vn -0.9979 -0.0122 -0.0632
vn -0.9229 -0.3667 -0.1171
vn -0.9238 -0.3562 -0.1407
vn -0.1647 0.9837 0.0722
vn -0.2370 0.9676 0.0869
vn -0.1060 -0.9789 -0.1750
vn -0.4676 -0.8607 -0.2012
vn -0.7425 -0.6422 -0.1902
vn -0.7496 -0.6412 -0.1642
vn -0.0498 -0.1972 0.9791
vn -0.2474 -0.3700 0.8955
vn -0.0684 -0.5524 0.8307
vn 0.4775 -0.4703 0.7421
vn -0.3784 0.3497 0.8570
vn -0.4239 -0.1671 0.8902
vn 0.3059 0.1057 0.9462
vn 0.0392 0.4042 0.9138
vn 0.5741 -0.1254 0.8091
vn 0.9521 -0.2999 -0.0592
vn 0.8635 0.0995 -0.4945
vn 0.8886 -0.4036 0.2180
vn 0.9151 -0.4023 -0.0291
vn 0.7893 -0.5449 0.2831
vn 0.8218 0.0618 -0.5663
vn 0.4959 0.5873 -0.6397
vn 0.6581 0.6628 -0.3573
vn -0.0694 0.9094 -0.4101
vn 0.4143 0.5400 -0.7327
vn 0.2067 0.6927 -0.6909
vn 0.2232 -0.0013 0.9748
vn 0.4460 -0.1329 0.8851
vn -0.0261 0.1913 0.9812
vn 0.1461 0.3541 0.9237
vn -0.1065 -0.2573 0.9605
vn -0.3080 -0.0902 0.9471
vn 0.1605 -0.3929 0.9054
vn 0.6290 0.4054 0.6634
vn 0.7751 0.6174 0.1343
vn 0.4201 0.8916 0.1692
vn 0.1813 0.7718 0.6095
vn 0.8707 0.0291 0.4910
vn 0.9558 0.2692 0.1182
vn -0.3190 0.8779 0.3572
vn -0.5067 0.8346 0.2160
vn -0.6166 0.6195 0.4858
vn 0.1557 0.9707 -0.1830
vn -0.3332 0.9394 -0.0803
vn 0.9244 -0.3178 0.2111
vn 0.8803 -0.4719 0.0486
vn 0.9001 0.0610 -0.4315
vn 0.9645 0.1390 -0.2244
vn 0.7171 -0.6291 0.3001
vn 0.6767 0.6261 -0.3875
vn 0.5465 0.5767 -0.6072
vn 0.3239 0.7474 -0.5801
vn -0.2170 -0.3900 0.8949
vn -0.5651 -0.6506 0.5074
vn -0.6162 -0.0230 0.7872
vn -0.7951 -0.3023 0.5257
vn 0.2713 0.0543 0.9610
vn -0.1939 0.2732 0.9422
vn -0.6673 -0.6738 0.3173
vn -0.7251 -0.6815 0.0992
vn -0.5377 -0.8429 0.0171
vn -0.0642 -0.9752 0.2117
vn -0.8350 -0.0911 0.5426
vn -0.8628 -0.4774 0.1663
vn -0.3972 -0.5303 0.7490
vn -0.6203 -0.1009 0.7778
vn -0.0100 -0.8235 0.5673
vn 0.6528 -0.7283 0.2085
vn 0.6782 -0.7319 -0.0659
vn 0.9124 -0.4067 -0.0464
vn 0.3367 -0.9382 -0.0803
vn 0.4736 -0.5538 0.6848
vn -0.5049 0.5181 0.6904
vn -0.6004 0.5847 0.5456
vn -0.8200 0.3067 0.4832
vn -0.2917 0.7845 0.5473
vn -0.2848 0.2782 0.9173
vn 0.0912 -0.1432 0.9855
vn -0.3867 0.6776 0.6255
vn -0.4330 0.8057 0.4042
vn -0.6502 0.5806 0.4900
vn -0.7426 0.0160 0.6696
vn 0.1830 0.8907 0.4162
vn 0.1483 0.9717 0.1836
vn -0.5950 -0.6402 0.4859
vn -0.6840 -0.6688 0.2914
vn -0.5060 -0.8423 0.1856
vn -0.8081 -0.4601 0.3679
vn 0.7457 0.6429 0.1747
vn 0.7330 0.6788 -0.0437
vn 0.5555 -0.6822 0.4754
vn 0.6369 -0.7055 0.3108
vn 0.6087 0.4643 0.6433
vn 0.6910 0.5784 0.4336
vn 0.4815 0.7175 0.5033
vn -0.1443 0.6522 0.7441
vn -0.7151 -0.6990 0.0067
vn -0.7232 -0.6601 -0.2030
vn -0.4821 -0.8374 -0.2577
vn -0.9614 -0.2044 0.1840
vn -0.9837 -0.1796 -0.0051
vn -0.8371 0.2712 0.4751
vn -0.9080 0.3053 0.2870
vn -0.7425 0.5106 0.4336
vn 0.4671 0.5596 -0.6846
vn 0.2535 0.7196 -0.6465
vn 0.8548 0.0555 -0.5160
vn 0.8815 -0.4722 0.0031
vn 0.7162 -0.6375 0.2839
vn -0.5321 0.8269 0.1822
vn -0.5827 0.8008 0.1387
vn -0.6643 0.5960 0.4511
vn -0.6335 0.6122 0.4732
vn -0.3646 0.9225 -0.1268
vn -0.4365 0.8815 -0.1800
vn -0.2530 -0.3809 0.8893
vn -0.0433 -0.5488 0.8349
vn -0.4238 -0.1855 0.8866
vn 0.7290 0.6833 -0.0409
vn 0.1785 0.9786 0.1028
vn 0.9916 0.0514 -0.1188
vn -0.6294 -0.6396 0.4414
vn -0.5686 -0.5963 0.5666
vn -0.4235 -0.7503 0.5077
vn -0.4701 -0.8007 0.3712
vn -0.7310 -0.4527 0.5106
vn -0.6729 -0.4386 0.5957
vn -0.3121 0.8954 0.3175
vn -0.4926 0.7551 0.4326
vn 0.8298 -0.5559 -0.0488
vn 0.6394 -0.7673 0.0489
vn -0.6585 0.5679 0.4938
vn -0.8493 0.3138 0.4245
vn -0.3973 0.7610 0.5128
vn 0.6888 -0.7245 -0.0258
vn 0.9134 -0.4071 0.0017
vn 0.3577 -0.9331 -0.0383
vn -0.7222 -0.6777 0.1384
vn -0.7150 -0.6658 0.2133
vn -0.5637 -0.8108 0.1577
vn -0.5591 -0.8261 0.0706
vn -0.8395 -0.5034 0.2044
vn -0.8186 -0.5155 0.2533
vn 0.7326 0.6306 0.2563
vn 0.7058 0.6222 0.3389
vn 0.5913 0.7098 0.3828
vn 0.5821 0.7416 0.3334
vn 0.8605 0.4789 0.1738
vn 0.8316 0.4856 0.2694
vn -0.9597 0.1775 0.2177
vn -0.9743 -0.2218 -0.0384
vn -0.8559 0.3677 0.3637
vn -0.7277 -0.6556 -0.2016
vn -0.0924 -0.9721 -0.2154
vn 0.6493 0.5142 0.5603
vn 0.5634 0.4522 0.6915
vn 0.3883 0.5599 0.7319
vn 0.4276 0.6191 0.6587
vn 0.8072 0.3427 0.4807
vn 0.7532 0.2830 0.5938
vn 0.6410 -0.7674 -0.0117
vn 0.8605 -0.4977 0.1091
vn -0.4948 0.8614 0.1150
vn -0.5581 0.7264 0.4011
vn -0.9843 -0.0237 -0.1747
vn -0.8931 -0.3458 -0.2877
vn -0.8789 0.1725 -0.4446
vn -0.7479 0.0699 -0.6602
vn -0.9177 0.3919 -0.0651
vn -0.8252 0.5096 -0.2437
vn -0.1965 0.2814 -0.9393
vn -0.2017 0.2749 -0.9401
vn -0.4032 0.5568 -0.7262
vn -0.4105 0.5791 -0.7044
vn 0.9679 -0.1074 -0.2274
vn 0.8687 -0.4352 -0.2364
vn 0.8008 -0.5926 -0.0874
vn 0.9705 -0.1050 -0.2171
vn 0.9234 0.3067 -0.2309
vn 0.9217 0.3177 -0.2224
vn -0.5294 0.7609 -0.3751
vn -0.5206 0.7453 -0.4166
vn -0.7480 -0.5625 -0.3523
vn -0.5736 -0.1560 -0.8041
vn -0.6623 0.7493 -0.0003
vn -0.6191 0.7848 -0.0275
vn 0.7080 0.6758 -0.2049
vn 0.7166 0.6653 -0.2095
vn 0.6244 -0.7319 -0.2729
vn 0.5743 -0.7365 -0.3576
vn 0.5232 -0.7471 0.4100
vn 0.4971 -0.6828 0.5355
vn 0.6459 -0.7545 0.1167
vn -0.7507 -0.4894 0.4438
vn -0.8143 -0.5422 0.2070
vn -0.8153 -0.5432 0.2005
vn 0.5643 -0.7320 0.3818
vn 0.2906 -0.6192 0.7294
vn -0.7824 -0.6227 -0.0115
vn -0.7565 -0.6537 -0.0192
vn -0.6629 -0.7482 0.0272
vn -0.5784 -0.8052 0.1306
vn 0.0246 -0.3667 0.9300
vn -0.2027 -0.0349 0.9786
vn -0.5924 0.6285 -0.5041
vn -0.6064 0.7633 -0.2229
vn -0.4877 0.4489 -0.7488
vn -0.2945 0.1900 -0.9366
vn -0.0510 -0.1050 -0.9932
vn 0.1934 -0.3755 -0.9064
vn 0.4024 -0.5744 -0.7128
vn 0.6077 -0.6987 -0.3775
vn -0.5038 -0.8380 0.2095
vn -0.3860 0.3045 0.8708
vn -0.4758 0.4788 0.7378
vn -0.4006 0.0472 0.9150
vn -0.5351 0.8121 0.2328
vn 0.6207 -0.7071 0.3386
vn -0.6200 -0.7081 0.3379
vn -0.6485 -0.7611 -0.0105
vn -0.4853 -0.5145 0.7070
vn 0.5318 0.7633 -0.3669
vn 0.5620 0.8264 -0.0350
vn 0.4133 0.5824 -0.7000
vn 0.1961 0.2806 -0.9396
vn -0.0712 -0.0673 -0.9952
vn 0.5192 0.7894 0.3274
vn 0.4082 0.6561 0.6348
vn -0.3080 -0.3631 -0.8794
vn -0.4780 -0.5683 -0.6698
vn -0.6020 -0.7142 -0.3571
vn 0.2395 0.4446 0.8631
vn -0.0170 0.1135 0.9934
vn -0.2709 -0.2246 0.9360
vn 0.6485 -0.7611 -0.0105
vn 0.6200 -0.7081 0.3379
vn 0.4853 -0.5145 0.7070
vn -0.5620 0.8264 -0.0352
vn -0.5317 0.7631 -0.3673
vn -0.4132 0.5822 -0.7003
vn -0.1961 0.2806 -0.9396
vn 0.0709 -0.0670 -0.9952
vn -0.4082 0.6561 0.6348
vn -0.5192 0.7894 0.3274
vn 0.3078 -0.3628 -0.8796
vn 0.4779 -0.5682 -0.6699
vn 0.6019 -0.7142 -0.3571
vn 0.0170 0.1136 0.9934
vn -0.2395 0.4446 0.8631
vn 0.2709 -0.2246 0.9360
vn 0.6718 -0.1531 0.7247
vn 0.4048 -0.2769 0.8715
vn 0.3189 -0.6453 0.6941
vn 0.6341 -0.4850 0.6023
vn 0.8178 0.1690 -0.5502
vn 0.8385 0.0646 -0.5411
vn 0.5469 0.1270 -0.8275
vn 0.5443 0.2711 -0.7939
vn 0.4427 0.8926 -0.0850
vn 0.4480 0.8259 -0.3423
vn 0.1843 0.9148 -0.3593
vn 0.1494 0.9831 -0.1062
vn 0.8220 -0.1674 -0.5444
vn 0.4951 -0.1987 -0.8458
vn 0.8425 0.2794 0.4606
vn 0.7718 0.3793 0.5104
vn 0.7959 0.1857 0.5762
vn 0.8584 0.1688 0.4844
vn 0.9007 0.2801 -0.3320
vn 0.8328 0.4147 -0.3667
vn 0.8942 0.4420 -0.0711
vn 0.9722 0.2334 -0.0200
vn 0.5842 0.5328 0.6123
vn 0.6579 0.2372 0.7148
vn 0.8895 0.3851 0.2461
vn 0.9379 0.1949 0.2870
vn 0.4861 0.7152 -0.5022
vn 0.3159 0.7485 -0.5831
vn 0.3961 0.6297 0.6683
vn 0.4936 0.8262 0.2716
vn 0.2325 0.9371 0.2605
vn 0.5644 -0.7143 -0.4139
vn 0.2419 -0.8321 -0.4991
vn 0.3619 -0.5490 -0.7534
vn 0.7134 -0.4611 -0.5277
vn 0.7616 0.6014 0.2412
vn 0.7432 0.6635 -0.0862
vn 0.7139 0.6086 -0.3462
vn 0.7380 0.3422 -0.5816
vn 0.6549 0.5132 -0.5548
vn 0.5326 0.2741 -0.8007
vn 0.0010 0.2473 -0.9689
vn 0.0007 0.4428 -0.8966
vn 0.4582 0.4519 -0.7654
vn 0.0016 -0.2570 -0.9664
vn 0.0013 -0.6162 -0.7876
vn 0.2671 -0.9637 0.0015
vn 0.0008 -0.9993 0.0363
vn 0.0008 -0.9845 -0.1753
vn 0.2471 -0.9501 -0.1902
vn 0.5725 -0.8188 -0.0437
vn 0.5882 -0.7854 -0.1928
vn 0.6844 0.1108 0.7207
vn 0.4702 0.0790 0.8790
vn 0.0008 -0.8739 -0.4862
vn 0.4789 0.2710 0.8350
vn 0.0008 0.6536 0.7568
vn 0.0009 0.2941 0.9558
vn 0.9773 -0.1772 0.1157
vn 0.8998 -0.4348 0.0362
vn 0.8915 -0.4283 -0.1477
vn 0.9613 -0.2412 -0.1333
vn 0.9973 -0.0523 -0.0519
vn 0.9742 -0.0057 0.2254
vn 0.9009 0.0075 0.4341
vn 0.9122 -0.1663 0.3745
vn 0.8816 -0.3784 0.2820
vn 0.8376 -0.2633 0.4787
vn 0.7944 -0.5183 0.3167
vn 0.8441 -0.0285 0.5355
vn 0.5830 -0.7198 0.3768
vn 0.9437 -0.1109 -0.3117
vn 0.9165 -0.2751 -0.2903
vn 0.9571 0.0167 -0.2892
vn 0.9543 0.0926 0.2841
vn 0.9935 0.1137 -0.0050
vn 0.8786 0.0957 0.4678
vn 0.8262 0.1067 0.5531
vn 0.9353 0.1745 -0.3079
vn 0.7954 0.2539 -0.5503
vn 0.7473 0.2877 -0.5990
vn 0.5293 0.2896 -0.7975
vn 0.0017 0.3021 -0.9533
vn 0.0016 0.2954 -0.9554
vn 0.0004 0.7722 -0.6354
vn 0.5219 0.2724 -0.8083
vn 0.0014 0.2700 -0.9629
vn 0.0012 0.0603 0.9982
vn 0.2699 -0.8536 0.4455
vn 0.2641 -0.9439 0.1982
vn 0.5537 -0.8242 0.1188
vn -0.9721 0.2336 -0.0205
vn -0.8944 0.4415 -0.0715
vn -0.8328 0.4149 -0.3665
vn -0.9010 0.2803 -0.3311
vn 0.0008 -0.8760 0.4822
vn 0.0008 -0.9676 0.2526
vn 0.0012 -0.3109 0.9504
vn 0.0010 0.9608 0.2772
vn -0.6718 -0.1537 0.7246
vn -0.6342 -0.4854 0.6019
vn -0.3182 -0.6457 0.6942
vn -0.4036 -0.2777 0.8718
vn 0.0007 0.9938 -0.1115
vn 0.0002 0.9316 -0.3634
vn 0.0017 0.1282 -0.9918
vn 0.0010 -0.6870 0.7266
vn -0.3608 -0.5501 -0.7531
vn -0.4934 -0.1999 -0.8465
vn 0.7680 -0.6366 0.0703
vn 0.7815 -0.6163 -0.0973
vn 0.8262 -0.5183 -0.2210
vn -0.8219 -0.1675 -0.5444
vn -0.8385 0.0643 -0.5411
vn -0.5453 0.1265 -0.8287
vn -0.5828 -0.7198 0.3771
vn -0.2695 -0.8535 0.4459
vn -0.8177 0.1693 -0.5503
vn -0.5435 0.2717 -0.7942
vn -0.4873 0.7143 -0.5022
vn -0.4490 0.8251 -0.3430
vn -0.1848 0.9146 -0.3596
vn -0.3164 0.7481 -0.5833
vn -0.7482 0.2889 -0.5972
vn -0.7378 0.3430 -0.5814
vn -0.5836 0.5342 0.6116
vn -0.7719 0.3799 0.5098
vn -0.7959 0.1856 0.5763
vn -0.6576 0.2373 0.7150
vn -0.8427 0.2796 0.4601
vn -0.8894 0.3854 0.2458
vn -0.9380 0.1947 0.2869
vn -0.8586 0.1687 0.4841
vn -0.4431 0.8921 -0.0883
vn -0.4928 0.8281 0.2673
vn -0.2308 0.9379 0.2590
vn -0.1486 0.9830 -0.1079
vn -0.7131 -0.4621 -0.5272
vn -0.3948 0.6306 0.6682
vn -0.7619 0.6018 0.2394
vn -0.7431 0.6633 -0.0882
vn -0.7140 0.6079 -0.3474
vn -0.6558 0.5111 -0.5556
vn -0.4584 0.4499 -0.7665
vn -0.2414 -0.8324 -0.4989
vn -0.2466 -0.9502 -0.1903
vn -0.5634 -0.7147 -0.4145
vn -0.5881 -0.7855 -0.1929
vn -0.6844 0.1105 0.7207
vn -0.4691 0.0787 0.8796
vn -0.4779 0.2714 0.8354
vn -0.2663 -0.9639 0.0015
vn -0.5721 -0.8190 -0.0438
vn -0.9774 -0.1770 0.1152
vn -0.9613 -0.2412 -0.1333
vn -0.8914 -0.4284 -0.1477
vn -0.8997 -0.4351 0.0359
vn -0.8813 -0.3791 0.2821
vn -0.9122 -0.1665 0.3744
vn -0.9009 0.0076 0.4340
vn -0.9744 -0.0055 0.2250
vn -0.9973 -0.0522 -0.0519
vn -0.8372 -0.2644 0.4788
vn -0.7939 -0.5187 0.3174
vn -0.8440 -0.0289 0.5356
vn -0.9436 -0.1107 -0.3119
vn -0.9166 -0.2750 -0.2903
vn -0.9571 0.0166 -0.2892
vn -0.9544 0.0928 0.2838
vn -0.9934 0.1143 -0.0051
vn -0.8787 0.0957 0.4676
vn -0.8262 0.1066 0.5532
vn -0.9356 0.1746 -0.3069
vn -0.7959 0.2534 -0.5498
vn -0.5202 0.2735 -0.8091
vn -0.5266 0.2896 -0.7993
vn -0.5316 0.2744 -0.8013
vn -0.2634 -0.9440 0.1986
vn -0.5541 -0.8239 0.1191
vn -0.7677 -0.6369 0.0702
vn -0.7812 -0.6167 -0.0973
vn -0.8258 -0.5188 -0.2211
vn 0.8707 0.0111 -0.4918
vn 0.9676 0.0781 0.2400
vn 0.9564 -0.1343 0.2593
vn 0.8609 -0.0785 -0.5027
vn 0.5987 -0.0354 -0.8002
vn 0.5997 -0.0115 -0.8002
vn 0.1815 0.0913 -0.9791
vn 0.8374 0.3303 -0.4356
vn 0.9485 0.2195 0.2285
vn -0.6072 0.3430 0.7167
vn -0.7854 0.4856 0.3837
vn -0.7157 0.5130 0.4739
vn -0.6260 0.2378 0.7427
vn -0.1922 -0.3432 0.9194
vn -0.0427 -0.0626 0.9971
vn 0.0184 0.1642 0.9863
vn -0.6406 0.3894 0.6619
vn -0.8573 0.4096 0.3119
vn -0.6774 0.1720 0.7153
vn -0.6833 0.4901 0.5413
vn -0.6802 0.4694 0.5630
vn -0.6916 0.1494 0.7066
vn -0.6240 -0.1706 0.7626
vn -0.5958 -0.1318 0.7923
vn 0.1659 -0.8760 0.4528
vn -0.0582 -0.7800 0.6230
vn -0.1050 -0.8279 0.5509
vn 0.1218 -0.9211 0.3699
vn 0.3314 -0.9296 0.1611
vn 0.3750 -0.8964 0.2364
vn 0.5411 -0.7145 0.4435
vn 0.3384 -0.6754 0.6552
vn 0.7907 -0.1547 -0.5924
vn 0.7883 -0.4373 -0.4329
vn 0.7691 -0.4303 -0.4727
vn 0.7839 -0.1138 -0.6104
vn 0.7077 0.2097 -0.6747
vn 0.6975 0.1857 -0.6921
vn 0.6566 0.1089 -0.7464
vn 0.8229 -0.1868 -0.5366
vn 0.8549 -0.3969 -0.3340
vn -0.0426 0.9445 -0.3259
vn 0.1742 0.8486 -0.4996
vn 0.2204 0.8786 -0.4236
vn -0.0072 0.9703 -0.2420
vn -0.2199 0.9742 -0.0513
vn -0.2563 0.9581 -0.1279
vn -0.4146 0.8434 -0.3418
vn -0.2217 0.7982 -0.5601
vn 0.0076 0.7022 -0.7119
vn 0.5134 -0.3395 0.7881
vn 0.7017 -0.3874 0.5980
vn 0.5965 -0.0475 0.8012
vn 0.8495 -0.1377 -0.5093
vn 0.9292 -0.2849 -0.2352
vn 0.6122 0.0204 -0.7904
vn -0.4258 0.4981 -0.7554
vn -0.1865 0.4296 -0.8836
vn -0.6109 0.5758 -0.5434
vn -0.7214 0.3110 -0.6188
vn -0.5288 0.2328 -0.8162
vn -0.2885 0.1841 -0.9396
vn 0.3253 0.3257 -0.8877
vn -0.4030 0.4763 -0.7815
vn -0.7664 0.6242 -0.1517
vn -0.9023 0.3768 -0.2096
vn -0.8338 0.5521 -0.0044
vn 0.2228 0.5651 0.7944
vn 0.1231 0.5557 0.8222
vn 0.0856 0.4615 0.8830
vn 0.6295 0.4574 0.6281
vn 0.8919 0.3645 0.2677
vn -0.5607 0.1053 -0.8213
vn -0.3090 0.0455 -0.9500
vn -0.7708 0.1669 -0.6149
vn -0.6479 0.4344 0.6257
vn -0.8857 0.3829 0.2625
vn 0.0447 0.3455 0.9373
vn 0.6307 0.1915 0.7521
vn -0.8707 0.0111 -0.4917
vn -0.8609 -0.0785 -0.5027
vn -0.9564 -0.1343 0.2593
vn -0.9676 0.0781 0.2400
vn -0.9485 0.2195 0.2285
vn -0.8374 0.3303 -0.4356
vn -0.1816 0.0913 -0.9791
vn -0.5997 -0.0115 -0.8002
vn -0.5987 -0.0354 -0.8002
vn 0.6072 0.3430 0.7167
vn 0.6260 0.2378 0.7427
vn 0.7157 0.5130 0.4739
vn 0.7855 0.4856 0.3837
vn 0.8573 0.4096 0.3119
vn 0.6406 0.3894 0.6619
vn -0.0184 0.1642 0.9863
vn 0.0427 -0.0626 0.9971
vn 0.1922 -0.3432 0.9194
vn 0.6774 0.1720 0.7153
vn 0.6916 0.1494 0.7066
vn 0.6802 0.4694 0.5630
vn 0.6833 0.4901 0.5413
vn 0.5958 -0.1318 0.7923
vn 0.6240 -0.1706 0.7626
vn -0.1658 -0.8760 0.4528
vn -0.1218 -0.9211 0.3699
vn 0.1050 -0.8279 0.5509
vn 0.0582 -0.7800 0.6230
vn -0.3384 -0.6754 0.6552
vn -0.5411 -0.7145 0.4435
vn -0.3750 -0.8964 0.2364
vn -0.3314 -0.9296 0.1611
vn -0.7907 -0.1547 -0.5924
vn -0.7839 -0.1138 -0.6104
vn -0.7691 -0.4303 -0.4727
vn -0.7883 -0.4373 -0.4329
vn -0.8549 -0.3969 -0.3340
vn -0.8229 -0.1868 -0.5366
vn -0.6566 0.1089 -0.7464
vn -0.6975 0.1857 -0.6921
vn -0.7077 0.2097 -0.6747
vn 0.0426 0.9445 -0.3259
vn 0.0072 0.9703 -0.2420
vn -0.2204 0.8786 -0.4236
vn -0.1742 0.8486 -0.4996
vn -0.0075 0.7022 -0.7119
vn 0.2217 0.7982 -0.5601
vn 0.4146 0.8434 -0.3418
vn 0.2563 0.9581 -0.1279
vn 0.2199 0.9742 -0.0513
vn -0.5134 -0.3395 0.7881
vn -0.5965 -0.0475 0.8012
vn -0.7017 -0.3874 0.5980
vn -0.8495 -0.1377 -0.5093
vn -0.9292 -0.2849 -0.2352
vn -0.6122 0.0204 -0.7904
vn 0.4258 0.4981 -0.7554
vn 0.1865 0.4296 -0.8836
vn 0.2885 0.1841 -0.9396
vn 0.5288 0.2328 -0.8162
vn 0.7214 0.3110 -0.6188
vn 0.6109 0.5758 -0.5434
vn -0.3253 0.3257 -0.8877
vn 0.4030 0.4763 -0.7815
vn -0.8919 0.3645 0.2677
vn -0.6295 0.4574 0.6281
vn -0.2228 0.5651 0.7944
vn -0.0856 0.4615 0.8830
vn -0.1231 0.5557 0.8222
vn 0.7664 0.6242 -0.1516
vn 0.8338 0.5521 -0.0044
vn 0.9023 0.3768 -0.2096
vn 0.5607 0.1053 -0.8213
vn 0.3090 0.0455 -0.9500
vn 0.7708 0.1669 -0.6149
vn 0.6479 0.4344 0.6257
vn 0.8857 0.3829 0.2625
vn -0.0447 0.3455 0.9373
vn -0.6307 0.1915 0.7521
vn 0.9811 -0.1936 -0.0042
vn 0.9528 -0.1713 0.2507
vn 0.8259 -0.4840 0.2891
vn 0.8400 -0.5411 0.0386
vn -0.2658 -0.0108 -0.9640
vn 0.0028 -0.0659 -0.9978
vn -0.0370 -0.1643 -0.9857
vn 0.7118 -0.0947 0.6959
vn 0.4750 -0.1442 0.8681
vn 0.6372 -0.2787 0.7185
vn 0.4891 -0.1526 -0.8588
vn 0.6902 -0.1819 -0.7004
vn 0.5635 -0.4945 -0.6618
vn 0.3850 -0.4096 -0.8271
vn 0.9444 -0.2030 -0.2586
vn 0.7986 -0.5624 -0.2143
vn 0.8612 -0.1377 0.4893
vn 0.7569 -0.3946 0.5209
vn 0.2549 -0.1132 -0.9603
vn 0.1804 -0.2971 -0.9377
vn 0.8453 -0.1991 -0.4958
vn 0.7044 -0.5465 -0.4529
vn 0.5139 -0.0456 0.8566
vn 0.2659 0.0107 0.9639
vn 0.1939 -0.6052 -0.7721
vn 0.0436 -0.4372 -0.8983
vn 0.5312 -0.8360 -0.1374
vn 0.4459 -0.8111 -0.3785
vn 0.5657 -0.5903 0.5758
vn 0.5933 -0.7220 0.3559
vn -0.1102 -0.2393 -0.9647
vn 0.3337 -0.0979 0.9376
vn 0.3310 -0.7325 -0.5949
vn 0.5815 -0.8057 0.1129
vn 0.4013 -0.2182 0.8896
vn 0.5004 -0.4188 0.7578
vn 0.3058 -0.2587 0.9163
vn 0.3221 -0.4937 0.8077
vn 0.0283 -0.8598 -0.5098
vn -0.0549 -0.7099 -0.7022
vn 0.2449 -0.9471 0.2073
vn 0.1832 -0.9823 -0.0396
vn 0.3168 -0.6949 0.6456
vn -0.1346 -0.5122 -0.8483
vn 0.1094 -0.9526 -0.2840
vn 0.2905 -0.8493 0.4409
vn -0.2055 -0.2794 -0.9379
vn 0.2874 -0.1176 0.9506
vn -0.3270 -0.5106 -0.7952
vn -0.3084 -0.2786 -0.9095
vn 0.2384 -0.1171 0.9641
vn 0.2029 -0.2578 0.9446
vn -0.2541 -0.9496 -0.1836
vn -0.2987 -0.8572 -0.4195
vn -0.0365 -0.8465 0.5311
vn -0.1186 -0.9441 0.3077
vn 0.1297 -0.4921 0.8608
vn -0.3236 -0.7077 -0.6280
vn -0.1927 -0.9792 0.0641
vn 0.0481 -0.6926 0.7197
vn -0.0477 -0.4142 0.9089
vn -0.1997 -0.5838 0.7869
vn -0.5715 -0.5990 -0.5609
vn -0.5045 -0.4327 -0.7471
vn -0.5393 -0.8271 0.1582
vn -0.5893 -0.8026 -0.0928
vn -0.3380 -0.7142 0.6129
vn -0.4034 -0.2369 -0.8838
vn 0.1932 -0.0973 0.9763
vn 0.1080 -0.2162 0.9704
vn -0.6003 -0.7249 -0.3378
vn -0.4537 -0.7970 0.3986
vn -0.4758 -0.1607 -0.8647
vn 0.0356 -0.1400 0.9895
vn -0.1831 -0.2718 0.9448
vn -0.8306 -0.4831 -0.2770
vn -0.7608 -0.4002 -0.5110
vn -0.7096 -0.5282 0.4664
vn -0.8040 -0.5491 0.2282
vn -0.3888 -0.3850 0.8370
vn -0.6400 -0.2904 -0.7114
vn -0.8453 -0.5338 -0.0251
vn -0.5681 -0.4723 0.6739
vn -0.4905 -0.1264 0.8623
vn -0.6919 -0.1576 0.7046
vn -0.7128 -0.1051 -0.6934
vn -0.5148 -0.0616 -0.8551
vn -0.0034 -0.0409 0.9992
vn -0.9829 -0.1839 0.0089
vn -0.9544 -0.1683 -0.2464
vn -0.8471 -0.1784 0.5005
vn -0.2559 -0.0866 0.9628
vn -0.8625 -0.1415 -0.4858
vn -0.9463 -0.1873 0.2635
vn -0.2549 0.1131 0.9603
vn -0.4891 0.1526 0.8588
vn -0.8612 0.1377 -0.4893
vn -0.7118 0.0947 -0.6959
vn -0.9444 0.2030 0.2586
vn -0.9811 0.1936 0.0042
vn -0.6902 0.1819 0.7004
vn -0.5143 0.0452 -0.8564
vn -0.0029 0.0659 0.9978
vn -0.9528 0.1713 -0.2507
vn -0.8453 0.1991 0.4958
vn -0.5635 0.4945 0.6618
vn -0.7044 0.5465 0.4529
vn -0.4744 0.1437 -0.8685
vn 0.0370 0.1643 0.9857
vn -0.1804 0.2971 0.9377
vn -0.8259 0.4840 -0.2891
vn -0.7569 0.3946 -0.5209
vn -0.7986 0.5624 0.2143
vn -0.3850 0.4095 0.8271
vn -0.6372 0.2787 -0.7185
vn -0.8400 0.5411 -0.0386
vn -0.1939 0.6052 0.7721
vn -0.3310 0.7325 0.5949
vn -0.5004 0.4188 -0.7578
vn -0.4012 0.2186 -0.8895
vn 0.1942 0.1198 0.9736
vn -0.5815 0.8057 -0.1129
vn -0.5933 0.7220 -0.3559
vn -0.4459 0.8111 0.3785
vn 0.1102 0.2393 0.9647
vn -0.0436 0.4372 0.8983
vn -0.5657 0.5903 -0.5758
vn -0.5312 0.8360 0.1374
vn -0.1094 0.9526 0.2840
vn -0.1832 0.9823 0.0396
vn 0.1346 0.5122 0.8483
vn 0.0549 0.7099 0.7022
vn -0.3168 0.6949 -0.6456
vn -0.3221 0.4937 -0.8077
vn -0.2449 0.9471 -0.2073
vn -0.0283 0.8598 0.5098
vn -0.3059 0.2587 -0.9163
vn 0.2396 0.1389 0.9609
vn 0.2055 0.2794 0.9379
vn -0.2905 0.8493 -0.4409
vn 0.2987 0.8572 0.4195
vn 0.2541 0.9496 0.1836
vn -0.2029 0.2578 -0.9446
vn 0.3084 0.2785 0.9095
vn 0.3270 0.5106 0.7952
vn 0.0365 0.8465 -0.5311
vn -0.0481 0.6926 -0.7197
vn 0.1927 0.9792 -0.0641
vn 0.3236 0.7077 0.6280
vn -0.1297 0.4921 -0.8608
vn 0.1186 0.9441 -0.3077
vn 0.2887 0.1385 0.9473
vn 0.5393 0.8271 -0.1582
vn 0.4537 0.7970 -0.3986
vn 0.5715 0.5990 0.5609
vn 0.6003 0.7249 0.3378
vn 0.0477 0.4142 -0.9089
vn -0.1080 0.2162 -0.9704
vn 0.3339 0.1186 0.9351
vn 0.4034 0.2369 0.8838
vn 0.3380 0.7142 -0.6129
vn 0.5893 0.8026 0.0927
vn 0.5045 0.4327 0.7471
vn 0.1997 0.5838 -0.7869
vn 0.8453 0.5338 0.0251
vn 0.8040 0.5491 -0.2282
vn 0.6400 0.2904 0.7114
vn 0.7608 0.4002 0.5110
vn 0.3888 0.3850 -0.8370
vn 0.1831 0.2718 -0.9448
vn 0.7096 0.5282 -0.4664
vn 0.8306 0.4831 0.2770
vn -0.0356 0.1400 -0.9895
vn 0.4758 0.1607 0.8647
vn 0.5682 0.4723 -0.6739
vn 0.8471 0.1784 -0.5005
vn 0.6919 0.1576 -0.7046
vn 0.9544 0.1683 0.2464
vn 0.9829 0.1839 -0.0089
vn 0.0034 0.0409 -0.9992
vn 0.7128 0.1052 0.6934
vn 0.4905 0.1264 -0.8623
vn 0.9463 0.1874 -0.2635
vn 0.8625 0.1415 0.4859
vn 0.2559 0.0866 -0.9628
vn 0.5148 0.0616 0.8551
vn -0.9811 -0.1936 -0.0042
vn -0.8400 -0.5411 0.0386
vn -0.8259 -0.4840 0.2891
vn -0.9528 -0.1713 0.2507
vn 0.2658 -0.0108 -0.9640
vn 0.0370 -0.1643 -0.9857
vn -0.0028 -0.0659 -0.9978
vn -0.7118 -0.0947 0.6959
vn -0.6372 -0.2787 0.7185
vn -0.4750 -0.1442 0.8681
vn -0.4891 -0.1526 -0.8588
vn -0.3850 -0.4096 -0.8271
vn -0.5635 -0.4945 -0.6618
vn -0.6902 -0.1819 -0.7004
vn -0.9444 -0.2030 -0.2586
vn -0.7986 -0.5624 -0.2143
vn -0.8612 -0.1377 0.4893
vn -0.7569 -0.3946 0.5209
vn -0.2549 -0.1132 -0.9603
vn -0.1804 -0.2971 -0.9377
vn -0.8453 -0.1991 -0.4958
vn -0.7044 -0.5465 -0.4529
vn -0.5139 -0.0456 0.8566
vn -0.2659 0.0107 0.9639
vn -0.0436 -0.4372 -0.8983
vn -0.1939 -0.6052 -0.7721
vn -0.4459 -0.8111 -0.3785
vn -0.5312 -0.8360 -0.1374
vn -0.5933 -0.7220 0.3559
vn -0.5657 -0.5903 0.5758
vn 0.1102 -0.2393 -0.9647
vn -0.3337 -0.0979 0.9376
vn -0.3310 -0.7325 -0.5949
vn -0.5815 -0.8057 0.1129
vn -0.5004 -0.4188 0.7578
vn -0.4013 -0.2182 0.8896
vn -0.3221 -0.4937 0.8077
vn -0.3058 -0.2587 0.9163
vn 0.0549 -0.7099 -0.7022
vn -0.0283 -0.8598 -0.5098
vn -0.1832 -0.9823 -0.0396
vn -0.2449 -0.9471 0.2073
vn -0.3168 -0.6949 0.6456
vn 0.1346 -0.5122 -0.8483
vn -0.1094 -0.9526 -0.2840
vn -0.2905 -0.8493 0.4409
vn 0.2055 -0.2794 -0.9379
vn -0.2874 -0.1176 0.9506
vn 0.3084 -0.2785 -0.9095
vn 0.3270 -0.5106 -0.7952
vn -0.2029 -0.2578 0.9446
vn -0.2384 -0.1171 0.9641
vn 0.2987 -0.8572 -0.4195
vn 0.2541 -0.9496 -0.1836
vn 0.1186 -0.9441 0.3077
vn 0.0365 -0.8465 0.5311
vn -0.1297 -0.4921 0.8608
vn 0.3236 -0.7077 -0.6280
vn 0.1927 -0.9792 0.0641
vn -0.0481 -0.6926 0.7197
vn 0.1997 -0.5838 0.7869
vn 0.0477 -0.4142 0.9089
vn 0.5045 -0.4327 -0.7471
vn 0.5715 -0.5990 -0.5609
vn 0.5893 -0.8026 -0.0928
vn 0.5393 -0.8271 0.1582
vn 0.3380 -0.7142 0.6129
vn 0.4034 -0.2369 -0.8838
vn -0.1080 -0.2162 0.9704
vn -0.1932 -0.0973 0.9763
vn 0.6003 -0.7249 -0.3378
vn 0.4537 -0.7970 0.3987
vn 0.4758 -0.1607 -0.8647
vn 0.1831 -0.2718 0.9448
vn -0.0356 -0.1400 0.9895
vn 0.7608 -0.4002 -0.5110
vn 0.8306 -0.4831 -0.2770
vn 0.8040 -0.5491 0.2282
vn 0.7096 -0.5282 0.4664
vn 0.3888 -0.3850 0.8370
vn 0.6400 -0.2904 -0.7114
vn 0.8453 -0.5338 -0.0251
vn 0.5682 -0.4723 0.6739
vn 0.6919 -0.1576 0.7046
vn 0.4905 -0.1264 0.8623
vn 0.5148 -0.0616 -0.8551
vn 0.7128 -0.1051 -0.6934
vn 0.0034 -0.0409 0.9992
vn 0.9544 -0.1683 -0.2464
vn 0.9829 -0.1839 0.0089
vn 0.8471 -0.1784 0.5005
vn 0.2559 -0.0866 0.9628
vn 0.8625 -0.1415 -0.4858
vn 0.9463 -0.1873 0.2635
vn 0.4891 0.1526 0.8588
vn 0.2549 0.1131 0.9603
vn 0.7118 0.0947 -0.6959
vn 0.8612 0.1377 -0.4893
vn 0.9811 0.1936 0.0042
vn 0.9444 0.2030 0.2586
vn 0.6902 0.1819 0.7004
vn 0.5143 0.0452 -0.8564
vn 0.0028 0.0659 0.9978
vn 0.9528 0.1713 -0.2507
vn 0.8453 0.1991 0.4958
vn 0.7044 0.5465 0.4529
vn 0.5635 0.4945 0.6618
vn 0.4744 0.1437 -0.8685
vn 0.1804 0.2971 0.9377
vn -0.0370 0.1643 0.9857
vn 0.7569 0.3946 -0.5209
vn 0.8259 0.4840 -0.2891
vn 0.7986 0.5624 0.2143
vn 0.3850 0.4095 0.8271
vn 0.6372 0.2787 -0.7185
vn 0.8400 0.5411 -0.0386
vn 0.3310 0.7325 0.5949
vn 0.1939 0.6052 0.7721
vn 0.4012 0.2186 -0.8895
vn 0.5004 0.4188 -0.7578
vn -0.1942 0.1198 0.9736
vn 0.5933 0.7220 -0.3559
vn 0.5815 0.8057 -0.1129
vn 0.4459 0.8111 0.3785
vn 0.0436 0.4372 0.8983
vn -0.1102 0.2393 0.9647
vn 0.5657 0.5903 -0.5758
vn 0.5312 0.8360 0.1374
vn 0.1832 0.9823 0.0396
vn 0.1094 0.9526 0.2840
vn -0.0549 0.7099 0.7022
vn -0.1346 0.5122 0.8483
vn 0.3221 0.4937 -0.8077
vn 0.3168 0.6949 -0.6456
vn 0.2449 0.9471 -0.2073
vn 0.0283 0.8598 0.5098
vn 0.3059 0.2587 -0.9163
vn -0.2055 0.2794 0.9379
vn -0.2396 0.1389 0.9609
vn 0.2905 0.8493 -0.4409
vn -0.2541 0.9496 0.1836
vn -0.2987 0.8572 0.4195
vn 0.2029 0.2578 -0.9446
vn -0.3270 0.5106 0.7952
vn -0.3084 0.2785 0.9095
vn 0.0481 0.6926 -0.7197
vn -0.0365 0.8465 -0.5311
vn -0.1927 0.9792 -0.0641
vn -0.3236 0.7077 0.6280
vn 0.1297 0.4921 -0.8608
vn -0.1186 0.9441 -0.3077
vn -0.2887 0.1385 0.9473
vn -0.4537 0.7970 -0.3986
vn -0.5393 0.8271 -0.1582
vn -0.6003 0.7249 0.3378
vn -0.5715 0.5990 0.5609
vn 0.1080 0.2162 -0.9704
vn -0.0477 0.4142 -0.9089
vn -0.4034 0.2369 0.8838
vn -0.3339 0.1186 0.9351
vn -0.3380 0.7142 -0.6129
vn -0.5893 0.8026 0.0927
vn -0.5045 0.4327 0.7471
vn -0.1997 0.5838 -0.7869
vn -0.8040 0.5491 -0.2282
vn -0.8453 0.5338 0.0251
vn -0.7608 0.4002 0.5110
vn -0.6400 0.2904 0.7114
vn -0.1831 0.2718 -0.9448
vn -0.3888 0.3850 -0.8370
vn -0.7096 0.5282 -0.4664
vn -0.8306 0.4831 0.2770
vn 0.0356 0.1400 -0.9895
vn -0.4758 0.1607 0.8647
vn -0.5682 0.4723 -0.6739
vn -0.6919 0.1576 -0.7046
vn -0.8471 0.1784 -0.5005
vn -0.9829 0.1839 -0.0089
vn -0.9544 0.1683 0.2464
vn -0.0034 0.0409 -0.9992
vn -0.7128 0.1051 0.6934
vn -0.4905 0.1264 -0.8623
vn -0.9463 0.1874 -0.2635
vn -0.8625 0.1415 0.4859
vn -0.2559 0.0866 -0.9628
vn -0.5148 0.0616 0.8551
vn -0.0000 0.1228 -0.9924
vn -0.0000 0.4693 -0.8830
vn 0.1888 0.4895 -0.8513
vn 0.2952 0.1543 -0.9429
vn 0.3490 0.5468 -0.7610
vn 0.5456 0.2440 -0.8017
vn 0.4561 0.6328 -0.6258
vn 0.7130 0.3784 -0.5904
vn 0.4937 0.7341 -0.4662
vn 0.7717 0.5368 -0.3409
vn 0.4561 0.8355 -0.3066
vn 0.7130 0.6952 -0.0914
vn 0.3490 0.9213 -0.1713
vn 0.5456 0.8294 0.1200
vn 0.1888 0.9787 -0.0810
vn 0.2953 0.9190 0.2613
vn -0.0000 0.9988 -0.0493
vn -0.0000 0.9504 0.3109
vn -0.1888 0.9787 -0.0810
vn -0.2953 0.9190 0.2613
vn -0.3490 0.9213 -0.1713
vn -0.5456 0.8294 0.1200
vn -0.4561 0.8355 -0.3066
vn -0.7130 0.6952 -0.0914
vn -0.4937 0.7341 -0.4662
vn -0.7717 0.5368 -0.3409
vn -0.4561 0.6328 -0.6258
vn -0.7130 0.3784 -0.5903
vn -0.3490 0.5468 -0.7610
vn -0.5456 0.2440 -0.8017
vn -0.3824 0.4953 0.7800
vn -0.7068 0.3792 0.5971
vn -0.1888 0.4895 -0.8513
vn -0.2952 0.1543 -0.9429
vn -0.0000 0.5361 0.8442
vn -0.9238 0.2053 0.3232
vn -1.0000 -0.0000 -0.0000
vn -0.9238 -0.2053 -0.3232
vn -0.9238 -0.2053 -0.3233
vn -0.7068 -0.3792 -0.5971
vn -0.3824 -0.4953 -0.7800
vn -0.0000 -0.5361 -0.8442
vn 0.3824 -0.4953 -0.7800
vn 0.7068 -0.3792 -0.5971
vn 0.9238 -0.2053 -0.3233
vn 1.0000 -0.0000 -0.0000
vn 0.9238 0.2053 0.3233
vn 0.7068 0.3792 0.5971
vn 0.3824 0.4953 0.7800
vn 0.0465 0.8174 -0.5742
vn 0.0608 0.8288 -0.5562
vn -0.0608 0.8558 -0.5136
vn -0.0658 0.8423 -0.5349
vn -0.0000 -0.8176 0.5758
vn 0.0182 -0.8196 0.5727
vn 0.0183 -0.8196 0.5727
vn 0.0252 0.8749 -0.4836
vn -0.0000 0.8776 -0.4793
vn 0.0477 -0.8432 0.5355
vn 0.0441 -0.8530 0.5201
vn -0.0441 -0.8530 0.5201
vn -0.0477 -0.8432 0.5355
vn 0.0658 0.8423 -0.5349
vn -0.0608 0.8288 -0.5562
vn -0.0183 -0.8196 0.5727
vn -0.0182 -0.8196 0.5727
vn -0.0252 0.8749 -0.4836
vn 0.0441 -0.8334 0.5509
vn -0.0337 -0.8613 0.5070
vn 0.0183 -0.8668 0.4982
vn 0.0182 -0.8668 0.4982
vn -0.0000 -0.8688 0.4952
vn 0.0608 0.8558 -0.5136
vn -0.0465 0.8174 -0.5742
vn -0.0000 0.8070 -0.5905
vn 0.0252 0.8097 -0.5863
vn -0.0337 -0.8251 0.5640
vn -0.0465 0.8673 -0.4956
vn 0.0337 -0.8251 0.5640
vn -0.0183 -0.8668 0.4982
vn -0.0182 -0.8668 0.4982
vn 0.0465 0.8673 -0.4956
vn -0.0252 0.8097 -0.5863
vn 0.0337 -0.8613 0.5070
vn -0.0441 -0.8334 0.5509
vt 0.078872 0.827988
vt 0.109009 0.828420
vt 0.047099 0.829685
vt 0.015829 0.831712
s 1
usemtl Atlas
f 1/1/1 384/1/2 531/1/3 353/1/4
f 1/1/1 353/1/4 417/1/5 167/1/6
f 1/1/1 167/1/6 407/1/7 352/1/8
f 1/1/1 352/1/8 530/1/9 384/1/2
f 2/1/10 168/1/11 418/1/12 178/1/13
f 2/1/10 178/1/13 414/1/14 164/1/15
f 2/1/10 164/1/15 412/1/16 154/1/17
f 2/1/10 154/1/17 409/1/18 168/1/11
f 3/1/19 272/1/20 463/1/21 237/1/22
f 3/1/19 237/1/22 447/1/23 218/1/24
f 3/1/19 218/1/24 441/1/25 260/1/26
f 3/1/19 260/1/26 464/1/27 272/1/20
f 4/2/28 271/2/29 528/2/30 383/2/31
f 4/2/28 383/2/31 512/2/32 128/2/33
f 4/2/28 128/2/33 393/2/34 254/2/35
f 4/2/28 254/2/35 458/2/36 271/2/29
f 5/2/37 204/2/38 523/2/39 382/2/40
f 5/2/37 382/2/40 516/2/41 143/2/42
f 5/2/37 143/2/42 402/2/43 235/2/44
f 5/2/37 235/2/44 438/2/45 204/2/38
f 6/2/46 135/2/47 514/2/48 381/2/49
f 6/2/46 381/2/49 509/2/50 121/2/51
f 6/2/46 121/2/51 388/2/52 124/2/53
f 6/2/46 124/2/53 398/2/54 135/2/47
f 7/2/55 128/2/33 512/2/32 380/2/56
f 7/2/55 380/2/56 511/2/57 125/2/58
f 7/2/55 125/2/58 390/2/59 123/2/60
f 7/2/55 123/2/60 393/2/34 128/2/33
f 8/1/61 270/1/62 457/1/63 253/1/64
f 8/1/61 253/1/64 434/1/65 213/1/66
f 8/1/61 213/1/66 450/1/67 255/1/68
f 8/1/61 255/1/68 459/1/69 270/1/62
f 9/2/70 348/2/71 510/2/72 379/2/73
f 9/2/70 379/2/73 513/2/74 129/2/75
f 9/2/70 129/2/75 394/2/76 127/2/77
f 9/2/70 127/2/77 389/2/78 348/2/71
f 10/2/79 123/2/80 390/2/81 122/2/82
f 10/2/83 122/2/82 389/2/84 127/2/77
f 10/2/83 127/2/77 394/2/76 130/2/85
f 10/2/79 130/2/86 393/2/87 123/2/80
f 11/1/88 167/1/88 417/1/89 177/1/90
f 11/1/91 177/1/90 416/1/92 156/1/91
f 11/1/93 156/1/94 408/1/95 151/1/96
f 11/1/97 151/1/96 407/1/7 167/1/6
f 12/2/98 143/2/42 516/2/41 378/2/99
f 12/2/98 378/2/99 514/2/48 135/2/47
f 12/2/98 135/2/47 398/2/54 134/2/100
f 12/2/98 134/2/100 402/2/43 143/2/42
f 13/2/101 313/2/102 479/2/103 131/2/104
f 13/2/101 131/2/104 395/2/105 275/2/106
f 13/2/101 275/2/106 469/2/107 293/2/108
f 13/2/101 293/2/108 480/2/109 313/2/102
f 14/2/110 140/2/111 400/2/112 142/2/113
f 14/2/114 142/2/115 402/2/43 134/2/100
f 14/2/114 134/2/100 398/2/54 137/2/116
f 14/2/110 137/2/117 397/2/118 140/2/111
f 15/1/119 180/1/120 423/1/121 236/1/122
f 15/1/119 236/1/122 451/1/123 217/1/124
f 15/1/119 217/1/124 445/1/125 244/1/126
f 15/1/119 244/1/126 413/1/127 180/1/120
f 16/2/128 229/2/129 458/2/130 269/2/131
f 16/2/128 269/2/132 462/2/133 258/2/134
f 16/2/128 258/2/134 437/2/135 200/2/136
f 16/2/128 200/2/136 440/2/137 229/2/129
f 17/1/138 118/1/139 401/1/140 234/1/141
f 17/1/138 234/1/141 436/1/142 224/1/143
f 17/1/138 224/1/143 451/1/123 236/1/122
f 17/1/138 236/1/122 423/1/121 118/1/139
f 18/2/144 136/2/145 515/2/146 377/2/147
f 18/2/144 377/2/147 517/2/148 144/2/149
f 18/2/144 144/2/149 400/2/112 140/2/111
f 18/2/144 140/2/111 397/2/118 136/2/145
f 19/1/150 155/1/151 411/1/152 153/1/153
f 19/1/150 153/1/153 410/1/154 147/1/155
f 19/1/150 147/1/155 409/1/18 154/1/17
f 19/1/150 154/1/17 412/1/16 155/1/151
f 20/1/156 376/1/157 530/1/9 352/1/8
f 20/1/156 352/1/8 407/1/7 151/1/96
f 20/1/156 151/1/96 408/1/95 152/1/158
f 20/1/156 152/1/158 518/1/159 376/1/157
f 21/1/160 268/1/161 464/1/27 260/1/26
f 21/1/160 260/1/26 441/1/25 209/1/162
f 21/1/160 209/1/162 443/1/163 261/1/164
f 21/1/160 261/1/164 465/1/165 268/1/161
f 22/1/166 220/1/167 448/1/168 242/1/169
f 22/1/166 242/1/169 420/1/170 160/1/171
f 22/1/166 160/1/171 406/1/172 239/1/173
f 22/1/166 239/1/173 442/1/174 220/1/167
f 23/1/175 145/1/176 406/1/172 150/1/177
f 23/1/175 150/1/177 404/1/178 146/1/179
f 23/1/175 146/1/179 405/1/180 148/1/181
f 23/1/175 148/1/181 403/1/182 145/1/176
f 24/1/183 267/1/184 466/1/185 243/1/186
f 24/1/183 243/1/186 418/1/12 168/1/11
f 24/1/183 168/1/11 409/1/18 241/1/187
f 24/1/183 241/1/187 465/1/165 267/1/184
f 25/1/188 171/1/189 421/1/190 176/1/191
f 25/1/188 176/1/191 413/1/127 163/1/192
f 25/1/188 163/1/192 403/1/182 148/1/181
f 25/1/188 148/1/181 405/1/180 171/1/189
f 26/1/193 160/1/171 420/1/170 175/1/194
f 26/1/193 175/1/194 419/1/195 169/1/196
f 26/1/193 169/1/196 404/1/178 150/1/177
f 26/1/193 150/1/177 406/1/172 160/1/171
f 27/1/197 141/1/198 415/1/199 174/1/200
f 27/1/197 174/1/200 422/1/201 162/1/202
f 27/1/197 162/1/202 410/1/154 153/1/153
f 27/1/197 153/1/153 411/1/152 141/1/198
f 28/1/203 310/1/204 484/1/205 296/1/206
f 28/1/203 296/1/206 421/1/190 171/1/189
f 28/1/203 171/1/189 405/1/180 295/1/207
f 28/1/203 295/1/207 483/1/208 310/1/204
f 29/1/209 163/1/192 413/1/127 244/1/126
f 29/1/209 244/1/126 445/1/125 208/1/210
f 29/1/209 208/1/210 444/1/211 240/1/212
f 29/1/209 240/1/212 403/1/182 163/1/192
f 30/1/213 211/1/214 442/1/174 239/1/173
f 30/1/213 239/1/173 406/1/172 145/1/176
f 30/1/213 145/1/176 403/1/182 240/1/212
f 30/1/213 240/1/212 444/1/211 211/1/215
f 31/1/216 222/1/217 449/1/218 226/1/219
f 31/1/216 226/1/219 431/1/220 170/1/221
f 31/1/216 170/1/221 420/1/170 242/1/169
f 31/1/216 242/1/169 448/1/168 222/1/217
f 32/1/222 266/1/223 459/1/69 255/1/68
f 32/1/222 255/1/68 450/1/67 221/1/224
f 32/1/222 221/1/224 447/1/23 237/1/22
f 32/1/222 237/1/22 463/1/21 266/1/223
f 33/1/225 309/1/226 487/1/227 297/1/228
f 33/1/225 297/1/228 428/1/229 185/1/230
f 33/1/225 185/1/230 421/1/190 296/1/206
f 33/1/225 296/1/206 484/1/205 309/1/226
f 34/1/231 165/1/232 429/1/233 195/1/234
f 34/1/231 195/1/234 432/1/235 172/1/236
f 34/1/231 172/1/236 422/1/201 174/1/200
f 34/1/231 174/1/200 415/1/199 165/1/232
f 35/1/237 170/1/221 431/1/220 194/1/238
f 35/1/237 194/1/238 427/1/239 184/1/240
f 35/1/237 184/1/240 419/1/195 175/1/194
f 35/1/237 175/1/194 420/1/170 170/1/221
f 36/1/241 185/1/230 428/1/229 193/1/242
f 36/1/241 193/1/242 423/1/121 180/1/120
f 36/1/241 180/1/120 413/1/127 176/1/191
f 36/1/241 176/1/191 421/1/190 185/1/230
f 37/1/243 265/1/244 461/1/245 257/1/246
f 37/1/243 257/1/246 426/1/247 183/1/248
f 37/1/243 183/1/248 418/1/12 243/1/186
f 37/1/243 243/1/186 466/1/185 265/1/244
f 38/1/249 182/1/250 425/1/251 192/1/252
f 38/1/249 192/1/252 430/1/253 166/1/254
f 38/1/249 166/1/254 416/1/92 177/1/90
f 38/1/249 177/1/90 417/1/89 182/1/250
f 39/1/255 183/1/248 426/1/247 191/1/256
f 39/1/255 191/1/256 424/1/257 181/1/258
f 39/1/255 181/1/258 414/1/14 178/1/13
f 39/1/255 178/1/13 418/1/12 183/1/248
f 40/1/259 375/1/260 532/1/261 354/1/262
f 40/1/259 354/1/262 425/1/251 182/1/250
f 40/1/259 182/1/250 417/1/5 353/1/4
f 40/1/259 353/1/4 531/1/3 375/1/260
f 41/1/263 374/1/264 529/1/265 351/1/266
f 41/1/263 351/1/266 387/1/267 157/1/268
f 41/1/263 157/1/268 425/1/251 354/1/262
f 41/1/263 354/1/262 532/1/261 374/1/264
f 42/1/269 158/1/270 392/1/271 126/1/272
f 42/1/269 126/1/272 386/1/273 138/1/274
f 42/1/269 138/1/274 424/1/257 191/1/256
f 42/1/269 191/1/256 426/1/247 158/1/270
f 43/1/275 157/1/268 387/1/267 120/1/276
f 43/1/277 120/1/278 388/1/52 187/1/279
f 43/1/277 187/1/279 430/1/253 192/1/252
f 43/1/275 192/1/252 425/1/251 157/1/268
f 44/2/280 227/2/281 439/2/282 198/2/283
f 44/2/284 198/2/283 438/2/45 235/2/44
f 44/2/284 235/2/44 402/2/43 142/2/115
f 44/2/280 142/2/113 400/2/112 227/2/281
f 45/2/285 144/2/149 517/2/148 373/2/286
f 45/2/285 373/2/286 533/2/287 355/2/288
f 45/2/285 355/2/288 439/2/282 227/2/281
f 45/2/285 227/2/281 400/2/112 144/2/149
f 46/1/289 161/1/290 396/1/291 132/1/292
f 46/1/289 132/1/292 401/1/140 118/1/139
f 46/1/289 118/1/139 423/1/121 193/1/242
f 46/1/289 193/1/242 428/1/229 161/1/290
f 47/1/293 188/1/294 399/1/295 139/1/296
f 47/1/293 139/1/296 395/1/105 159/1/297
f 47/1/293 159/1/297 427/1/239 194/1/238
f 47/1/293 194/1/238 431/1/220 188/1/294
f 48/1/298 186/1/299 385/1/300 119/1/301
f 48/1/298 119/1/301 391/1/302 189/1/303
f 48/1/298 189/1/303 432/1/235 195/1/234
f 48/1/298 195/1/234 429/1/233 186/1/299
f 49/1/304 305/1/305 476/1/306 290/1/307
f 49/1/304 290/1/307 396/1/291 161/1/290
f 49/1/304 161/1/290 428/1/229 297/1/228
f 49/1/304 297/1/228 487/1/227 305/1/305
f 50/2/308 264/2/309 527/2/310 372/2/311
f 50/2/308 372/2/311 524/2/312 349/2/313
f 50/2/308 349/2/313 437/2/135 258/2/134
f 50/2/308 258/2/134 462/2/133 264/2/309
f 51/1/314 263/1/315 460/1/316 231/1/317
f 51/1/314 231/1/317 392/1/271 158/1/270
f 51/1/314 158/1/270 426/1/247 257/1/246
f 51/1/314 257/1/246 461/1/245 263/1/315
f 52/2/318 197/2/319 438/2/45 198/2/283
f 52/2/318 198/2/283 439/2/282 199/2/320
f 52/2/321 199/2/322 440/2/137 200/2/136
f 52/2/321 200/2/136 437/2/135 197/2/323
f 53/1/324 285/1/325 472/1/326 203/1/327
f 53/1/324 203/1/327 433/1/328 214/1/329
f 53/1/324 214/1/329 449/1/218 252/1/330
f 53/1/324 252/1/330 474/1/331 285/1/325
f 54/1/332 371/1/333 523/1/39 204/1/38
f 54/1/332 204/1/38 438/1/45 247/1/334
f 54/1/332 247/1/334 454/1/335 201/1/336
f 54/1/332 201/1/336 521/1/337 371/1/333
f 55/1/338 205/1/339 446/1/340 206/1/341
f 55/1/338 206/1/341 443/1/163 207/1/342
f 55/1/338 207/1/342 444/1/211 208/1/210
f 55/1/338 208/1/210 445/1/125 205/1/339
f 56/3/343 322/3/344 443/3/163 209/3/162
f 56/3/345 209/3/162 441/3/25 321/3/346
f 56/3/345 321/3/346 495/3/347 318/3/348
f 56/3/343 318/3/349 493/3/350 322/3/344
f 57/1/351 215/1/352 452/1/353 216/1/354
f 57/1/351 216/1/354 446/1/340 205/1/339
f 57/1/351 205/1/339 445/1/125 217/1/124
f 57/1/351 217/1/124 451/1/123 215/1/352
f 58/1/355 210/1/356 441/1/25 218/1/24
f 58/1/355 218/1/24 447/1/23 219/1/357
f 58/1/355 219/1/357 448/1/168 220/1/167
f 58/1/355 220/1/167 442/1/174 210/1/356
f 59/1/358 219/1/357 447/1/23 221/1/224
f 59/1/358 221/1/224 450/1/67 212/1/359
f 59/1/358 212/1/359 449/1/218 222/1/217
f 59/1/358 222/1/217 448/1/168 219/1/357
f 60/1/360 214/1/329 433/1/328 225/1/361
f 60/1/360 225/1/361 399/1/295 188/1/294
f 60/1/360 188/1/294 431/1/220 226/1/219
f 60/1/360 226/1/219 449/1/218 214/1/329
f 61/2/362 124/2/53 388/2/52 120/2/278
f 61/2/363 120/2/276 387/2/267 133/2/364
f 61/2/363 133/2/364 397/2/118 137/2/117
f 61/2/362 137/2/116 398/2/54 124/2/53
f 62/1/365 370/1/366 526/1/367 248/1/368
f 62/1/365 248/1/368 456/1/369 246/1/370
f 62/1/365 246/1/370 455/1/371 356/1/372
f 62/1/365 356/1/372 534/1/373 370/1/366
f 63/1/374 369/1/375 521/1/337 201/1/336
f 63/1/374 201/1/336 454/1/335 245/1/376
f 63/1/374 245/1/376 453/1/377 350/1/378
f 63/1/374 350/1/378 525/1/379 369/1/375
f 64/1/380 250/1/381 440/1/137 199/1/322
f 64/1/382 199/1/320 439/1/282 249/1/383
f 64/1/382 249/1/383 455/1/371 246/1/370
f 64/1/380 246/1/370 456/1/369 250/1/381
f 65/1/384 247/1/334 438/1/45 197/1/319
f 65/1/385 197/1/323 437/1/135 251/1/386
f 65/1/385 251/1/386 453/1/377 245/1/376
f 65/1/384 245/1/376 454/1/335 247/1/334
f 525/1/379 368/1/387 223/1/388 452/1/353
f 533/1/287 491/1/389 301/1/390 364/1/391
f 66/1/392 367/1/393 522/1/394 202/1/395
f 66/1/392 202/1/395 440/1/137 250/1/381
f 66/1/392 250/1/381 456/1/369 248/1/368
f 66/1/392 248/1/368 526/1/367 367/1/393
f 67/1/396 223/1/388 435/1/397 256/1/398
f 67/1/396 256/1/398 460/1/316 263/1/315
f 67/1/396 263/1/315 461/1/245 232/1/399
f 67/1/396 232/1/399 452/1/353 223/1/388
f 68/2/400 129/2/75 513/2/74 366/2/401
f 68/2/400 366/2/401 527/2/310 264/2/309
f 68/2/400 264/2/309 462/2/133 233/2/402
f 68/2/400 233/2/402 394/2/76 129/2/75
f 69/1/403 216/1/354 452/1/353 232/1/399
f 69/1/403 232/1/399 461/1/245 265/1/244
f 69/1/403 265/1/244 466/1/185 262/1/404
f 69/1/403 262/1/404 446/1/340 216/1/354
f 70/1/405 172/1/236 432/1/235 230/1/406
f 70/1/405 230/1/406 459/1/69 266/1/223
f 70/1/405 266/1/223 463/1/21 259/1/407
f 70/1/405 259/1/407 422/1/201 172/1/236
f 71/1/408 206/1/341 446/1/340 262/1/404
f 71/1/408 262/1/404 466/1/185 267/1/184
f 71/1/408 267/1/184 465/1/165 261/1/164
f 71/1/408 261/1/164 443/1/163 206/1/341
f 72/1/409 147/1/155 410/1/154 238/1/410
f 72/1/409 238/1/410 464/1/27 268/1/161
f 72/1/409 268/1/161 465/1/165 241/1/187
f 72/1/409 241/1/187 409/1/18 147/1/155
f 73/2/411 254/2/412 393/2/87 130/2/86
f 73/2/413 130/2/85 394/2/76 233/2/402
f 73/2/413 233/2/402 462/2/133 269/2/132
f 73/2/411 269/2/131 458/2/130 254/2/412
f 74/1/414 189/1/303 391/1/302 228/1/415
f 74/1/414 228/1/415 457/1/63 270/1/62
f 74/1/414 270/1/62 459/1/69 230/1/406
f 74/1/414 230/1/406 432/1/235 189/1/303
f 75/2/416 202/2/395 522/2/394 365/2/417
f 75/2/416 365/2/417 528/2/30 271/2/29
f 75/2/416 271/2/29 458/2/36 229/2/129
f 75/2/416 229/2/129 440/2/137 202/2/395
f 76/1/418 162/1/202 422/1/201 259/1/407
f 76/1/418 259/1/407 463/1/21 272/1/20
f 76/1/418 272/1/20 464/1/27 238/1/410
f 76/1/418 238/1/410 410/1/154 162/1/202
f 77/2/419 277/2/420 434/2/65 253/2/64
f 77/2/419 253/2/64 457/2/63 281/2/421
f 77/2/419 281/2/421 475/2/422 282/2/423
f 77/2/419 282/2/423 471/2/424 277/2/420
f 78/1/425 213/1/66 434/1/65 277/1/420
f 78/1/425 277/1/420 471/1/426 283/1/427
f 78/1/425 283/1/427 473/1/428 279/1/429
f 78/1/425 279/1/429 450/1/67 213/1/66
f 79/1/430 212/1/359 450/1/67 279/1/429
f 79/1/430 279/1/429 473/1/428 284/1/431
f 79/1/430 284/1/431 474/1/331 252/1/330
f 79/1/430 252/1/330 449/1/218 212/1/359
f 80/1/432 301/1/390 491/1/389 278/1/433
f 80/1/432 278/1/433 472/1/326 285/1/325
f 80/1/432 285/1/325 474/1/331 280/1/434
f 80/1/432 280/1/434 492/1/435 301/1/390
f 81/2/436 276/2/437 399/2/295 225/2/361
f 81/2/436 225/2/361 433/2/328 203/2/327
f 81/2/436 203/2/327 472/2/326 286/2/438
f 81/2/436 286/2/438 470/2/439 276/2/437
f 82/2/440 275/2/106 395/2/105 139/2/296
f 82/2/440 139/2/296 399/2/295 276/2/437
f 82/2/440 276/2/437 470/2/439 287/2/441
f 82/2/440 287/2/441 469/2/107 275/2/106
f 83/2/442 274/2/443 391/2/302 119/2/301
f 83/2/442 119/2/301 385/2/300 273/2/444
f 83/2/442 273/2/444 467/2/445 288/2/446
f 83/2/442 288/2/446 468/2/447 274/2/443
f 84/2/448 281/2/421 457/2/63 228/2/415
f 84/2/448 228/2/415 391/2/302 274/2/443
f 84/2/448 274/2/443 468/2/447 289/2/449
f 84/2/448 289/2/449 475/2/422 281/2/421
f 534/1/373 364/1/391 301/1/390 492/1/435
f 476/1/306 305/1/305 363/1/450 509/1/50
f 85/2/451 298/2/452 471/2/424 282/2/423
f 85/2/451 282/2/423 475/2/422 300/2/453
f 85/2/451 300/2/453 490/2/454 302/2/455
f 85/2/451 302/2/455 488/2/456 298/2/452
f 86/1/457 283/1/427 471/1/426 298/1/458
f 86/1/457 298/1/458 488/1/459 303/1/460
f 86/1/457 303/1/460 489/1/461 299/1/462
f 86/1/457 299/1/462 473/1/428 283/1/427
f 87/1/463 284/1/431 473/1/428 299/1/462
f 87/1/463 299/1/462 489/1/461 304/1/464
f 87/1/463 304/1/464 492/1/435 280/1/434
f 87/1/463 280/1/434 474/1/331 284/1/431
f 487/1/227 520/1/465 363/1/450 305/1/305
f 487/1/227 309/1/226 362/1/466 520/1/465
f 88/2/467 294/2/468 470/2/439 286/2/438
f 88/2/467 286/2/438 472/2/326 278/2/433
f 88/2/467 278/2/433 491/2/389 306/2/469
f 88/2/467 306/2/469 481/2/470 294/2/468
f 89/1/471 159/1/297 395/1/105 131/1/104
f 89/1/471 131/1/104 479/1/103 307/1/472
f 89/1/471 307/1/472 486/1/473 190/1/474
f 89/1/471 190/1/474 427/1/239 159/1/297
f 90/1/475 184/1/240 427/1/239 190/1/474
f 90/1/475 190/1/474 486/1/473 308/1/476
f 90/1/475 308/1/476 485/1/477 179/1/478
f 90/1/475 179/1/478 419/1/195 184/1/240
f 484/1/205 519/1/479 362/1/466 309/1/226
f 484/1/205 310/1/204 361/1/480 519/1/479
f 483/1/208 518/1/159 361/1/480 310/1/204
f 529/2/265 479/2/103 313/2/102 360/2/481
f 91/1/482 146/1/179 404/1/178 149/1/483
f 91/1/482 149/1/483 482/1/484 311/1/485
f 91/1/482 311/1/485 483/1/208 295/1/207
f 91/1/482 295/1/207 405/1/180 146/1/179
f 92/2/486 293/2/108 469/2/107 287/2/441
f 92/2/486 287/2/441 470/2/439 294/2/468
f 92/2/486 294/2/468 481/2/470 312/2/487
f 92/2/486 312/2/487 480/2/109 293/2/108
f 480/2/109 515/2/146 360/2/481 313/2/102
f 477/2/488 338/2/489 358/2/490 511/2/57
f 93/2/491 292/2/492 468/2/447 288/2/446
f 93/2/491 288/2/446 467/2/445 291/2/493
f 93/2/491 291/2/493 477/2/488 314/2/494
f 93/2/491 314/2/494 478/2/495 292/2/492
f 94/2/496 300/2/453 475/2/422 289/2/449
f 94/2/496 289/2/449 468/2/447 292/2/492
f 94/2/496 292/2/492 478/2/495 315/2/497
f 94/2/496 315/2/497 490/2/454 300/2/453
f 95/1/498 169/1/196 419/1/195 179/1/478
f 95/1/498 179/1/478 485/1/477 316/1/499
f 95/1/498 316/1/499 482/1/484 149/1/483
f 95/1/498 149/1/483 404/1/178 169/1/196
f 96/3/500 317/3/501 493/3/350 318/3/349
f 96/3/502 318/3/348 495/3/347 319/3/503
f 96/3/504 319/3/503 496/3/505 320/3/506
f 96/3/500 320/3/507 494/3/508 317/3/501
f 97/3/509 323/3/510 444/3/211 207/3/342
f 97/3/509 207/3/342 443/3/163 322/3/344
f 97/3/509 322/3/344 493/3/350 317/3/501
f 97/3/509 317/3/501 494/3/508 323/3/510
f 98/3/511 321/3/346 441/3/25 210/3/356
f 98/3/511 210/3/356 442/3/174 324/3/512
f 98/3/511 324/3/512 496/3/505 319/3/503
f 98/3/511 319/3/503 495/3/347 321/3/346
f 99/3/513 324/3/512 442/3/174 211/3/214
f 99/3/514 211/3/215 444/3/211 323/3/510
f 99/3/514 323/3/510 494/3/508 320/3/507
f 99/3/513 320/3/506 496/3/505 324/3/512
f 100/2/515 337/2/516 467/2/445 273/2/444
f 100/2/517 273/2/444 385/2/300 336/2/518
f 100/2/517 336/2/518 497/2/519 334/2/520
f 100/2/515 334/2/521 507/2/521 337/2/516
f 101/2/522 338/2/489 477/2/488 291/2/493
f 101/2/522 291/2/493 467/2/445 337/2/516
f 101/2/522 337/2/516 507/2/521 335/2/523
f 101/2/522 335/2/523 508/2/523 338/2/489
f 102/2/524 359/2/525 510/2/72 348/2/71
f 102/2/524 348/2/71 389/2/78 339/2/526
f 102/2/524 339/2/526 499/2/527 357/2/528
f 102/2/524 357/2/528 535/2/529 359/2/525
f 103/1/530 342/1/531 412/1/16 164/1/15
f 103/1/530 164/1/15 414/1/14 341/1/532
f 103/1/530 341/1/532 503/1/533 330/1/534
f 103/1/530 330/1/534 502/1/535 342/1/531
f 104/1/536 341/1/532 414/1/14 181/1/258
f 104/1/536 181/1/258 424/1/257 343/1/537
f 104/1/536 343/1/537 505/1/538 332/1/539
f 104/1/536 332/1/539 503/1/533 341/1/532
f 105/1/540 345/1/541 415/1/199 141/1/198
f 105/1/540 141/1/198 411/1/152 344/1/542
f 105/1/540 344/1/542 501/1/543 328/1/544
f 105/1/540 328/1/544 504/1/545 345/1/541
f 106/1/546 346/1/547 429/1/233 165/1/232
f 106/1/546 165/1/232 415/1/199 345/1/541
f 106/1/546 345/1/541 504/1/545 331/1/548
f 106/1/546 331/1/548 506/1/549 346/1/547
f 107/1/550 343/1/537 424/1/257 138/1/274
f 107/1/550 138/1/274 386/1/273 340/1/551
f 107/1/550 340/1/551 498/1/552 327/1/553
f 107/1/550 327/1/553 505/1/538 343/1/537
f 108/1/554 344/1/542 411/1/152 155/1/151
f 108/1/554 155/1/151 412/1/16 342/1/531
f 108/1/554 342/1/531 502/1/535 329/1/555
f 108/1/554 329/1/555 501/1/543 344/1/542
f 109/2/556 339/2/557 389/2/84 122/2/82
f 109/2/556 122/2/82 390/2/81 347/2/558
f 109/2/556 347/2/558 500/2/559 325/2/560
f 109/2/556 325/2/560 499/2/561 339/2/557
f 110/1/562 336/1/518 385/1/300 186/1/299
f 110/1/562 186/1/299 429/1/233 346/1/547
f 110/1/562 346/1/547 506/1/549 333/1/563
f 110/1/562 333/1/563 497/1/519 336/1/518
f 508/2/523 536/2/523 358/2/490 338/2/489
f 510/2/72 359/2/525 340/2/564 386/2/565
f 111/2/566 347/2/567 390/2/59 125/2/58
f 111/2/566 125/2/58 511/2/57 358/2/490
f 111/2/566 358/2/490 536/2/523 326/2/568
f 111/2/566 326/2/568 500/2/569 347/2/567
f 535/2/529 498/2/570 340/2/564 359/2/525
f 490/2/454 528/2/30 365/2/417 302/2/455
f 112/2/571 133/2/364 387/2/267 351/2/266
f 112/2/571 351/2/266 529/2/265 360/2/481
f 112/2/571 360/2/481 515/2/146 136/2/145
f 112/2/571 136/2/145 397/2/118 133/2/364
f 113/1/572 156/1/94 416/1/573 173/1/574
f 113/1/572 173/1/574 519/1/479 361/1/480
f 113/1/572 361/1/480 518/1/159 152/1/158
f 113/1/572 152/1/158 408/1/95 156/1/94
f 114/1/575 166/1/254 430/1/253 196/1/576
f 114/1/575 196/1/576 520/1/465 362/1/466
f 114/1/575 362/1/466 519/1/479 173/1/574
f 114/1/575 173/1/574 416/1/573 166/1/254
f 115/1/577 187/1/279 388/1/52 121/1/51
f 115/1/577 121/1/51 509/1/50 363/1/450
f 115/1/577 363/1/450 520/1/465 196/1/576
f 115/1/577 196/1/576 430/1/253 187/1/279
f 116/1/578 249/1/383 439/1/282 355/1/288
f 116/1/578 355/1/288 533/1/287 364/1/391
f 116/1/578 364/1/391 534/1/373 356/1/372
f 116/1/578 356/1/372 455/1/371 249/1/383
f 460/2/316 527/2/310 366/2/401 231/2/579
f 302/2/455 365/2/417 522/2/394 488/2/456
f 488/1/459 522/1/394 367/1/393 303/1/460
f 231/2/579 366/2/401 513/2/74 392/2/580
f 489/1/461 303/1/460 367/1/393 526/1/367
f 451/1/123 521/1/337 369/1/375 215/1/352
f 117/1/581 251/1/386 437/1/135 349/1/582
f 117/1/581 349/1/582 524/1/583 368/1/387
f 117/1/581 368/1/387 525/1/379 350/1/378
f 117/1/581 350/1/378 453/1/377 251/1/386
f 525/1/379 452/1/353 215/1/352 369/1/375
f 489/1/461 526/1/367 370/1/366 304/1/464
f 534/1/373 492/1/435 304/1/464 370/1/366
f 436/1/142 523/1/39 371/1/333 224/1/143
f 451/1/123 224/1/143 371/1/333 521/1/337
f 524/2/312 372/2/311 256/2/398 435/2/397
f 533/2/287 373/2/286 306/2/469 491/2/389
f 256/2/398 372/2/311 527/2/310 460/2/316
f 529/1/265 374/1/264 307/1/472 479/1/103
f 306/2/469 373/2/286 517/2/148 481/2/470
f 532/1/261 486/1/473 307/1/472 374/1/264
f 532/1/261 375/1/260 308/1/476 486/1/473
f 531/1/3 485/1/477 308/1/476 375/1/260
f 530/1/9 376/1/157 311/1/485 482/1/484
f 483/1/208 311/1/485 376/1/157 518/1/159
f 481/2/470 517/2/148 377/2/147 312/2/487
f 396/2/584 514/2/48 378/2/99 132/2/292
f 312/2/487 377/2/147 515/2/146 480/2/109
f 392/2/580 513/2/74 379/2/73 126/2/585
f 132/2/292 378/2/99 516/2/41 401/2/140
f 477/2/488 511/2/57 380/2/56 314/2/494
f 126/2/585 379/2/73 510/2/72 386/2/565
f 476/2/306 509/2/50 381/2/49 290/2/586
f 314/2/494 380/2/56 512/2/32 478/2/495
f 401/2/140 516/2/41 382/2/40 234/2/141
f 290/2/586 381/2/49 514/2/48 396/2/584
f 478/2/495 512/2/32 383/2/31 315/2/497
f 234/2/141 382/2/40 523/2/39 436/2/142
f 531/1/3 384/1/2 316/1/499 485/1/477
f 315/2/497 383/2/31 528/2/30 490/2/454
f 530/1/9 482/1/484 316/1/499 384/1/2
f 524/1/583 435/1/397 223/1/388 368/1/387
f 537/1/587 744/1/588 834/1/589 764/1/590
f 537/1/587 764/1/590 772/1/591 617/1/592
f 537/1/587 617/1/592 779/1/593 766/1/594
f 537/1/587 766/1/594 838/1/595 744/1/588
f 538/1/596 639/1/597 806/1/598 638/1/599
f 538/1/596 638/1/599 809/1/600 645/1/601
f 538/1/596 645/1/601 808/1/602 643/1/603
f 538/1/596 643/1/603 807/1/604 639/1/597
f 539/1/605 618/1/606 781/1/607 760/1/608
f 539/1/605 760/1/608 842/1/609 749/1/610
f 539/1/605 749/1/610 832/1/611 759/1/612
f 539/1/605 759/1/612 771/1/613 618/1/606
f 540/1/614 755/1/615 831/1/616 736/1/617
f 540/1/614 736/1/617 833/1/618 758/1/619
f 541/1/620 758/1/619 833/1/618 751/1/621
f 541/1/620 751/1/621 843/1/622 761/1/623
f 542/1/624 708/1/625 820/1/626 713/1/627
f 542/1/624 713/1/627 821/1/628 637/1/629
f 542/1/624 637/1/629 806/1/598 639/1/630
f 542/1/624 639/1/630 807/1/604 708/1/625
f 543/1/631 676/1/632 787/1/633 657/1/634
f 543/1/631 657/1/634 786/1/635 670/1/636
f 543/1/631 670/1/636 774/1/637 620/1/638
f 543/1/631 620/1/638 775/1/639 676/1/632
f 544/1/640 677/1/641 789/1/642 656/1/643
f 544/1/640 656/1/643 788/1/644 671/1/645
f 544/1/640 671/1/645 776/1/646 623/1/647
f 544/1/640 623/1/647 777/1/648 677/1/641
f 545/1/649 675/1/650 793/1/651 655/1/652
f 545/1/649 655/1/652 787/1/633 676/1/632
f 545/1/649 676/1/632 775/1/639 621/1/653
f 545/1/649 621/1/653 783/1/654 675/1/650
f 546/1/655 673/1/656 791/1/657 654/1/658
f 546/1/655 654/1/658 789/1/642 677/1/641
f 546/1/655 677/1/641 777/1/648 622/1/659
f 546/1/655 622/1/659 785/1/660 673/1/656
f 547/1/661 670/1/636 786/1/635 653/1/662
f 547/1/661 653/1/662 790/1/663 672/1/664
f 547/1/661 672/1/664 784/1/665 634/1/666
f 547/1/661 634/1/666 774/1/637 670/1/636
f 548/1/667 672/1/664 790/1/663 652/1/668
f 548/1/667 652/1/668 791/1/657 673/1/656
f 548/1/667 673/1/656 785/1/660 635/1/669
f 548/1/667 635/1/669 784/1/665 672/1/664
f 549/1/670 671/1/645 788/1/644 651/1/671
f 549/1/670 651/1/671 792/1/672 674/1/673
f 549/1/670 674/1/673 782/1/674 632/1/675
f 549/1/670 632/1/675 776/1/646 671/1/645
f 550/1/676 723/1/677 827/1/678 729/1/679
f 550/1/676 729/1/679 826/1/680 694/1/681
f 550/1/676 694/1/681 811/1/682 691/1/683
f 550/1/676 691/1/683 812/1/684 723/1/677
f 551/1/685 716/1/686 824/1/687 721/1/688
f 551/1/685 721/1/688 825/1/689 681/1/690
f 551/1/685 681/1/690 805/1/691 682/1/692
f 551/1/685 682/1/692 802/1/693 716/1/686
f 552/1/694 767/1/695 839/1/696 748/1/697
f 552/1/694 748/1/697 840/1/698 754/1/699
f 553/1/700 763/1/701 835/1/702 746/1/703
f 553/1/700 746/1/703 839/1/696 767/1/695
f 554/1/704 761/1/623 843/1/622 753/1/705
f 554/1/704 753/1/705 844/1/706 768/1/707
f 555/1/708 648/1/709 778/1/710 629/1/711
f 555/1/708 629/1/711 779/1/593 649/1/712
f 555/1/708 649/1/712 793/1/651 650/1/713
f 555/1/708 650/1/713 792/1/672 648/1/709
f 556/1/714 644/1/715 770/1/716 628/1/717
f 556/1/714 628/1/717 778/1/710 648/1/709
f 556/1/714 648/1/709 792/1/672 651/1/671
f 556/1/714 651/1/671 788/1/644 644/1/715
f 557/1/718 646/1/719 780/1/720 631/1/721
f 557/1/718 631/1/721 781/1/607 647/1/722
f 557/1/718 647/1/722 791/1/657 652/1/668
f 557/1/718 652/1/668 790/1/663 646/1/719
f 558/1/723 642/1/724 773/1/725 630/1/726
f 558/1/723 630/1/726 780/1/720 646/1/719
f 558/1/723 646/1/719 790/1/663 653/1/662
f 558/1/723 653/1/662 786/1/635 642/1/724
f 559/1/727 647/1/722 781/1/607 618/1/606
f 559/1/727 618/1/606 771/1/613 627/1/728
f 559/1/727 627/1/728 789/1/642 654/1/658
f 559/1/727 654/1/658 791/1/657 647/1/722
f 560/1/729 649/1/712 779/1/593 617/1/592
f 560/1/729 617/1/592 772/1/591 625/1/730
f 560/1/729 625/1/730 787/1/633 655/1/652
f 560/1/729 655/1/652 793/1/651 649/1/712
f 561/1/731 625/1/730 772/1/591 616/1/732
f 561/1/731 616/1/732 773/1/725 642/1/724
f 561/1/731 642/1/724 786/1/635 657/1/634
f 561/1/731 657/1/634 787/1/633 625/1/730
f 562/1/733 699/1/734 815/1/735 705/1/736
f 562/1/733 705/1/736 814/1/737 666/1/738
f 562/1/733 666/1/738 800/1/739 665/1/740
f 562/1/733 665/1/740 801/1/741 699/1/734
f 563/1/742 687/1/743 770/1/716 644/1/715
f 563/1/742 644/1/715 788/1/644 686/1/744
f 563/1/742 686/1/744 797/1/745 660/1/746
f 563/1/742 660/1/746 795/1/747 687/1/743
f 564/1/748 688/1/749 771/1/613 619/1/750
f 564/1/748 619/1/750 770/1/716 687/1/743
f 564/1/748 687/1/743 795/1/747 658/1/751
f 564/1/748 658/1/751 794/1/752 688/1/749
f 565/1/753 686/1/754 788/1/644 656/1/643
f 565/1/753 656/1/643 789/1/755 689/1/756
f 565/1/753 689/1/756 796/1/757 661/1/758
f 565/1/753 661/1/758 797/1/759 686/1/754
f 566/1/760 663/1/761 798/1/762 662/1/763
f 566/1/760 662/1/763 799/1/764 664/1/765
f 566/1/760 664/1/765 801/1/741 665/1/740
f 566/1/760 665/1/740 800/1/739 663/1/761
f 567/1/766 666/1/738 814/1/767 704/1/768
f 567/1/766 704/1/768 816/1/769 668/1/770
f 567/1/766 668/1/770 798/1/762 663/1/761
f 567/1/766 663/1/761 800/1/739 666/1/738
f 568/1/771 701/1/772 817/1/773 703/1/774
f 568/1/771 703/1/774 815/1/775 699/1/734
f 568/1/771 699/1/734 801/1/741 664/1/765
f 568/1/771 664/1/765 799/1/764 701/1/772
f 569/1/776 668/1/770 816/1/777 702/1/778
f 569/1/776 702/1/778 817/1/773 701/1/772
f 569/1/776 701/1/772 799/1/764 662/1/763
f 569/1/776 662/1/763 798/1/762 668/1/770
f 570/1/779 691/1/683 811/1/682 690/1/780
f 570/1/779 690/1/780 810/1/781 692/1/782
f 570/1/779 692/1/782 813/1/783 693/1/784
f 570/1/779 693/1/784 812/1/684 691/1/683
f 571/1/785 678/1/786 822/1/787 720/1/788
f 571/1/785 720/1/788 823/1/789 715/1/790
f 571/1/785 715/1/790 803/1/791 683/1/792
f 571/1/785 683/1/792 804/1/793 678/1/786
f 572/1/794 681/1/690 825/1/795 719/1/796
f 572/1/794 719/1/796 822/1/797 678/1/786
f 572/1/794 678/1/786 804/1/793 685/1/798
f 572/1/794 685/1/798 805/1/691 681/1/690
f 573/1/799 715/1/790 823/1/800 718/1/801
f 573/1/799 718/1/801 824/1/802 716/1/686
f 573/1/799 716/1/686 802/1/693 684/1/803
f 573/1/799 684/1/803 803/1/791 715/1/790
f 574/1/804 685/1/798 804/1/793 683/1/792
f 574/1/804 683/1/792 803/1/791 684/1/803
f 574/1/804 684/1/803 802/1/693 682/1/692
f 574/1/804 682/1/692 805/1/691 685/1/798
f 575/1/805 624/1/806 818/1/807 712/1/808
f 575/1/805 712/1/808 819/1/809 707/1/810
f 575/1/805 707/1/810 808/1/602 645/1/601
f 575/1/805 645/1/601 809/1/600 624/1/806
f 576/1/811 637/1/629 821/1/812 711/1/813
f 576/1/811 711/1/813 818/1/814 624/1/806
f 576/1/811 624/1/806 809/1/600 638/1/599
f 576/1/811 638/1/599 806/1/598 637/1/629
f 577/1/815 707/1/810 819/1/809 710/1/816
f 577/1/815 710/1/816 820/1/626 708/1/625
f 577/1/815 708/1/625 807/1/604 643/1/603
f 577/1/815 643/1/603 808/1/602 707/1/810
f 578/1/817 674/1/673 792/1/672 650/1/713
f 578/1/817 650/1/713 793/1/651 675/1/650
f 578/1/817 675/1/650 783/1/654 633/1/818
f 578/1/817 633/1/818 782/1/674 674/1/673
f 579/1/819 724/1/820 828/1/821 728/1/822
f 579/1/819 728/1/822 827/1/678 723/1/677
f 579/1/819 723/1/677 812/1/684 693/1/784
f 579/1/819 693/1/784 813/1/783 724/1/820
f 580/1/823 694/1/681 826/1/824 727/1/825
f 580/1/823 727/1/825 829/1/826 697/1/827
f 580/1/823 697/1/827 810/1/781 690/1/780
f 580/1/823 690/1/780 811/1/682 694/1/681
f 581/1/828 697/1/827 829/1/826 726/1/829
f 581/1/828 726/1/829 828/1/830 724/1/820
f 581/1/828 724/1/820 813/1/783 692/1/782
f 581/1/828 692/1/782 810/1/781 697/1/827
f 582/1/831 700/1/832 794/1/752 658/1/751
f 582/1/831 658/1/751 795/1/747 669/1/833
f 582/1/831 669/1/833 817/1/773 702/1/778
f 582/1/831 702/1/778 816/1/777 700/1/832
f 583/1/834 669/1/833 795/1/747 660/1/746
f 583/1/834 660/1/746 797/1/745 667/1/835
f 583/1/834 667/1/835 815/1/775 703/1/774
f 583/1/834 703/1/774 817/1/773 669/1/833
f 584/1/836 698/1/837 796/1/838 659/1/839
f 584/1/836 659/1/839 794/1/840 700/1/841
f 584/1/836 700/1/841 816/1/769 704/1/768
f 584/1/836 704/1/768 814/1/767 698/1/837
f 585/1/842 667/1/843 797/1/759 661/1/758
f 585/1/842 661/1/758 796/1/757 698/1/844
f 585/1/842 698/1/844 814/1/737 705/1/736
f 585/1/842 705/1/736 815/1/735 667/1/843
f 586/1/845 626/1/846 777/1/648 623/1/647
f 586/1/845 623/1/647 776/1/646 636/1/847
f 586/1/845 636/1/847 820/1/626 710/1/816
f 586/1/845 710/1/816 819/1/809 626/1/846
f 587/1/848 709/1/849 782/1/850 641/1/851
f 587/1/848 641/1/851 785/1/852 706/1/853
f 587/1/848 706/1/853 818/1/814 711/1/813
f 587/1/848 711/1/813 821/1/812 709/1/849
f 588/1/854 706/1/855 785/1/660 622/1/659
f 588/1/854 622/1/659 777/1/648 626/1/846
f 588/1/854 626/1/846 819/1/809 712/1/808
f 588/1/854 712/1/808 818/1/807 706/1/855
f 589/1/856 636/1/847 776/1/646 632/1/675
f 589/1/856 632/1/675 782/1/674 709/1/857
f 589/1/856 709/1/857 821/1/628 713/1/627
f 589/1/856 713/1/627 820/1/626 636/1/847
f 590/1/858 679/1/859 784/1/665 635/1/669
f 590/1/858 635/1/669 785/1/660 680/1/860
f 590/1/858 680/1/860 824/1/802 718/1/801
f 590/1/858 718/1/801 823/1/800 679/1/859
f 591/1/861 717/1/862 782/1/674 633/1/818
f 591/1/861 633/1/818 783/1/654 714/1/863
f 591/1/861 714/1/863 822/1/797 719/1/796
f 591/1/861 719/1/796 825/1/795 717/1/862
f 592/1/864 714/1/865 783/1/866 640/1/867
f 592/1/864 640/1/867 784/1/868 679/1/869
f 592/1/864 679/1/869 823/1/789 720/1/788
f 592/1/864 720/1/788 822/1/787 714/1/865
f 593/1/870 680/1/871 785/1/872 641/1/873
f 593/1/870 641/1/873 782/1/874 717/1/875
f 593/1/870 717/1/875 825/1/689 721/1/688
f 593/1/870 721/1/688 824/1/687 680/1/871
f 594/1/876 725/1/877 774/1/637 634/1/666
f 594/1/876 634/1/666 784/1/665 696/1/878
f 594/1/876 696/1/878 828/1/830 726/1/829
f 594/1/876 726/1/829 829/1/826 725/1/877
f 595/1/879 722/1/880 775/1/639 620/1/638
f 595/1/879 620/1/638 774/1/637 725/1/877
f 595/1/879 725/1/877 829/1/826 727/1/825
f 595/1/879 727/1/825 826/1/824 722/1/880
f 596/1/881 696/1/882 784/1/883 640/1/884
f 596/1/881 640/1/884 783/1/885 695/1/886
f 596/1/881 695/1/886 827/1/678 728/1/822
f 596/1/881 728/1/822 828/1/821 696/1/882
f 597/1/887 695/1/888 783/1/654 621/1/653
f 597/1/887 621/1/653 775/1/639 722/1/880
f 597/1/887 722/1/880 826/1/680 729/1/679
f 597/1/887 729/1/679 827/1/678 695/1/888
f 598/1/889 689/1/890 789/1/642 627/1/728
f 598/1/889 627/1/728 771/1/613 688/1/749
f 598/1/889 688/1/749 794/1/840 659/1/839
f 598/1/889 659/1/839 796/1/838 689/1/890
f 599/1/891 630/1/726 773/1/725 765/1/892
f 599/1/891 765/1/892 836/1/893 738/1/894
f 599/1/891 738/1/894 845/1/895 769/1/896
f 599/1/891 769/1/896 780/1/720 630/1/726
f 600/1/897 762/1/898 837/1/899 743/1/900
f 600/1/897 743/1/900 835/1/702 763/1/701
f 601/1/901 731/1/902 841/1/903 756/1/904
f 601/1/901 756/1/904 778/1/710 628/1/717
f 601/1/901 628/1/717 770/1/716 757/1/905
f 601/1/901 757/1/905 830/1/906 731/1/902
f 602/1/907 768/1/707 844/1/706 740/1/908
f 602/1/907 740/1/908 837/1/899 762/1/898
f 603/1/909 764/1/590 834/1/589 741/1/910
f 603/1/909 741/1/910 836/1/893 765/1/892
f 603/1/909 765/1/892 773/1/725 616/1/732
f 603/1/909 616/1/732 772/1/591 764/1/590
f 604/1/911 631/1/721 780/1/720 769/1/896
f 604/1/911 769/1/896 845/1/895 752/1/912
f 604/1/911 752/1/912 842/1/609 760/1/608
f 604/1/911 760/1/608 781/1/607 631/1/721
f 605/1/913 757/1/905 770/1/716 619/1/750
f 605/1/913 619/1/750 771/1/613 759/1/612
f 605/1/913 759/1/612 832/1/611 734/1/914
f 605/1/913 734/1/914 830/1/906 757/1/905
f 606/1/915 747/1/916 838/1/595 766/1/594
f 606/1/915 766/1/594 779/1/593 629/1/711
f 606/1/915 629/1/711 778/1/710 756/1/904
f 606/1/915 756/1/904 841/1/903 747/1/916
f 607/1/917 730/1/918 841/1/903 731/1/919
f 607/1/920 731/1/920 830/1/921 732/1/922
f 607/1/917 732/1/923 831/1/616 733/1/924
f 607/1/917 733/1/924 840/1/698 730/1/918
f 608/1/925 732/1/922 830/1/921 734/1/926
f 608/1/925 734/1/926 832/1/927 735/1/928
f 608/1/929 735/1/930 833/1/618 736/1/617
f 608/1/929 736/1/617 831/1/616 732/1/923
f 609/1/931 737/1/932 845/1/895 738/1/894
f 609/1/931 738/1/894 836/1/893 739/1/933
f 609/1/931 739/1/933 837/1/899 740/1/908
f 609/1/931 740/1/908 844/1/706 737/1/932
f 610/1/934 739/1/933 836/1/893 741/1/910
f 610/1/934 741/1/910 834/1/589 742/1/935
f 610/1/934 742/1/935 835/1/702 743/1/900
f 610/1/934 743/1/900 837/1/899 739/1/933
f 611/1/936 742/1/935 834/1/589 744/1/588
f 611/1/936 744/1/588 838/1/595 745/1/937
f 611/1/936 745/1/937 839/1/696 746/1/703
f 611/1/936 746/1/703 835/1/702 742/1/935
f 612/1/938 745/1/937 838/1/595 747/1/916
f 612/1/938 747/1/916 841/1/903 730/1/918
f 612/1/938 730/1/918 840/1/698 748/1/697
f 612/1/938 748/1/697 839/1/696 745/1/937
f 613/1/939 735/1/928 832/1/927 749/1/939
f 613/1/940 749/1/941 842/1/941 750/1/942
f 613/1/940 750/1/942 843/1/622 751/1/621
f 613/1/940 751/1/621 833/1/618 735/1/930
f 614/1/943 750/1/942 842/1/609 752/1/912
f 614/1/943 752/1/912 845/1/895 737/1/932
f 614/1/943 737/1/932 844/1/706 753/1/705
f 614/1/943 753/1/705 843/1/622 750/1/942
f 615/1/944 754/1/699 840/1/698 733/1/924
f 615/1/944 733/1/924 831/1/616 755/1/615
f 846/1/945 1198/1/946 1376/1/947 1229/1/948
f 846/1/945 1012/1/949 1262/1/950 1198/1/946
f 846/1/945 1197/1/951 1252/1/952 1012/1/949
f 846/1/945 1229/1/948 1375/1/953 1197/1/951
f 847/1/954 1023/1/955 1263/1/956 1013/1/957
f 847/1/954 1009/1/958 1259/1/959 1023/1/955
f 847/1/954 999/1/960 1257/1/961 1009/1/958
f 847/1/954 1013/1/957 1254/1/962 999/1/960
f 848/1/963 1082/1/964 1308/1/965 1117/1/966
f 848/1/963 1063/1/967 1292/1/968 1082/1/964
f 848/1/963 1105/1/969 1286/1/970 1063/1/967
f 848/1/963 1117/1/966 1309/1/971 1105/1/969
f 849/2/972 1228/2/973 1373/2/974 1116/2/975
f 849/2/972 973/2/976 1357/2/977 1228/2/973
f 849/2/972 1099/2/978 1238/2/979 973/2/976
f 849/2/972 1116/2/975 1303/2/980 1099/2/978
f 850/2/981 1227/2/982 1368/2/983 1049/2/984
f 850/2/981 988/2/985 1361/2/986 1227/2/982
f 850/2/981 1080/2/987 1247/2/988 988/2/985
f 850/2/981 1049/2/984 1283/2/989 1080/2/987
f 851/2/990 1226/2/991 1359/2/992 980/2/993
f 851/2/990 966/2/994 1354/2/995 1226/2/991
f 851/2/990 969/2/996 1233/2/997 966/2/994
f 851/2/990 980/2/993 1243/2/998 969/2/996
f 852/2/999 1225/2/1000 1357/2/977 973/2/976
f 852/2/999 970/2/1001 1356/2/1002 1225/2/1000
f 852/2/999 968/2/1003 1235/2/1004 970/2/1001
f 852/2/999 973/2/976 1238/2/979 968/2/1003
f 853/1/1005 1098/1/1006 1302/1/1007 1115/1/1008
f 853/1/1005 1058/1/1009 1279/1/1010 1098/1/1006
f 853/1/1005 1100/1/1011 1295/1/1012 1058/1/1009
f 853/1/1005 1115/1/1008 1304/1/1013 1100/1/1011
f 854/2/1014 1224/2/1015 1355/2/1016 1193/2/1017
f 854/2/1014 974/2/1018 1358/2/1019 1224/2/1015
f 854/2/1014 972/2/1020 1239/2/1021 974/2/1018
f 854/2/1014 1193/2/1017 1234/2/1022 972/2/1020
f 855/2/1023 967/2/1024 1235/2/1025 968/2/1026
f 855/2/1027 972/2/1020 1234/2/1028 967/2/1024
f 855/2/1027 975/2/1029 1239/2/1021 972/2/1020
f 855/2/1023 968/2/1026 1238/2/1030 975/2/1031
f 856/1/1032 1022/1/1033 1262/1/1034 1012/1/1032
f 856/1/1035 1001/1/1035 1261/1/1036 1022/1/1033
f 856/1/1037 996/1/1038 1253/1/1039 1001/1/1040
f 856/1/1041 1012/1/949 1252/1/952 996/1/1038
f 857/2/1042 1223/2/1043 1361/2/986 988/2/985
f 857/2/1042 980/2/993 1359/2/992 1223/2/1043
f 857/2/1042 979/2/1044 1243/2/998 980/2/993
f 857/2/1042 988/2/985 1247/2/988 979/2/1044
f 858/2/1045 976/2/1046 1324/2/1047 1158/2/1048
f 858/2/1045 1120/2/1049 1240/2/1050 976/2/1046
f 858/2/1045 1138/2/1051 1314/2/1052 1120/2/1049
f 858/2/1045 1158/2/1048 1325/2/1053 1138/2/1051
f 859/2/1054 987/2/1055 1245/2/1056 985/2/1057
f 859/2/1058 979/2/1044 1247/2/988 987/2/1059
f 859/2/1058 982/2/1060 1243/2/998 979/2/1044
f 859/2/1054 985/2/1057 1242/2/1061 982/2/1062
f 860/1/1063 1081/1/1064 1268/1/1065 1025/1/1066
f 860/1/1063 1062/1/1067 1296/1/1068 1081/1/1064
f 860/1/1063 1089/1/1069 1290/1/1070 1062/1/1067
f 860/1/1063 1025/1/1066 1258/1/1071 1089/1/1069
f 861/2/1072 1114/2/1073 1303/2/1074 1074/2/1075
f 861/2/1072 1103/2/1076 1307/2/1077 1114/2/1078
f 861/2/1072 1045/2/1079 1282/2/1080 1103/2/1076
f 861/2/1072 1074/2/1075 1285/2/1081 1045/2/1079
f 862/1/1082 1079/1/1083 1246/1/1084 963/1/1085
f 862/1/1082 1069/1/1086 1281/1/1087 1079/1/1083
f 862/1/1082 1081/1/1064 1296/1/1068 1069/1/1086
f 862/1/1082 963/1/1085 1268/1/1065 1081/1/1064
f 863/2/1088 1222/2/1089 1360/2/1090 981/2/1091
f 863/2/1088 989/2/1092 1362/2/1093 1222/2/1089
f 863/2/1088 985/2/1057 1245/2/1056 989/2/1092
f 863/2/1088 981/2/1091 1242/2/1061 985/2/1057
f 864/1/1094 998/1/1095 1256/1/1096 1000/1/1097
f 864/1/1094 992/1/1098 1255/1/1099 998/1/1095
f 864/1/1094 999/1/960 1254/1/962 992/1/1098
f 864/1/1094 1000/1/1097 1257/1/961 999/1/960
f 865/1/1100 1197/1/951 1375/1/953 1221/1/1101
f 865/1/1100 996/1/1038 1252/1/952 1197/1/951
f 865/1/1100 997/1/1102 1253/1/1039 996/1/1038
f 865/1/1100 1221/1/1101 1363/1/1103 997/1/1102
f 866/1/1104 1105/1/969 1309/1/971 1113/1/1105
f 866/1/1104 1054/1/1106 1286/1/970 1105/1/969
f 866/1/1104 1106/1/1107 1288/1/1108 1054/1/1106
f 866/1/1104 1113/1/1105 1310/1/1109 1106/1/1107
f 867/1/1110 1087/1/1111 1293/1/1112 1065/1/1113
f 867/1/1110 1005/1/1114 1265/1/1115 1087/1/1111
f 867/1/1110 1084/1/1116 1251/1/1117 1005/1/1114
f 867/1/1110 1065/1/1113 1287/1/1118 1084/1/1116
f 868/1/1119 995/1/1120 1251/1/1117 990/1/1121
f 868/1/1119 991/1/1122 1249/1/1123 995/1/1120
f 868/1/1119 993/1/1124 1250/1/1125 991/1/1122
f 868/1/1119 990/1/1121 1248/1/1126 993/1/1124
f 869/1/1127 1088/1/1128 1311/1/1129 1112/1/1130
f 869/1/1127 1013/1/957 1263/1/956 1088/1/1128
f 869/1/1127 1086/1/1131 1254/1/962 1013/1/957
f 869/1/1127 1112/1/1130 1310/1/1109 1086/1/1131
f 870/1/1132 1021/1/1133 1266/1/1134 1016/1/1135
f 870/1/1132 1008/1/1136 1258/1/1071 1021/1/1133
f 870/1/1132 993/1/1124 1248/1/1126 1008/1/1136
f 870/1/1132 1016/1/1135 1250/1/1125 993/1/1124
f 871/1/1137 1020/1/1138 1265/1/1115 1005/1/1114
f 871/1/1137 1014/1/1139 1264/1/1140 1020/1/1138
f 871/1/1137 995/1/1120 1249/1/1123 1014/1/1139
f 871/1/1137 1005/1/1114 1251/1/1117 995/1/1120
f 872/1/1141 1019/1/1142 1260/1/1143 986/1/1144
f 872/1/1141 1007/1/1145 1267/1/1146 1019/1/1142
f 872/1/1141 998/1/1095 1255/1/1099 1007/1/1145
f 872/1/1141 986/1/1144 1256/1/1096 998/1/1095
f 873/1/1147 1141/1/1148 1329/1/1149 1155/1/1150
f 873/1/1147 1016/1/1135 1266/1/1134 1141/1/1148
f 873/1/1147 1140/1/1151 1250/1/1125 1016/1/1135
f 873/1/1147 1155/1/1150 1328/1/1152 1140/1/1151
f 874/1/1153 1089/1/1069 1258/1/1071 1008/1/1136
f 874/1/1153 1053/1/1154 1290/1/1070 1089/1/1069
f 874/1/1153 1085/1/1155 1289/1/1156 1053/1/1154
f 874/1/1153 1008/1/1136 1248/1/1126 1085/1/1155
f 875/1/1157 1084/1/1116 1287/1/1118 1056/1/1158
f 875/1/1157 990/1/1121 1251/1/1117 1084/1/1116
f 875/1/1157 1085/1/1155 1248/1/1126 990/1/1121
f 875/1/1157 1056/1/1159 1289/1/1156 1085/1/1155
f 876/1/1160 1071/1/1161 1294/1/1162 1067/1/1163
f 876/1/1160 1015/1/1164 1276/1/1165 1071/1/1161
f 876/1/1160 1087/1/1111 1265/1/1115 1015/1/1164
f 876/1/1160 1067/1/1163 1293/1/1112 1087/1/1111
f 877/1/1166 1100/1/1011 1304/1/1013 1111/1/1167
f 877/1/1166 1066/1/1168 1295/1/1012 1100/1/1011
f 877/1/1166 1082/1/964 1292/1/968 1066/1/1168
f 877/1/1166 1111/1/1167 1308/1/965 1082/1/964
f 878/1/1169 1142/1/1170 1332/1/1171 1154/1/1172
f 878/1/1169 1030/1/1173 1273/1/1174 1142/1/1170
f 878/1/1169 1141/1/1148 1266/1/1134 1030/1/1173
f 878/1/1169 1154/1/1172 1329/1/1149 1141/1/1148
f 879/1/1175 1040/1/1176 1274/1/1177 1010/1/1178
f 879/1/1175 1017/1/1179 1277/1/1180 1040/1/1176
f 879/1/1175 1019/1/1142 1267/1/1146 1017/1/1179
f 879/1/1175 1010/1/1178 1260/1/1143 1019/1/1142
f 880/1/1181 1039/1/1182 1276/1/1165 1015/1/1164
f 880/1/1181 1029/1/1183 1272/1/1184 1039/1/1182
f 880/1/1181 1020/1/1138 1264/1/1140 1029/1/1183
f 880/1/1181 1015/1/1164 1265/1/1115 1020/1/1138
f 881/1/1185 1038/1/1186 1273/1/1174 1030/1/1173
f 881/1/1185 1025/1/1066 1268/1/1065 1038/1/1186
f 881/1/1185 1021/1/1133 1258/1/1071 1025/1/1066
f 881/1/1185 1030/1/1173 1266/1/1134 1021/1/1133
f 882/1/1187 1102/1/1188 1306/1/1189 1110/1/1190
f 882/1/1187 1028/1/1191 1271/1/1192 1102/1/1188
f 882/1/1187 1088/1/1128 1263/1/956 1028/1/1191
f 882/1/1187 1110/1/1190 1311/1/1129 1088/1/1128
f 883/1/1193 1037/1/1194 1270/1/1195 1027/1/1196
f 883/1/1193 1011/1/1197 1275/1/1198 1037/1/1194
f 883/1/1193 1022/1/1033 1261/1/1036 1011/1/1197
f 883/1/1193 1027/1/1196 1262/1/1034 1022/1/1033
f 884/1/1199 1036/1/1200 1271/1/1192 1028/1/1191
f 884/1/1199 1026/1/1201 1269/1/1202 1036/1/1200
f 884/1/1199 1023/1/955 1259/1/959 1026/1/1201
f 884/1/1199 1028/1/1191 1263/1/956 1023/1/955
f 885/1/1203 1199/1/1204 1377/1/1205 1220/1/1206
f 885/1/1203 1027/1/1196 1270/1/1195 1199/1/1204
f 885/1/1203 1198/1/946 1262/1/950 1027/1/1196
f 885/1/1203 1220/1/1206 1376/1/947 1198/1/946
f 886/1/1207 1196/1/1208 1374/1/1209 1219/1/1210
f 886/1/1207 1002/1/1211 1232/1/1212 1196/1/1208
f 886/1/1207 1199/1/1204 1270/1/1195 1002/1/1211
f 886/1/1207 1219/1/1210 1377/1/1205 1199/1/1204
f 887/1/1213 971/1/1214 1237/1/1215 1003/1/1216
f 887/1/1213 983/1/1217 1231/1/1218 971/1/1214
f 887/1/1213 1036/1/1200 1269/1/1202 983/1/1217
f 887/1/1213 1003/1/1216 1271/1/1192 1036/1/1200
f 888/1/1219 965/1/1220 1232/1/1212 1002/1/1211
f 888/1/1221 1032/1/1222 1233/1/997 965/1/1223
f 888/1/1221 1037/1/1194 1275/1/1198 1032/1/1222
f 888/1/1219 1002/1/1211 1270/1/1195 1037/1/1194
f 889/2/1224 1043/2/1225 1284/2/1226 1072/2/1227
f 889/2/1228 1080/2/987 1283/2/989 1043/2/1225
f 889/2/1228 987/2/1059 1247/2/988 1080/2/987
f 889/2/1224 1072/2/1227 1245/2/1056 987/2/1055
f 890/2/1229 1218/2/1230 1362/2/1093 989/2/1092
f 890/2/1229 1200/2/1231 1378/2/1232 1218/2/1230
f 890/2/1229 1072/2/1227 1284/2/1226 1200/2/1231
f 890/2/1229 989/2/1092 1245/2/1056 1072/2/1227
f 891/1/1233 977/1/1234 1241/1/1235 1006/1/1236
f 891/1/1233 963/1/1085 1246/1/1084 977/1/1234
f 891/1/1233 1038/1/1186 1268/1/1065 963/1/1085
f 891/1/1233 1006/1/1236 1273/1/1174 1038/1/1186
f 892/1/1237 984/1/1238 1244/1/1239 1033/1/1240
f 892/1/1237 1004/1/1241 1240/1/1050 984/1/1238
f 892/1/1237 1039/1/1182 1272/1/1184 1004/1/1241
f 892/1/1237 1033/1/1240 1276/1/1165 1039/1/1182
f 893/1/1242 964/1/1243 1230/1/1244 1031/1/1245
f 893/1/1242 1034/1/1246 1236/1/1247 964/1/1243
f 893/1/1242 1040/1/1176 1277/1/1180 1034/1/1246
f 893/1/1242 1031/1/1245 1274/1/1177 1040/1/1176
f 894/1/1248 1135/1/1249 1321/1/1250 1150/1/1251
f 894/1/1248 1006/1/1236 1241/1/1235 1135/1/1249
f 894/1/1248 1142/1/1170 1273/1/1174 1006/1/1236
f 894/1/1248 1150/1/1251 1332/1/1171 1142/1/1170
f 895/2/1252 1217/2/1253 1372/2/1254 1109/2/1255
f 895/2/1252 1194/2/1256 1369/2/1257 1217/2/1253
f 895/2/1252 1103/2/1076 1282/2/1080 1194/2/1256
f 895/2/1252 1109/2/1255 1307/2/1077 1103/2/1076
f 896/1/1258 1076/1/1259 1305/1/1260 1108/1/1261
f 896/1/1258 1003/1/1216 1237/1/1215 1076/1/1259
f 896/1/1258 1102/1/1188 1271/1/1192 1003/1/1216
f 896/1/1258 1108/1/1261 1306/1/1189 1102/1/1188
f 897/2/1262 1043/2/1225 1283/2/989 1042/2/1263
f 897/2/1262 1044/2/1264 1284/2/1226 1043/2/1225
f 897/2/1265 1045/2/1079 1285/2/1081 1044/2/1266
f 897/2/1265 1042/2/1267 1282/2/1080 1045/2/1079
f 898/1/1268 1048/1/1269 1317/1/1270 1130/1/1271
f 898/1/1268 1059/1/1272 1278/1/1273 1048/1/1269
f 898/1/1268 1097/1/1274 1294/1/1162 1059/1/1272
f 898/1/1268 1130/1/1271 1319/1/1275 1097/1/1274
f 899/1/1276 1049/1/984 1368/1/983 1216/1/1277
f 899/1/1276 1092/1/1278 1283/1/989 1049/1/984
f 899/1/1276 1046/1/1279 1299/1/1280 1092/1/1278
f 899/1/1276 1216/1/1277 1366/1/1281 1046/1/1279
f 900/1/1282 1051/1/1283 1291/1/1284 1050/1/1285
f 900/1/1282 1052/1/1286 1288/1/1108 1051/1/1283
f 900/1/1282 1053/1/1154 1289/1/1156 1052/1/1286
f 900/1/1282 1050/1/1285 1290/1/1070 1053/1/1154
f 901/3/1287 1054/3/1106 1288/3/1108 1167/3/1288
f 901/3/1289 1166/3/1290 1286/3/970 1054/3/1106
f 901/3/1289 1163/3/1291 1340/3/1292 1166/3/1290
f 901/3/1287 1167/3/1288 1338/3/1293 1163/3/1294
f 902/1/1295 1061/1/1296 1297/1/1297 1060/1/1298
f 902/1/1295 1050/1/1285 1291/1/1284 1061/1/1296
f 902/1/1295 1062/1/1067 1290/1/1070 1050/1/1285
f 902/1/1295 1060/1/1298 1296/1/1068 1062/1/1067
f 903/1/1299 1063/1/967 1286/1/970 1055/1/1300
f 903/1/1299 1064/1/1301 1292/1/968 1063/1/967
f 903/1/1299 1065/1/1113 1293/1/1112 1064/1/1301
f 903/1/1299 1055/1/1300 1287/1/1118 1065/1/1113
f 904/1/1302 1066/1/1168 1292/1/968 1064/1/1301
f 904/1/1302 1057/1/1303 1295/1/1012 1066/1/1168
f 904/1/1302 1067/1/1163 1294/1/1162 1057/1/1303
f 904/1/1302 1064/1/1301 1293/1/1112 1067/1/1163
f 905/1/1304 1070/1/1305 1278/1/1273 1059/1/1272
f 905/1/1304 1033/1/1240 1244/1/1239 1070/1/1305
f 905/1/1304 1071/1/1161 1276/1/1165 1033/1/1240
f 905/1/1304 1059/1/1272 1294/1/1162 1071/1/1161
f 906/2/1306 965/2/1223 1233/2/997 969/2/996
f 906/2/1307 978/2/1308 1232/2/1212 965/2/1220
f 906/2/1307 982/2/1062 1242/2/1061 978/2/1308
f 906/2/1306 969/2/996 1243/2/998 982/2/1060
f 907/1/1309 1093/1/1310 1371/1/1311 1215/1/1312
f 907/1/1309 1091/1/1313 1301/1/1314 1093/1/1310
f 907/1/1309 1201/1/1315 1300/1/1316 1091/1/1313
f 907/1/1309 1215/1/1312 1379/1/1317 1201/1/1315
f 908/1/1318 1046/1/1279 1366/1/1281 1214/1/1319
f 908/1/1318 1090/1/1320 1299/1/1280 1046/1/1279
f 908/1/1318 1195/1/1321 1298/1/1322 1090/1/1320
f 908/1/1318 1214/1/1319 1370/1/1323 1195/1/1321
f 909/1/1324 1044/1/1266 1285/1/1081 1095/1/1325
f 909/1/1326 1094/1/1327 1284/1/1226 1044/1/1264
f 909/1/1326 1091/1/1313 1300/1/1316 1094/1/1327
f 909/1/1324 1095/1/1325 1301/1/1314 1091/1/1313
f 910/1/1328 1042/1/1263 1283/1/989 1092/1/1278
f 910/1/1329 1096/1/1330 1282/1/1080 1042/1/1267
f 910/1/1329 1090/1/1320 1298/1/1322 1096/1/1330
f 910/1/1328 1092/1/1278 1299/1/1280 1090/1/1320
f 1370/1/1323 1297/1/1297 1068/1/1331 1213/1/1332
f 1378/1/1232 1209/1/1333 1146/1/1334 1336/1/1335
f 911/1/1336 1047/1/1337 1367/1/1338 1212/1/1339
f 911/1/1336 1095/1/1325 1285/1/1081 1047/1/1337
f 911/1/1336 1093/1/1310 1301/1/1314 1095/1/1325
f 911/1/1336 1212/1/1339 1371/1/1311 1093/1/1310
f 912/1/1340 1101/1/1341 1280/1/1342 1068/1/1331
f 912/1/1340 1108/1/1261 1305/1/1260 1101/1/1341
f 912/1/1340 1077/1/1343 1306/1/1189 1108/1/1261
f 912/1/1340 1068/1/1331 1297/1/1297 1077/1/1343
f 913/2/1344 1211/2/1345 1358/2/1019 974/2/1018
f 913/2/1344 1109/2/1255 1372/2/1254 1211/2/1345
f 913/2/1344 1078/2/1346 1307/2/1077 1109/2/1255
f 913/2/1344 974/2/1018 1239/2/1021 1078/2/1346
f 914/1/1347 1077/1/1343 1297/1/1297 1061/1/1296
f 914/1/1347 1110/1/1190 1306/1/1189 1077/1/1343
f 914/1/1347 1107/1/1348 1311/1/1129 1110/1/1190
f 914/1/1347 1061/1/1296 1291/1/1284 1107/1/1348
f 915/1/1349 1075/1/1350 1277/1/1180 1017/1/1179
f 915/1/1349 1111/1/1167 1304/1/1013 1075/1/1350
f 915/1/1349 1104/1/1351 1308/1/965 1111/1/1167
f 915/1/1349 1017/1/1179 1267/1/1146 1104/1/1351
f 916/1/1352 1107/1/1348 1291/1/1284 1051/1/1283
f 916/1/1352 1112/1/1130 1311/1/1129 1107/1/1348
f 916/1/1352 1106/1/1107 1310/1/1109 1112/1/1130
f 916/1/1352 1051/1/1283 1288/1/1108 1106/1/1107
f 917/1/1353 1083/1/1354 1255/1/1099 992/1/1098
f 917/1/1353 1113/1/1105 1309/1/971 1083/1/1354
f 917/1/1353 1086/1/1131 1310/1/1109 1113/1/1105
f 917/1/1353 992/1/1098 1254/1/962 1086/1/1131
f 918/2/1355 975/2/1031 1238/2/1030 1099/2/1356
f 918/2/1357 1078/2/1346 1239/2/1021 975/2/1029
f 918/2/1357 1114/2/1078 1307/2/1077 1078/2/1346
f 918/2/1355 1099/2/1356 1303/2/1074 1114/2/1073
f 919/1/1358 1073/1/1359 1236/1/1247 1034/1/1246
f 919/1/1358 1115/1/1008 1302/1/1007 1073/1/1359
f 919/1/1358 1075/1/1350 1304/1/1013 1115/1/1008
f 919/1/1358 1034/1/1246 1277/1/1180 1075/1/1350
f 920/2/1360 1210/2/1361 1367/2/1338 1047/2/1337
f 920/2/1360 1116/2/975 1373/2/974 1210/2/1361
f 920/2/1360 1074/2/1075 1303/2/980 1116/2/975
f 920/2/1360 1047/2/1337 1285/2/1081 1074/2/1075
f 921/1/1362 1104/1/1351 1267/1/1146 1007/1/1145
f 921/1/1362 1117/1/966 1308/1/965 1104/1/1351
f 921/1/1362 1083/1/1354 1309/1/971 1117/1/966
f 921/1/1362 1007/1/1145 1255/1/1099 1083/1/1354
f 922/2/1363 1098/2/1006 1279/2/1010 1122/2/1364
f 922/2/1363 1126/2/1365 1302/2/1007 1098/2/1006
f 922/2/1363 1127/2/1366 1320/2/1367 1126/2/1365
f 922/2/1363 1122/2/1364 1316/2/1368 1127/2/1366
f 923/1/1369 1122/1/1364 1279/1/1010 1058/1/1009
f 923/1/1369 1128/1/1370 1316/1/1371 1122/1/1364
f 923/1/1369 1124/1/1372 1318/1/1373 1128/1/1370
f 923/1/1369 1058/1/1009 1295/1/1012 1124/1/1372
f 924/1/1374 1124/1/1372 1295/1/1012 1057/1/1303
f 924/1/1374 1129/1/1375 1318/1/1373 1124/1/1372
f 924/1/1374 1097/1/1274 1319/1/1275 1129/1/1375
f 924/1/1374 1057/1/1303 1294/1/1162 1097/1/1274
f 925/1/1376 1123/1/1377 1336/1/1335 1146/1/1334
f 925/1/1376 1130/1/1271 1317/1/1270 1123/1/1377
f 925/1/1376 1125/1/1378 1319/1/1275 1130/1/1271
f 925/1/1376 1146/1/1334 1337/1/1379 1125/1/1378
f 926/2/1380 1070/2/1305 1244/2/1239 1121/2/1381
f 926/2/1380 1048/2/1269 1278/2/1273 1070/2/1305
f 926/2/1380 1131/2/1382 1317/2/1270 1048/2/1269
f 926/2/1380 1121/2/1381 1315/2/1383 1131/2/1382
f 927/2/1384 984/2/1238 1240/2/1050 1120/2/1049
f 927/2/1384 1121/2/1381 1244/2/1239 984/2/1238
f 927/2/1384 1132/2/1385 1315/2/1383 1121/2/1381
f 927/2/1384 1120/2/1049 1314/2/1052 1132/2/1385
f 928/2/1386 964/2/1243 1236/2/1247 1119/2/1387
f 928/2/1386 1118/2/1388 1230/2/1244 964/2/1243
f 928/2/1386 1133/2/1389 1312/2/1390 1118/2/1388
f 928/2/1386 1119/2/1387 1313/2/1391 1133/2/1389
f 929/2/1392 1073/2/1359 1302/2/1007 1126/2/1365
f 929/2/1392 1119/2/1387 1236/2/1247 1073/2/1359
f 929/2/1392 1134/2/1393 1313/2/1391 1119/2/1387
f 929/2/1392 1126/2/1365 1320/2/1367 1134/2/1393
f 1379/1/1317 1337/1/1379 1146/1/1334 1209/1/1333
f 1321/1/1250 1354/1/995 1208/1/1394 1150/1/1251
f 930/2/1395 1127/2/1366 1316/2/1368 1143/2/1396
f 930/2/1395 1145/2/1397 1320/2/1367 1127/2/1366
f 930/2/1395 1147/2/1398 1335/2/1399 1145/2/1397
f 930/2/1395 1143/2/1396 1333/2/1400 1147/2/1398
f 931/1/1401 1143/1/1402 1316/1/1371 1128/1/1370
f 931/1/1401 1148/1/1403 1333/1/1404 1143/1/1402
f 931/1/1401 1144/1/1405 1334/1/1406 1148/1/1403
f 931/1/1401 1128/1/1370 1318/1/1373 1144/1/1405
f 932/1/1407 1144/1/1405 1318/1/1373 1129/1/1375
f 932/1/1407 1149/1/1408 1334/1/1406 1144/1/1405
f 932/1/1407 1125/1/1378 1337/1/1379 1149/1/1408
f 932/1/1407 1129/1/1375 1319/1/1275 1125/1/1378
f 1332/1/1171 1150/1/1251 1208/1/1394 1365/1/1409
f 1332/1/1171 1365/1/1409 1207/1/1410 1154/1/1172
f 933/2/1411 1131/2/1382 1315/2/1383 1139/2/1412
f 933/2/1411 1123/2/1377 1317/2/1270 1131/2/1382
f 933/2/1411 1151/2/1413 1336/2/1335 1123/2/1377
f 933/2/1411 1139/2/1412 1326/2/1414 1151/2/1413
f 934/1/1415 976/1/1046 1240/1/1050 1004/1/1241
f 934/1/1415 1152/1/1416 1324/1/1047 976/1/1046
f 934/1/1415 1035/1/1417 1331/1/1418 1152/1/1416
f 934/1/1415 1004/1/1241 1272/1/1184 1035/1/1417
f 935/1/1419 1035/1/1417 1272/1/1184 1029/1/1183
f 935/1/1419 1153/1/1420 1331/1/1418 1035/1/1417
f 935/1/1419 1024/1/1421 1330/1/1422 1153/1/1420
f 935/1/1419 1029/1/1183 1264/1/1140 1024/1/1421
f 1329/1/1149 1154/1/1172 1207/1/1410 1364/1/1423
f 1329/1/1149 1364/1/1423 1206/1/1424 1155/1/1150
f 1328/1/1152 1155/1/1150 1206/1/1424 1363/1/1103
f 1374/2/1209 1205/2/1425 1158/2/1048 1324/2/1047
f 936/1/1426 994/1/1427 1249/1/1123 991/1/1122
f 936/1/1426 1156/1/1428 1327/1/1429 994/1/1427
f 936/1/1426 1140/1/1151 1328/1/1152 1156/1/1428
f 936/1/1426 991/1/1122 1250/1/1125 1140/1/1151
f 937/2/1430 1132/2/1385 1314/2/1052 1138/2/1051
f 937/2/1430 1139/2/1412 1315/2/1383 1132/2/1385
f 937/2/1430 1157/2/1431 1326/2/1414 1139/2/1412
f 937/2/1430 1138/2/1051 1325/2/1053 1157/2/1431
f 1325/2/1053 1158/2/1048 1205/2/1425 1360/2/1090
f 1322/2/1432 1356/2/1002 1203/2/1433 1183/2/1434
f 938/2/1435 1133/2/1389 1313/2/1391 1137/2/1436
f 938/2/1435 1136/2/1437 1312/2/1390 1133/2/1389
f 938/2/1435 1159/2/1438 1322/2/1432 1136/2/1437
f 938/2/1435 1137/2/1436 1323/2/1439 1159/2/1438
f 939/2/1440 1134/2/1393 1320/2/1367 1145/2/1397
f 939/2/1440 1137/2/1436 1313/2/1391 1134/2/1393
f 939/2/1440 1160/2/1441 1323/2/1439 1137/2/1436
f 939/2/1440 1145/2/1397 1335/2/1399 1160/2/1441
f 940/1/1442 1024/1/1421 1264/1/1140 1014/1/1139
f 940/1/1442 1161/1/1443 1330/1/1422 1024/1/1421
f 940/1/1442 994/1/1427 1327/1/1429 1161/1/1443
f 940/1/1442 1014/1/1139 1249/1/1123 994/1/1427
f 941/3/1444 1163/3/1294 1338/3/1293 1162/3/1445
f 941/3/1446 1164/3/1447 1340/3/1292 1163/3/1291
f 941/3/1448 1165/3/1449 1341/3/1450 1164/3/1447
f 941/3/1444 1162/3/1445 1339/3/1451 1165/3/1452
f 942/3/1453 1052/3/1286 1289/3/1156 1168/3/1454
f 942/3/1453 1167/3/1288 1288/3/1108 1052/3/1286
f 942/3/1453 1162/3/1445 1338/3/1293 1167/3/1288
f 942/3/1453 1168/3/1454 1339/3/1451 1162/3/1445
f 943/3/1455 1055/3/1300 1286/3/970 1166/3/1290
f 943/3/1455 1169/3/1456 1287/3/1118 1055/3/1300
f 943/3/1455 1164/3/1447 1341/3/1450 1169/3/1456
f 943/3/1455 1166/3/1290 1340/3/1292 1164/3/1447
f 944/3/1457 1056/3/1158 1287/3/1118 1169/3/1456
f 944/3/1458 1168/3/1454 1289/3/1156 1056/3/1159
f 944/3/1458 1165/3/1452 1339/3/1451 1168/3/1454
f 944/3/1457 1169/3/1456 1341/3/1450 1165/3/1449
f 945/2/1459 1118/2/1388 1312/2/1390 1182/2/1460
f 945/2/1461 1181/2/1462 1230/2/1244 1118/2/1388
f 945/2/1461 1179/2/1463 1342/2/1464 1181/2/1462
f 945/2/1459 1182/2/1460 1352/2/1465 1179/2/1466
f 946/2/1467 1136/2/1437 1322/2/1432 1183/2/1434
f 946/2/1467 1182/2/1460 1312/2/1390 1136/2/1437
f 946/2/1467 1180/2/1466 1352/2/1465 1182/2/1460
f 946/2/1467 1183/2/1434 1353/2/1466 1180/2/1466
f 947/2/1468 1193/2/1017 1355/2/1016 1204/2/1469
f 947/2/1468 1184/2/1470 1234/2/1022 1193/2/1017
f 947/2/1468 1202/2/1471 1344/2/1472 1184/2/1470
f 947/2/1468 1204/2/1469 1380/2/1473 1202/2/1471
f 948/1/1474 1009/1/958 1257/1/961 1187/1/1475
f 948/1/1474 1186/1/1476 1259/1/959 1009/1/958
f 948/1/1474 1175/1/1477 1348/1/1478 1186/1/1476
f 948/1/1474 1187/1/1475 1347/1/1479 1175/1/1477
f 949/1/1480 1026/1/1201 1259/1/959 1186/1/1476
f 949/1/1480 1188/1/1481 1269/1/1202 1026/1/1201
f 949/1/1480 1177/1/1482 1350/1/1483 1188/1/1481
f 949/1/1480 1186/1/1476 1348/1/1478 1177/1/1482
f 950/1/1484 986/1/1144 1260/1/1143 1190/1/1485
f 950/1/1484 1189/1/1486 1256/1/1096 986/1/1144
f 950/1/1484 1173/1/1487 1346/1/1488 1189/1/1486
f 950/1/1484 1190/1/1485 1349/1/1489 1173/1/1487
f 951/1/1490 1010/1/1178 1274/1/1177 1191/1/1491
f 951/1/1490 1190/1/1485 1260/1/1143 1010/1/1178
f 951/1/1490 1176/1/1492 1349/1/1489 1190/1/1485
f 951/1/1490 1191/1/1491 1351/1/1493 1176/1/1492
f 952/1/1494 983/1/1217 1269/1/1202 1188/1/1481
f 952/1/1494 1185/1/1495 1231/1/1218 983/1/1217
f 952/1/1494 1172/1/1496 1343/1/1497 1185/1/1495
f 952/1/1494 1188/1/1481 1350/1/1483 1172/1/1496
f 953/1/1498 1000/1/1097 1256/1/1096 1189/1/1486
f 953/1/1498 1187/1/1475 1257/1/961 1000/1/1097
f 953/1/1498 1174/1/1499 1347/1/1479 1187/1/1475
f 953/1/1498 1189/1/1486 1346/1/1488 1174/1/1499
f 954/2/1500 967/2/1024 1234/2/1028 1184/2/1501
f 954/2/1500 1192/2/1502 1235/2/1025 967/2/1024
f 954/2/1500 1170/2/1503 1345/2/1504 1192/2/1502
f 954/2/1500 1184/2/1501 1344/2/1505 1170/2/1503
f 955/1/1506 1031/1/1245 1230/1/1244 1181/1/1462
f 955/1/1506 1191/1/1491 1274/1/1177 1031/1/1245
f 955/1/1506 1178/1/1507 1351/1/1493 1191/1/1491
f 955/1/1506 1181/1/1462 1342/1/1464 1178/1/1507
f 1353/2/1466 1183/2/1434 1203/2/1433 1381/2/1466
f 1355/2/1016 1231/2/1508 1185/2/1509 1204/2/1469
f 956/2/1510 970/2/1001 1235/2/1004 1192/2/1511
f 956/2/1510 1203/2/1433 1356/2/1002 970/2/1001
f 956/2/1510 1171/2/1512 1381/2/1466 1203/2/1433
f 956/2/1510 1192/2/1511 1345/2/1513 1171/2/1512
f 1380/2/1473 1204/2/1469 1185/2/1509 1343/2/1514
f 1335/2/1399 1147/2/1398 1210/2/1361 1373/2/974
f 957/2/1515 1196/2/1208 1232/2/1212 978/2/1308
f 957/2/1515 1205/2/1425 1374/2/1209 1196/2/1208
f 957/2/1515 981/2/1091 1360/2/1090 1205/2/1425
f 957/2/1515 978/2/1308 1242/2/1061 981/2/1091
f 958/1/1516 1018/1/1517 1261/1/1518 1001/1/1040
f 958/1/1516 1206/1/1424 1364/1/1423 1018/1/1517
f 958/1/1516 997/1/1102 1363/1/1103 1206/1/1424
f 958/1/1516 1001/1/1040 1253/1/1039 997/1/1102
f 959/1/1519 1041/1/1520 1275/1/1198 1011/1/1197
f 959/1/1519 1207/1/1410 1365/1/1409 1041/1/1520
f 959/1/1519 1018/1/1517 1364/1/1423 1207/1/1410
f 959/1/1519 1011/1/1197 1261/1/1518 1018/1/1517
f 960/1/1521 966/1/994 1233/1/997 1032/1/1222
f 960/1/1521 1208/1/1394 1354/1/995 966/1/994
f 960/1/1521 1041/1/1520 1365/1/1409 1208/1/1394
f 960/1/1521 1032/1/1222 1275/1/1198 1041/1/1520
f 961/1/1522 1200/1/1231 1284/1/1226 1094/1/1327
f 961/1/1522 1209/1/1333 1378/1/1232 1200/1/1231
f 961/1/1522 1201/1/1315 1379/1/1317 1209/1/1333
f 961/1/1522 1094/1/1327 1300/1/1316 1201/1/1315
f 1305/2/1260 1076/2/1523 1211/2/1345 1372/2/1254
f 1147/2/1398 1333/2/1400 1367/2/1338 1210/2/1361
f 1333/1/1404 1148/1/1403 1212/1/1339 1367/1/1338
f 1076/2/1523 1237/2/1524 1358/2/1019 1211/2/1345
f 1334/1/1406 1371/1/1311 1212/1/1339 1148/1/1403
f 1296/1/1068 1060/1/1298 1214/1/1319 1366/1/1281
f 962/1/1525 1194/1/1526 1282/1/1080 1096/1/1330
f 962/1/1525 1213/1/1332 1369/1/1527 1194/1/1526
f 962/1/1525 1195/1/1321 1370/1/1323 1213/1/1332
f 962/1/1525 1096/1/1330 1298/1/1322 1195/1/1321
f 1370/1/1323 1214/1/1319 1060/1/1298 1297/1/1297
f 1334/1/1406 1149/1/1408 1215/1/1312 1371/1/1311
f 1379/1/1317 1215/1/1312 1149/1/1408 1337/1/1379
f 1281/1/1087 1069/1/1086 1216/1/1277 1368/1/983
f 1296/1/1068 1366/1/1281 1216/1/1277 1069/1/1086
f 1369/2/1257 1280/2/1342 1101/2/1341 1217/2/1253
f 1378/2/1232 1336/2/1335 1151/2/1413 1218/2/1230
f 1101/2/1341 1305/2/1260 1372/2/1254 1217/2/1253
f 1374/1/1209 1324/1/1047 1152/1/1416 1219/1/1210
f 1151/2/1413 1326/2/1414 1362/2/1093 1218/2/1230
f 1377/1/1205 1219/1/1210 1152/1/1416 1331/1/1418
f 1377/1/1205 1331/1/1418 1153/1/1420 1220/1/1206
f 1376/1/947 1220/1/1206 1153/1/1420 1330/1/1422
f 1375/1/953 1327/1/1429 1156/1/1428 1221/1/1101
f 1328/1/1152 1363/1/1103 1221/1/1101 1156/1/1428
f 1326/2/1414 1157/2/1431 1222/2/1089 1362/2/1093
f 1241/2/1528 977/2/1234 1223/2/1043 1359/2/992
f 1157/2/1431 1325/2/1053 1360/2/1090 1222/2/1089
f 1237/2/1524 971/2/1529 1224/2/1015 1358/2/1019
f 977/2/1234 1246/2/1084 1361/2/986 1223/2/1043
f 1322/2/1432 1159/2/1438 1225/2/1000 1356/2/1002
f 971/2/1529 1231/2/1508 1355/2/1016 1224/2/1015
f 1321/2/1250 1135/2/1530 1226/2/991 1354/2/995
f 1159/2/1438 1323/2/1439 1357/2/977 1225/2/1000
f 1246/2/1084 1079/2/1083 1227/2/982 1361/2/986
f 1135/2/1530 1241/2/1528 1359/2/992 1226/2/991
f 1323/2/1439 1160/2/1441 1228/2/973 1357/2/977
f 1079/2/1083 1281/2/1087 1368/2/983 1227/2/982
f 1376/1/947 1330/1/1422 1161/1/1443 1229/1/948
f 1160/2/1441 1335/2/1399 1373/2/974 1228/2/973
f 1375/1/953 1229/1/948 1161/1/1443 1327/1/1429
f 1369/1/1527 1213/1/1332 1068/1/1331 1280/1/1342
f 1382/1/1531 1609/1/1532 1679/1/1533 1589/1/1534
f 1382/1/1531 1462/1/1535 1617/1/1536 1609/1/1532
f 1382/1/1531 1611/1/1537 1624/1/1538 1462/1/1535
f 1382/1/1531 1589/1/1534 1683/1/1539 1611/1/1537
f 1383/1/1540 1483/1/1541 1651/1/1542 1484/1/1543
f 1383/1/1540 1490/1/1544 1654/1/1545 1483/1/1541
f 1383/1/1540 1488/1/1546 1653/1/1547 1490/1/1544
f 1383/1/1540 1484/1/1543 1652/1/1548 1488/1/1546
f 1384/1/1549 1605/1/1550 1626/1/1551 1463/1/1552
f 1384/1/1549 1594/1/1553 1687/1/1554 1605/1/1550
f 1384/1/1549 1604/1/1555 1677/1/1556 1594/1/1553
f 1384/1/1549 1463/1/1552 1616/1/1557 1604/1/1555
f 1385/1/1558 1581/1/1559 1676/1/1560 1600/1/1561
f 1385/1/1558 1603/1/1562 1678/1/1563 1581/1/1559
f 1386/1/1564 1596/1/1565 1678/1/1563 1603/1/1562
f 1386/1/1564 1606/1/1566 1688/1/1567 1596/1/1565
f 1387/1/1568 1558/1/1569 1665/1/1570 1553/1/1571
f 1387/1/1568 1482/1/1572 1666/1/1573 1558/1/1569
f 1387/1/1568 1484/1/1574 1651/1/1542 1482/1/1572
f 1387/1/1568 1553/1/1571 1652/1/1548 1484/1/1574
f 1388/1/1575 1502/1/1576 1632/1/1577 1521/1/1578
f 1388/1/1575 1515/1/1579 1631/1/1580 1502/1/1576
f 1388/1/1575 1465/1/1581 1619/1/1582 1515/1/1579
f 1388/1/1575 1521/1/1578 1620/1/1583 1465/1/1581
f 1389/1/1584 1501/1/1585 1634/1/1586 1522/1/1587
f 1389/1/1584 1516/1/1588 1633/1/1589 1501/1/1585
f 1389/1/1584 1468/1/1590 1621/1/1591 1516/1/1588
f 1389/1/1584 1522/1/1587 1622/1/1592 1468/1/1590
f 1390/1/1593 1500/1/1594 1638/1/1595 1520/1/1596
f 1390/1/1593 1521/1/1578 1632/1/1577 1500/1/1594
f 1390/1/1593 1466/1/1597 1620/1/1583 1521/1/1578
f 1390/1/1593 1520/1/1596 1628/1/1598 1466/1/1597
f 1391/1/1599 1499/1/1600 1636/1/1601 1518/1/1602
f 1391/1/1599 1522/1/1587 1634/1/1586 1499/1/1600
f 1391/1/1599 1467/1/1603 1622/1/1592 1522/1/1587
f 1391/1/1599 1518/1/1602 1630/1/1604 1467/1/1603
f 1392/1/1605 1498/1/1606 1631/1/1580 1515/1/1579
f 1392/1/1605 1517/1/1607 1635/1/1608 1498/1/1606
f 1392/1/1605 1479/1/1609 1629/1/1610 1517/1/1607
f 1392/1/1605 1515/1/1579 1619/1/1582 1479/1/1609
f 1393/1/1611 1497/1/1612 1635/1/1608 1517/1/1607
f 1393/1/1611 1518/1/1602 1636/1/1601 1497/1/1612
f 1393/1/1611 1480/1/1613 1630/1/1604 1518/1/1602
f 1393/1/1611 1517/1/1607 1629/1/1610 1480/1/1613
f 1394/1/1614 1496/1/1615 1633/1/1589 1516/1/1588
f 1394/1/1614 1519/1/1616 1637/1/1617 1496/1/1615
f 1394/1/1614 1477/1/1618 1627/1/1619 1519/1/1616
f 1394/1/1614 1516/1/1588 1621/1/1591 1477/1/1618
f 1395/1/1620 1574/1/1621 1672/1/1622 1568/1/1623
f 1395/1/1620 1539/1/1624 1671/1/1625 1574/1/1621
f 1395/1/1620 1536/1/1626 1656/1/1627 1539/1/1624
f 1395/1/1620 1568/1/1623 1657/1/1628 1536/1/1626
f 1396/1/1629 1566/1/1630 1669/1/1631 1561/1/1632
f 1396/1/1629 1526/1/1633 1670/1/1634 1566/1/1630
f 1396/1/1629 1527/1/1635 1650/1/1636 1526/1/1633
f 1396/1/1629 1561/1/1632 1647/1/1637 1527/1/1635
f 1397/1/1638 1593/1/1639 1684/1/1640 1612/1/1641
f 1397/1/1638 1599/1/1642 1685/1/1643 1593/1/1639
f 1398/1/1644 1591/1/1645 1680/1/1646 1608/1/1647
f 1398/1/1644 1612/1/1641 1684/1/1640 1591/1/1645
f 1399/1/1648 1598/1/1649 1688/1/1567 1606/1/1566
f 1399/1/1648 1613/1/1650 1689/1/1651 1598/1/1649
f 1400/1/1652 1474/1/1653 1623/1/1654 1493/1/1655
f 1400/1/1652 1494/1/1656 1624/1/1538 1474/1/1653
f 1400/1/1652 1495/1/1657 1638/1/1595 1494/1/1656
f 1400/1/1652 1493/1/1655 1637/1/1617 1495/1/1657
f 1401/1/1658 1473/1/1659 1615/1/1660 1489/1/1661
f 1401/1/1658 1493/1/1655 1623/1/1654 1473/1/1659
f 1401/1/1658 1496/1/1615 1637/1/1617 1493/1/1655
f 1401/1/1658 1489/1/1661 1633/1/1589 1496/1/1615
f 1402/1/1662 1476/1/1663 1625/1/1664 1491/1/1665
f 1402/1/1662 1492/1/1666 1626/1/1551 1476/1/1663
f 1402/1/1662 1497/1/1612 1636/1/1601 1492/1/1666
f 1402/1/1662 1491/1/1665 1635/1/1608 1497/1/1612
f 1403/1/1667 1475/1/1668 1618/1/1669 1487/1/1670
f 1403/1/1667 1491/1/1665 1625/1/1664 1475/1/1668
f 1403/1/1667 1498/1/1606 1635/1/1608 1491/1/1665
f 1403/1/1667 1487/1/1670 1631/1/1580 1498/1/1606
f 1404/1/1671 1463/1/1552 1626/1/1551 1492/1/1666
f 1404/1/1671 1472/1/1672 1616/1/1557 1463/1/1552
f 1404/1/1671 1499/1/1600 1634/1/1586 1472/1/1672
f 1404/1/1671 1492/1/1666 1636/1/1601 1499/1/1600
f 1405/1/1673 1462/1/1535 1624/1/1538 1494/1/1656
f 1405/1/1673 1470/1/1674 1617/1/1536 1462/1/1535
f 1405/1/1673 1500/1/1594 1632/1/1577 1470/1/1674
f 1405/1/1673 1494/1/1656 1638/1/1595 1500/1/1594
f 1406/1/1675 1461/1/1676 1617/1/1536 1470/1/1674
f 1406/1/1675 1487/1/1670 1618/1/1669 1461/1/1676
f 1406/1/1675 1502/1/1576 1631/1/1580 1487/1/1670
f 1406/1/1675 1470/1/1674 1632/1/1577 1502/1/1576
f 1407/1/1677 1550/1/1678 1660/1/1679 1544/1/1680
f 1407/1/1677 1511/1/1681 1659/1/1682 1550/1/1678
f 1407/1/1677 1510/1/1683 1645/1/1684 1511/1/1681
f 1407/1/1677 1544/1/1680 1646/1/1685 1510/1/1683
f 1408/1/1686 1489/1/1661 1615/1/1660 1532/1/1687
f 1408/1/1686 1531/1/1688 1633/1/1589 1489/1/1661
f 1408/1/1686 1505/1/1689 1642/1/1690 1531/1/1688
f 1408/1/1686 1532/1/1687 1640/1/1691 1505/1/1689
f 1409/1/1692 1464/1/1693 1616/1/1557 1533/1/1694
f 1409/1/1692 1532/1/1687 1615/1/1660 1464/1/1693
f 1409/1/1692 1503/1/1695 1640/1/1691 1532/1/1687
f 1409/1/1692 1533/1/1694 1639/1/1696 1503/1/1695
f 1410/1/1697 1501/1/1585 1633/1/1589 1531/1/1698
f 1410/1/1697 1534/1/1699 1634/1/1700 1501/1/1585
f 1410/1/1697 1506/1/1701 1641/1/1702 1534/1/1699
f 1410/1/1697 1531/1/1698 1642/1/1703 1506/1/1701
f 1411/1/1704 1507/1/1705 1643/1/1706 1508/1/1707
f 1411/1/1704 1509/1/1708 1644/1/1709 1507/1/1705
f 1411/1/1704 1510/1/1683 1646/1/1685 1509/1/1708
f 1411/1/1704 1508/1/1707 1645/1/1684 1510/1/1683
f 1412/1/1710 1549/1/1711 1659/1/1712 1511/1/1681
f 1412/1/1710 1513/1/1713 1661/1/1714 1549/1/1711
f 1412/1/1710 1508/1/1707 1643/1/1706 1513/1/1713
f 1412/1/1710 1511/1/1681 1645/1/1684 1508/1/1707
f 1413/1/1715 1548/1/1716 1662/1/1717 1546/1/1718
f 1413/1/1715 1544/1/1680 1660/1/1719 1548/1/1716
f 1413/1/1715 1509/1/1708 1646/1/1685 1544/1/1680
f 1413/1/1715 1546/1/1718 1644/1/1709 1509/1/1708
f 1414/1/1720 1547/1/1721 1661/1/1722 1513/1/1713
f 1414/1/1720 1546/1/1718 1662/1/1717 1547/1/1721
f 1414/1/1720 1507/1/1705 1644/1/1709 1546/1/1718
f 1414/1/1720 1513/1/1713 1643/1/1706 1507/1/1705
f 1415/1/1723 1535/1/1724 1656/1/1627 1536/1/1626
f 1415/1/1723 1537/1/1725 1655/1/1726 1535/1/1724
f 1415/1/1723 1538/1/1727 1658/1/1728 1537/1/1725
f 1415/1/1723 1536/1/1626 1657/1/1628 1538/1/1727
f 1416/1/1729 1565/1/1730 1667/1/1731 1523/1/1732
f 1416/1/1729 1560/1/1733 1668/1/1734 1565/1/1730
f 1416/1/1729 1528/1/1735 1648/1/1736 1560/1/1733
f 1416/1/1729 1523/1/1732 1649/1/1737 1528/1/1735
f 1417/1/1738 1564/1/1739 1670/1/1740 1526/1/1633
f 1417/1/1738 1523/1/1732 1667/1/1741 1564/1/1739
f 1417/1/1738 1530/1/1742 1649/1/1737 1523/1/1732
f 1417/1/1738 1526/1/1633 1650/1/1636 1530/1/1742
f 1418/1/1743 1563/1/1744 1668/1/1745 1560/1/1733
f 1418/1/1743 1561/1/1632 1669/1/1746 1563/1/1744
f 1418/1/1743 1529/1/1747 1647/1/1637 1561/1/1632
f 1418/1/1743 1560/1/1733 1648/1/1736 1529/1/1747
f 1419/1/1748 1528/1/1735 1649/1/1737 1530/1/1742
f 1419/1/1748 1529/1/1747 1648/1/1736 1528/1/1735
f 1419/1/1748 1527/1/1635 1647/1/1637 1529/1/1747
f 1419/1/1748 1530/1/1742 1650/1/1636 1527/1/1635
f 1420/1/1749 1557/1/1750 1663/1/1751 1469/1/1752
f 1420/1/1749 1552/1/1753 1664/1/1754 1557/1/1750
f 1420/1/1749 1490/1/1544 1653/1/1547 1552/1/1753
f 1420/1/1749 1469/1/1752 1654/1/1545 1490/1/1544
f 1421/1/1755 1556/1/1756 1666/1/1757 1482/1/1572
f 1421/1/1755 1469/1/1752 1663/1/1758 1556/1/1756
f 1421/1/1755 1483/1/1541 1654/1/1545 1469/1/1752
f 1421/1/1755 1482/1/1572 1651/1/1542 1483/1/1541
f 1422/1/1759 1555/1/1760 1664/1/1754 1552/1/1753
f 1422/1/1759 1553/1/1571 1665/1/1570 1555/1/1760
f 1422/1/1759 1488/1/1546 1652/1/1548 1553/1/1571
f 1422/1/1759 1552/1/1753 1653/1/1547 1488/1/1546
f 1423/1/1761 1495/1/1657 1637/1/1617 1519/1/1616
f 1423/1/1761 1520/1/1596 1638/1/1595 1495/1/1657
f 1423/1/1761 1478/1/1762 1628/1/1598 1520/1/1596
f 1423/1/1761 1519/1/1616 1627/1/1619 1478/1/1762
f 1424/1/1763 1573/1/1764 1673/1/1765 1569/1/1766
f 1424/1/1763 1568/1/1623 1672/1/1622 1573/1/1764
f 1424/1/1763 1538/1/1727 1657/1/1628 1568/1/1623
f 1424/1/1763 1569/1/1766 1658/1/1728 1538/1/1727
f 1425/1/1767 1572/1/1768 1671/1/1769 1539/1/1624
f 1425/1/1767 1542/1/1770 1674/1/1771 1572/1/1768
f 1425/1/1767 1535/1/1724 1655/1/1726 1542/1/1770
f 1425/1/1767 1539/1/1624 1656/1/1627 1535/1/1724
f 1426/1/1772 1571/1/1773 1674/1/1771 1542/1/1770
f 1426/1/1772 1569/1/1766 1673/1/1774 1571/1/1773
f 1426/1/1772 1537/1/1725 1658/1/1728 1569/1/1766
f 1426/1/1772 1542/1/1770 1655/1/1726 1537/1/1725
f 1427/1/1775 1503/1/1695 1639/1/1696 1545/1/1776
f 1427/1/1775 1514/1/1777 1640/1/1691 1503/1/1695
f 1427/1/1775 1547/1/1721 1662/1/1717 1514/1/1777
f 1427/1/1775 1545/1/1776 1661/1/1722 1547/1/1721
f 1428/1/1778 1505/1/1689 1640/1/1691 1514/1/1777
f 1428/1/1778 1512/1/1779 1642/1/1690 1505/1/1689
f 1428/1/1778 1548/1/1716 1660/1/1719 1512/1/1779
f 1428/1/1778 1514/1/1777 1662/1/1717 1548/1/1716
f 1429/1/1780 1504/1/1781 1641/1/1782 1543/1/1783
f 1429/1/1780 1545/1/1784 1639/1/1785 1504/1/1781
f 1429/1/1780 1549/1/1711 1661/1/1714 1545/1/1784
f 1429/1/1780 1543/1/1783 1659/1/1712 1549/1/1711
f 1430/1/1786 1506/1/1701 1642/1/1703 1512/1/1787
f 1430/1/1786 1543/1/1788 1641/1/1702 1506/1/1701
f 1430/1/1786 1550/1/1678 1659/1/1682 1543/1/1788
f 1430/1/1786 1512/1/1787 1660/1/1679 1550/1/1678
f 1431/1/1789 1468/1/1590 1622/1/1592 1471/1/1790
f 1431/1/1789 1481/1/1791 1621/1/1591 1468/1/1590
f 1431/1/1789 1555/1/1760 1665/1/1570 1481/1/1791
f 1431/1/1789 1471/1/1790 1664/1/1754 1555/1/1760
f 1432/1/1792 1486/1/1793 1627/1/1794 1554/1/1795
f 1432/1/1792 1551/1/1796 1630/1/1797 1486/1/1793
f 1432/1/1792 1556/1/1756 1663/1/1758 1551/1/1796
f 1432/1/1792 1554/1/1795 1666/1/1757 1556/1/1756
f 1433/1/1798 1467/1/1603 1630/1/1604 1551/1/1799
f 1433/1/1798 1471/1/1790 1622/1/1592 1467/1/1603
f 1433/1/1798 1557/1/1750 1664/1/1754 1471/1/1790
f 1433/1/1798 1551/1/1799 1663/1/1751 1557/1/1750
f 1434/1/1800 1477/1/1618 1621/1/1591 1481/1/1791
f 1434/1/1800 1554/1/1801 1627/1/1619 1477/1/1618
f 1434/1/1800 1558/1/1569 1666/1/1573 1554/1/1801
f 1434/1/1800 1481/1/1791 1665/1/1570 1558/1/1569
f 1435/1/1802 1480/1/1613 1629/1/1610 1524/1/1803
f 1435/1/1802 1525/1/1804 1630/1/1604 1480/1/1613
f 1435/1/1802 1563/1/1744 1669/1/1746 1525/1/1804
f 1435/1/1802 1524/1/1803 1668/1/1745 1563/1/1744
f 1436/1/1805 1478/1/1762 1627/1/1619 1562/1/1806
f 1436/1/1805 1559/1/1807 1628/1/1598 1478/1/1762
f 1436/1/1805 1564/1/1739 1667/1/1741 1559/1/1807
f 1436/1/1805 1562/1/1806 1670/1/1740 1564/1/1739
f 1437/1/1808 1485/1/1809 1628/1/1810 1559/1/1811
f 1437/1/1808 1524/1/1812 1629/1/1813 1485/1/1809
f 1437/1/1808 1565/1/1730 1668/1/1734 1524/1/1812
f 1437/1/1808 1559/1/1811 1667/1/1731 1565/1/1730
f 1438/1/1814 1486/1/1815 1630/1/1816 1525/1/1817
f 1438/1/1814 1562/1/1818 1627/1/1819 1486/1/1815
f 1438/1/1814 1566/1/1630 1670/1/1634 1562/1/1818
f 1438/1/1814 1525/1/1817 1669/1/1631 1566/1/1630
f 1439/1/1820 1479/1/1609 1619/1/1582 1570/1/1821
f 1439/1/1820 1541/1/1822 1629/1/1610 1479/1/1609
f 1439/1/1820 1571/1/1773 1673/1/1774 1541/1/1822
f 1439/1/1820 1570/1/1821 1674/1/1771 1571/1/1773
f 1440/1/1823 1465/1/1581 1620/1/1583 1567/1/1824
f 1440/1/1823 1570/1/1821 1619/1/1582 1465/1/1581
f 1440/1/1823 1572/1/1768 1674/1/1771 1570/1/1821
f 1440/1/1823 1567/1/1824 1671/1/1769 1572/1/1768
f 1441/1/1825 1485/1/1826 1629/1/1827 1541/1/1828
f 1441/1/1825 1540/1/1829 1628/1/1830 1485/1/1826
f 1441/1/1825 1573/1/1764 1672/1/1622 1540/1/1829
f 1441/1/1825 1541/1/1828 1673/1/1765 1573/1/1764
f 1442/1/1831 1466/1/1597 1628/1/1598 1540/1/1832
f 1442/1/1831 1567/1/1824 1620/1/1583 1466/1/1597
f 1442/1/1831 1574/1/1621 1671/1/1625 1567/1/1824
f 1442/1/1831 1540/1/1832 1672/1/1622 1574/1/1621
f 1443/1/1833 1472/1/1672 1634/1/1586 1534/1/1834
f 1443/1/1833 1533/1/1694 1616/1/1557 1472/1/1672
f 1443/1/1833 1504/1/1781 1639/1/1785 1533/1/1694
f 1443/1/1833 1534/1/1834 1641/1/1782 1504/1/1781
f 1444/1/1835 1610/1/1836 1618/1/1669 1475/1/1668
f 1444/1/1835 1583/1/1837 1681/1/1838 1610/1/1836
f 1444/1/1835 1614/1/1839 1690/1/1840 1583/1/1837
f 1444/1/1835 1475/1/1668 1625/1/1664 1614/1/1839
f 1445/1/1841 1588/1/1842 1682/1/1843 1607/1/1844
f 1445/1/1841 1608/1/1647 1680/1/1646 1588/1/1842
f 1446/1/1845 1601/1/1846 1686/1/1847 1576/1/1848
f 1446/1/1845 1473/1/1659 1623/1/1654 1601/1/1846
f 1446/1/1845 1602/1/1849 1615/1/1660 1473/1/1659
f 1446/1/1845 1576/1/1848 1675/1/1850 1602/1/1849
f 1447/1/1851 1585/1/1852 1689/1/1651 1613/1/1650
f 1447/1/1851 1607/1/1844 1682/1/1843 1585/1/1852
f 1448/1/1853 1586/1/1854 1679/1/1533 1609/1/1532
f 1448/1/1853 1610/1/1836 1681/1/1838 1586/1/1854
f 1448/1/1853 1461/1/1676 1618/1/1669 1610/1/1836
f 1448/1/1853 1609/1/1532 1617/1/1536 1461/1/1676
f 1449/1/1855 1614/1/1839 1625/1/1664 1476/1/1663
f 1449/1/1855 1597/1/1856 1690/1/1840 1614/1/1839
f 1449/1/1855 1605/1/1550 1687/1/1554 1597/1/1856
f 1449/1/1855 1476/1/1663 1626/1/1551 1605/1/1550
f 1450/1/1857 1464/1/1693 1615/1/1660 1602/1/1849
f 1450/1/1857 1604/1/1555 1616/1/1557 1464/1/1693
f 1450/1/1857 1579/1/1858 1677/1/1556 1604/1/1555
f 1450/1/1857 1602/1/1849 1675/1/1850 1579/1/1858
f 1451/1/1859 1611/1/1537 1683/1/1539 1592/1/1860
f 1451/1/1859 1474/1/1653 1624/1/1538 1611/1/1537
f 1451/1/1859 1601/1/1846 1623/1/1654 1474/1/1653
f 1451/1/1859 1592/1/1860 1686/1/1847 1601/1/1846
f 1452/1/1861 1576/1/1862 1686/1/1847 1575/1/1863
f 1452/1/1864 1577/1/1865 1675/1/1866 1576/1/1864
f 1452/1/1861 1578/1/1867 1676/1/1560 1577/1/1868
f 1452/1/1861 1575/1/1863 1685/1/1643 1578/1/1867
f 1453/1/1869 1579/1/1870 1675/1/1866 1577/1/1865
f 1453/1/1869 1580/1/1871 1677/1/1872 1579/1/1870
f 1453/1/1873 1581/1/1559 1678/1/1563 1580/1/1874
f 1453/1/1873 1577/1/1868 1676/1/1560 1581/1/1559
f 1454/1/1875 1583/1/1837 1690/1/1840 1582/1/1876
f 1454/1/1875 1584/1/1877 1681/1/1838 1583/1/1837
f 1454/1/1875 1585/1/1852 1682/1/1843 1584/1/1877
f 1454/1/1875 1582/1/1876 1689/1/1651 1585/1/1852
f 1455/1/1878 1586/1/1854 1681/1/1838 1584/1/1877
f 1455/1/1878 1587/1/1879 1679/1/1533 1586/1/1854
f 1455/1/1878 1588/1/1842 1680/1/1646 1587/1/1879
f 1455/1/1878 1584/1/1877 1682/1/1843 1588/1/1842
f 1456/1/1880 1589/1/1534 1679/1/1533 1587/1/1879
f 1456/1/1880 1590/1/1881 1683/1/1539 1589/1/1534
f 1456/1/1880 1591/1/1645 1684/1/1640 1590/1/1881
f 1456/1/1880 1587/1/1879 1680/1/1646 1591/1/1645
f 1457/1/1882 1592/1/1860 1683/1/1539 1590/1/1881
f 1457/1/1882 1575/1/1863 1686/1/1847 1592/1/1860
f 1457/1/1882 1593/1/1639 1685/1/1643 1575/1/1863
f 1457/1/1882 1590/1/1881 1684/1/1640 1593/1/1639
f 1458/1/1883 1594/1/1883 1677/1/1872 1580/1/1871
f 1458/1/1884 1595/1/1885 1687/1/1886 1594/1/1886
f 1458/1/1884 1596/1/1565 1688/1/1567 1595/1/1885
f 1458/1/1884 1580/1/1874 1678/1/1563 1596/1/1565
f 1459/1/1887 1597/1/1856 1687/1/1554 1595/1/1885
f 1459/1/1887 1582/1/1876 1690/1/1840 1597/1/1856
f 1459/1/1887 1598/1/1649 1689/1/1651 1582/1/1876
f 1459/1/1887 1595/1/1885 1688/1/1567 1598/1/1649
f 1460/1/1888 1578/1/1867 1685/1/1643 1599/1/1642
f 1460/1/1888 1600/1/1561 1676/1/1560 1578/1/1867
f 615/1/944 1698/1/1889 1699/1/1890 754/1/699
f 615/1/944 755/1/615 1700/1/1891 1698/1/1889
f 602/1/907 1697/1/1892 1706/1/1893 768/1/707
f 602/1/907 762/1/898 1703/1/1894 1697/1/1892
f 600/1/897 1696/1/1895 1703/1/1894 762/1/898
f 600/1/897 763/1/701 1704/1/1896 1696/1/1895
f 554/1/704 1695/1/1897 1702/1/1898 761/1/623
f 554/1/704 768/1/707 1706/1/1893 1695/1/1897
f 553/1/700 1694/1/1899 1704/1/1896 763/1/701
f 553/1/700 767/1/695 1705/1/1900 1694/1/1899
f 552/1/694 1693/1/1901 1705/1/1900 767/1/695
f 552/1/694 754/1/699 1699/1/1890 1693/1/1901
f 541/1/620 1692/1/1902 1701/1/1903 758/1/619
f 541/1/620 761/1/623 1702/1/1898 1692/1/1902
f 540/1/614 1691/1/1904 1700/1/1891 755/1/615
f 540/1/614 758/1/619 1701/1/1903 1691/1/1904
f 1460/1/1888 1599/1/1642 1715/1/1905 1714/1/1906
f 1460/1/1888 1714/1/1906 1716/1/1907 1600/1/1561
f 1447/1/1851 1613/1/1650 1722/1/1908 1713/1/1909
f 1447/1/1851 1713/1/1909 1719/1/1910 1607/1/1844
f 1445/1/1841 1607/1/1844 1719/1/1910 1712/1/1911
f 1445/1/1841 1712/1/1911 1720/1/1912 1608/1/1647
f 1399/1/1648 1606/1/1566 1718/1/1913 1711/1/1914
f 1399/1/1648 1711/1/1914 1722/1/1908 1613/1/1650
f 1398/1/1644 1608/1/1647 1720/1/1912 1710/1/1915
f 1398/1/1644 1710/1/1915 1721/1/1916 1612/1/1641
f 1397/1/1638 1612/1/1641 1721/1/1916 1709/1/1917
f 1397/1/1638 1709/1/1917 1715/1/1905 1599/1/1642
f 1386/1/1564 1603/1/1562 1717/1/1918 1708/1/1919
f 1386/1/1564 1708/1/1919 1718/1/1913 1606/1/1566
f 1385/1/1558 1600/1/1561 1716/1/1907 1707/1/1920
f 1385/1/1558 1707/1/1920 1717/1/1918 1603/1/1562
f 1843/1/1921 1856/1/1922 1784/1/1923 1753/1/1924
f 1844/1/1925 1765/1/1926 1783/1/1927 1860/1/1928
f 1832/1/1929 1749/1/1930 1782/1/1931 1852/1/1932
f 1783/1/1927 1765/1/1926 1830/1/1933 1850/1/1934
f 1838/1/1935 1756/1/1936 1773/1/1937 1849/1/1938
f 1774/1/1939 1750/1/1940 1833/1/1941 1846/1/1942
f 1834/1/1943 1848/1/1944 1773/1/1937 1756/1/1936
f 1846/1/1942 1833/1/1941 1751/1/1945 1772/1/1946
f 1835/1/1947 1853/1/1948 1782/1/1931 1749/1/1930
f 1854/1/1949 1834/1/1943 1757/1/1950 1781/1/1951
f 1832/1/1929 1852/1/1932 1781/1/1951 1757/1/1950
f 1839/1/1952 1840/1/1953 1787/1/1954 1786/1/1955
f 1723/1/1956 1756/1/1936 1838/1/1935 1751/1/1945
f 1723/1/1956 1751/1/1945 1833/1/1941 1752/1/1957
f 1723/1/1956 1752/1/1957 1832/1/1929 1757/1/1950
f 1723/1/1956 1757/1/1950 1834/1/1943 1756/1/1936
f 1724/1/1958 1750/1/1940 1836/1/1959 1748/1/1960
f 1724/1/1958 1748/1/1960 1835/1/1947 1749/1/1930
f 1724/1/1958 1749/1/1930 1832/1/1929 1752/1/1957
f 1724/1/1958 1752/1/1957 1833/1/1941 1750/1/1940
f 1838/1/1935 1849/1/1938 1772/1/1946 1751/1/1945
f 1858/1/1961 1890/1/1962 1775/1/1963 1780/1/1964
f 1864/1/1965 1850/1/1934 1787/1/1954 1785/1/1966
f 1841/1/1967 1899/1/1968 1760/1/1969 1761/1/1970
f 1850/1/1934 1830/1/1933 1786/1/1955 1787/1/1954
f 1855/1/1971 1841/1/1967 1761/1/1970 1759/1/1972
f 1839/1/1952 1759/1/1972 1761/1/1970 1840/1/1953
f 1843/1/1921 1764/1/1973 1789/1/1974 1856/1/1922
f 1840/1/1953 1761/1/1970 1760/1/1969 1876/1/1975
f 1857/1/1976 1854/1/1949 1863/1/1977 1889/1/1978
f 1725/1/1979 1755/1/1980 1829/1/1981 1763/1/1982
f 1725/1/1979 1763/1/1982 1842/1/1983 1767/1/1984
f 1725/1/1979 1767/1/1984 1845/1/1985 1758/1/1986
f 1725/1/1979 1758/1/1986 1837/1/1987 1755/1/1980
f 1726/1/1988 1745/1/1989 1837/1/1987 1758/1/1986
f 1726/1/1988 1758/1/1986 1845/1/1985 1768/1/1990
f 1726/1/1988 1768/1/1990 1843/1/1921 1753/1/1924
f 1726/1/1988 1753/1/1924 1831/1/1991 1745/1/1989
f 1727/1/1992 1763/1/1982 1829/1/1981 1744/1/1993
f 1727/1/1992 1744/1/1993 1830/1/1933 1765/1/1926
f 1727/1/1992 1765/1/1926 1844/1/1925 1769/1/1994
f 1727/1/1992 1769/1/1994 1842/1/1983 1763/1/1982
f 1728/1/1995 1767/1/1984 1842/1/1983 1770/1/1996
f 1728/1/1995 1770/1/1996 1846/1/1942 1772/1/1946
f 1728/1/1995 1772/1/1946 1849/1/1938 1766/1/1997
f 1728/1/1995 1766/1/1997 1845/1/1985 1767/1/1984
f 1729/1/1998 1768/1/1990 1845/1/1985 1766/1/1997
f 1729/1/1998 1766/1/1997 1849/1/1938 1773/1/1937
f 1729/1/1998 1773/1/1937 1848/1/1944 1764/1/1973
f 1729/1/1998 1764/1/1973 1843/1/1921 1768/1/1990
f 1730/1/1999 1770/1/1996 1842/1/1983 1769/1/1994
f 1730/1/1999 1769/1/1994 1844/1/1925 1771/1/2000
f 1730/1/1999 1771/1/2000 1847/1/2001 1774/1/1939
f 1730/1/1999 1774/1/1939 1846/1/1942 1770/1/1996
f 1844/1/1925 1860/1/1928 1779/1/2002 1771/1/2000
f 1789/1/1974 1764/1/1973 1848/1/1944 1857/1/1976
f 1860/1/1928 1892/1/2003 1776/1/2004 1779/1/2002
f 1853/1/1948 1780/1/1964 1775/1/1963 1862/1/2005
f 1858/1/1961 1859/1/2006 1891/1/2007 1890/1/1962
f 1836/1/1959 1858/1/1961 1780/1/1964 1748/1/1960
f 1859/1/2006 1779/1/2002 1776/1/2004 1891/1/2007
f 1857/1/1976 1889/1/1978 1790/1/2008 1789/1/1974
f 1847/1/2001 1771/1/2000 1779/1/2002 1859/1/2006
f 1836/1/1959 1847/1/2001 1859/1/2006 1858/1/1961
f 1831/1/1991 1851/1/2009 1777/1/2010 1778/1/2011
f 1835/1/1947 1748/1/1960 1780/1/1964 1853/1/1948
f 1848/1/1944 1834/1/1943 1854/1/1949 1857/1/1976
f 1885/1/2012 1870/1/2013 1795/1/2014 1816/1/2015
f 1851/1/2009 1866/1/2016 1762/1/2017 1777/1/2010
f 1789/1/1974 1790/1/2008 1884/1/2018 1856/1/1922
f 1841/1/1967 1777/1/2010 1762/1/2017 1899/1/1968
f 1863/1/1977 1854/1/1949 1781/1/1951 1754/1/2019
f 1855/1/1971 1778/1/2011 1777/1/2010 1841/1/1967
f 1881/1/2020 1798/1/2021 1824/1/2022 1900/1/2023
f 1852/1/1932 1861/1/2024 1754/1/2019 1781/1/1951
f 1852/1/1932 1782/1/1931 1743/1/2025 1861/1/2024
f 1853/1/1948 1862/1/2005 1743/1/2025 1782/1/1931
f 1860/1/1928 1783/1/1927 1746/1/2026 1892/1/2003
f 1851/1/2009 1784/1/1923 1747/1/2027 1866/1/2016
f 1746/1/2026 1783/1/1927 1850/1/1934 1864/1/1965
f 1856/1/1922 1884/1/2018 1747/1/2027 1784/1/1923
f 1864/1/1965 1785/1/1966 1826/1/2028 1893/1/2029
f 1731/1/2030 1745/1/1989 1831/1/1991 1778/1/2011
f 1731/1/2030 1778/1/2011 1855/1/1971 1788/1/2031
f 1731/1/2030 1788/1/2031 1829/1/1981 1755/1/1980
f 1731/1/2030 1755/1/1980 1837/1/1987 1745/1/1989
f 1732/1/2032 1744/1/1993 1829/1/1981 1788/1/2031
f 1732/1/2032 1788/1/2031 1855/1/1971 1759/1/1972
f 1732/1/2032 1759/1/1972 1839/1/1952 1786/1/1955
f 1732/1/2032 1786/1/1955 1830/1/1933 1744/1/1993
f 1893/1/2029 1867/1/2033 1807/1/2034 1823/1/2035
f 1824/1/2022 1798/1/2021 1868/1/2036 1894/1/2037
f 1882/1/2038 1904/1/2039 1823/1/2035 1807/1/2034
f 1872/1/2040 1794/1/2041 1822/1/2042 1896/1/2043
f 1886/1/2044 1816/1/2015 1795/1/2014 1873/1/2045
f 1871/1/2046 1800/1/2047 1815/1/2048 1887/1/2049
f 1875/1/2050 1796/1/2051 1814/1/2052 1888/1/2053
f 1815/1/2048 1800/1/2047 1875/1/2050 1888/1/2053
f 1869/1/2054 1801/1/2055 1821/1/2056 1895/1/2057
f 1822/1/2042 1794/1/2041 1869/1/2054 1895/1/2057
f 1893/1/2029 1826/1/2028 1825/1/2058 1867/1/2033
f 1821/1/2056 1801/1/2055 1871/1/2046 1897/1/2059
f 1733/1/2060 1796/1/2051 1875/1/2050 1800/1/2047
f 1733/1/2060 1800/1/2047 1871/1/2046 1801/1/2055
f 1733/1/2060 1801/1/2055 1869/1/2054 1797/1/2061
f 1733/1/2060 1797/1/2061 1870/1/2013 1796/1/2051
f 1734/1/2062 1793/1/2063 1873/1/2045 1795/1/2014
f 1734/1/2062 1795/1/2014 1870/1/2013 1797/1/2061
f 1734/1/2062 1797/1/2061 1869/1/2054 1794/1/2041
f 1734/1/2062 1794/1/2041 1872/1/2040 1793/1/2063
f 1896/1/2043 1862/1/2005 1775/1/1963 1820/1/2064
f 1814/1/2052 1796/1/2051 1870/1/2013 1885/1/2012
f 1878/1/2065 1876/1/1975 1760/1/1969 1804/1/2066
f 1826/1/2028 1785/1/1966 1876/1/1975 1878/1/2065
f 1877/1/2067 1878/1/2065 1804/1/2066 1803/1/2068
f 1825/1/2058 1826/1/2028 1878/1/2065 1877/1/2067
f 1887/1/2049 1806/1/2069 1828/1/2070 1901/1/2071
f 1803/1/2068 1804/1/2066 1879/1/2072 1898/1/2073
f 1863/1/1977 1897/1/2059 1901/1/2071 1889/1/1978
f 1804/1/2066 1760/1/1969 1899/1/1968 1879/1/2072
f 1735/1/2074 1805/1/2075 1865/1/2076 1799/1/2077
f 1735/1/2074 1799/1/2077 1874/1/2078 1802/1/2079
f 1735/1/2074 1802/1/2079 1883/1/2080 1809/1/2081
f 1735/1/2074 1809/1/2081 1880/1/2082 1805/1/2075
f 1736/1/2083 1802/1/2079 1874/1/2078 1792/1/2084
f 1736/1/2083 1792/1/2084 1868/1/2036 1798/1/2021
f 1736/1/2083 1798/1/2021 1881/1/2020 1810/1/2085
f 1736/1/2083 1810/1/2085 1883/1/2080 1802/1/2079
f 1737/1/2086 1791/1/2087 1865/1/2076 1805/1/2075
f 1737/1/2086 1805/1/2075 1880/1/2082 1811/1/2088
f 1737/1/2086 1811/1/2088 1882/1/2038 1807/1/2034
f 1737/1/2086 1807/1/2034 1867/1/2033 1791/1/2087
f 1738/1/2089 1812/1/2090 1880/1/2082 1809/1/2081
f 1738/1/2089 1809/1/2081 1883/1/2080 1808/1/2091
f 1738/1/2089 1808/1/2091 1888/1/2053 1814/1/2052
f 1738/1/2089 1814/1/2052 1885/1/2012 1812/1/2090
f 1739/1/2092 1808/1/2091 1883/1/2080 1810/1/2085
f 1739/1/2092 1810/1/2085 1881/1/2020 1806/1/2069
f 1739/1/2092 1806/1/2069 1887/1/2049 1815/1/2048
f 1739/1/2092 1815/1/2048 1888/1/2053 1808/1/2091
f 1740/1/2093 1811/1/2088 1880/1/2082 1812/1/2090
f 1740/1/2093 1812/1/2090 1885/1/2012 1816/1/2015
f 1740/1/2093 1816/1/2015 1886/1/2044 1813/1/2094
f 1740/1/2093 1813/1/2094 1882/1/2038 1811/1/2088
f 1881/1/2020 1900/1/2023 1828/1/2070 1806/1/2069
f 1886/1/2044 1903/1/2095 1819/1/2096 1813/1/2094
f 1903/1/2095 1891/1/2007 1776/1/2004 1819/1/2096
f 1890/1/1962 1891/1/2007 1903/1/2095 1902/1/2097
f 1820/1/2064 1775/1/1963 1890/1/1962 1902/1/2097
f 1872/1/2040 1896/1/2043 1820/1/2064 1793/1/2063
f 1900/1/2023 1884/1/2018 1790/1/2008 1828/1/2070
f 1819/1/2096 1776/1/2004 1892/1/2003 1904/1/2039
f 1903/1/2095 1886/1/2044 1873/1/2045 1902/1/2097
f 1813/1/2094 1819/1/2096 1904/1/2039 1882/1/2038
f 1898/1/2073 1879/1/2072 1817/1/2098 1818/1/2099
f 1897/1/2059 1871/1/2046 1887/1/2049 1901/1/2071
f 1793/1/2063 1820/1/2064 1902/1/2097 1873/1/2045
f 1901/1/2071 1828/1/2070 1790/1/2008 1889/1/1978
f 1879/1/2072 1899/1/1968 1762/1/2017 1817/1/2098
f 1895/1/2057 1821/1/2056 1754/1/2019 1861/1/2024
f 1817/1/2098 1762/1/2017 1866/1/2016 1894/1/2037
f 1818/1/2099 1817/1/2098 1894/1/2037 1868/1/2036
f 1896/1/2043 1822/1/2042 1743/1/2025 1862/1/2005
f 1754/1/2019 1821/1/2056 1897/1/2059 1863/1/1977
f 1864/1/1965 1893/1/2029 1823/1/2035 1746/1/2026
f 1743/1/2025 1822/1/2042 1895/1/2057 1861/1/2024
f 1904/1/2039 1892/1/2003 1746/1/2026 1823/1/2035
f 1900/1/2023 1824/1/2022 1747/1/2027 1884/1/2018
f 1747/1/2027 1824/1/2022 1894/1/2037 1866/1/2016
f 1741/1/2100 1818/1/2099 1868/1/2036 1792/1/2084
f 1741/1/2100 1792/1/2084 1874/1/2078 1799/1/2077
f 1741/1/2100 1799/1/2077 1865/1/2076 1827/1/2101
f 1741/1/2100 1827/1/2101 1898/1/2073 1818/1/2099
f 1742/1/2102 1827/1/2101 1865/1/2076 1791/1/2087
f 1742/1/2102 1791/1/2087 1867/1/2033 1825/1/2058
f 1742/1/2102 1825/1/2058 1877/1/2067 1803/1/2068
f 1742/1/2102 1803/1/2068 1898/1/2073 1827/1/2101
f 1847/1/2001 1836/1/1959 1750/1/1940 1774/1/1939
f 1840/1/1953 1876/1/1975 1785/1/1966 1787/1/1954
f 1831/1/1991 1753/1/1924 1784/1/1923 1851/1/2009
f 1905/2/2103 1956/2/2104 1998/2/2105 1945/2/2106
f 1905/2/2103 1945/2/2106 1996/2/2107 1955/2/2108
f 1905/2/2103 1955/2/2108 2000/2/2109 1953/2/2110
f 1905/2/2103 1953/2/2110 2002/2/2111 1956/2/2104
f 1906/2/2112 1948/2/2113 1991/2/2114 1938/2/2115
f 1906/2/2112 1938/2/2115 1993/2/2116 1947/2/2117
f 1906/2/2112 1947/2/2117 1997/2/2118 1946/2/2119
f 1906/2/2112 1946/2/2119 1995/2/2120 1948/2/2113
f 1907/2/2121 1940/2/2122 1988/2/2123 1934/2/2124
f 1907/2/2121 1934/2/2124 1990/2/2125 1939/2/2126
f 1907/2/2121 1939/2/2126 1993/2/2116 1938/2/2115
f 1907/2/2121 1938/2/2115 1991/2/2114 1940/2/2122
f 1908/2/2127 1939/2/2128 1990/2/2129 1932/2/2130
f 1908/2/2127 1932/2/2130 1989/2/2131 1941/2/2132
f 1908/2/2127 1941/2/2132 1994/2/2133 1936/2/2134
f 1908/2/2127 1936/2/2134 1993/2/2116 1939/2/2128
f 1909/2/2135 1941/2/2136 1989/2/2137 1933/2/2138
f 1909/2/2135 1933/2/2138 1987/2/2139 1942/2/2140
f 1909/2/2135 1942/2/2140 1992/2/2141 1937/2/2142
f 1909/2/2135 1937/2/2142 1994/2/2143 1941/2/2136
f 1910/2/2144 1942/2/2145 1987/2/2146 1931/2/2147
f 1910/2/2144 1931/2/2147 1988/2/2148 1940/2/2149
f 1910/2/2144 1940/2/2149 1991/2/2150 1935/2/2151
f 1910/2/2144 1935/2/2151 1992/2/2152 1942/2/2145
f 1911/2/2153 1947/2/2117 1993/2/2116 1936/2/2134
f 1911/2/2153 1936/2/2134 1994/2/2133 1949/2/2154
f 1911/2/2153 1949/2/2154 1998/2/2105 1944/2/2155
f 1911/2/2153 1944/2/2155 1997/2/2118 1947/2/2117
f 1912/2/2156 1949/2/2157 1994/2/2143 1937/2/2142
f 1912/2/2156 1937/2/2142 1992/2/2141 1950/2/2158
f 1912/2/2156 1950/2/2158 1996/2/2107 1945/2/2106
f 1912/2/2156 1945/2/2106 1998/2/2105 1949/2/2157
f 1913/2/2159 1950/2/2160 1992/2/2152 1935/2/2151
f 1913/2/2159 1935/2/2151 1991/2/2150 1948/2/2161
f 1913/2/2159 1948/2/2161 1995/2/2162 1943/2/2163
f 1913/2/2159 1943/2/2163 1996/2/2164 1950/2/2160
f 1914/2/2165 1953/2/2110 2000/2/2109 1951/2/2166
f 1914/2/2167 1951/2/2166 1999/2/2168 1954/2/2169
f 1914/2/2170 1954/2/2171 2001/2/2172 1952/2/2173
f 1914/2/2174 1952/2/2173 2002/2/2111 1953/2/2110
f 1915/2/2175 1955/2/2176 1996/2/2164 1943/2/2163
f 1915/2/2175 1943/2/2163 1995/2/2162 1957/2/2177
f 1915/2/2175 1957/2/2177 1999/2/2168 1951/2/2166
f 1915/2/2175 1951/2/2166 2000/2/2109 1955/2/2176
f 1916/2/2178 1957/2/2179 1995/2/2120 1946/2/2119
f 1916/2/2178 1946/2/2119 1997/2/2118 1958/2/2180
f 1916/2/2178 1958/2/2180 2001/2/2172 1954/2/2171
f 1916/2/2178 1954/2/2169 1999/2/2168 1957/2/2179
f 1917/2/2181 1958/2/2180 1997/2/2118 1944/2/2155
f 1917/2/2181 1944/2/2155 1998/2/2105 1956/2/2104
f 1917/2/2181 1956/2/2104 2002/2/2111 1952/2/2173
f 1917/2/2181 1952/2/2173 2001/2/2172 1958/2/2180
f 1918/2/2182 1973/2/2183 2014/2/2184 1984/2/2185
f 1918/2/2182 1984/2/2185 2018/2/2186 1981/2/2187
f 1918/2/2182 1981/2/2187 2016/2/2188 1983/2/2189
f 1918/2/2182 1983/2/2189 2012/2/2190 1973/2/2183
f 1919/2/2191 1966/2/2192 2007/2/2193 1976/2/2194
f 1919/2/2191 1976/2/2194 2011/2/2195 1974/2/2196
f 1919/2/2191 1974/2/2196 2013/2/2197 1975/2/2198
f 1919/2/2191 1975/2/2198 2009/2/2199 1966/2/2192
f 1920/2/2200 1962/2/2201 2004/2/2202 1968/2/2203
f 1920/2/2200 1968/2/2203 2007/2/2193 1966/2/2192
f 1920/2/2200 1966/2/2192 2009/2/2199 1967/2/2204
f 1920/2/2200 1967/2/2204 2006/2/2205 1962/2/2201
f 1921/2/2206 1960/2/2207 2006/2/2208 1967/2/2209
f 1921/2/2206 1967/2/2209 2009/2/2199 1964/2/2210
f 1921/2/2206 1964/2/2210 2010/2/2211 1969/2/2212
f 1921/2/2206 1969/2/2212 2005/2/2213 1960/2/2207
f 1922/2/2214 1961/2/2215 2005/2/2216 1969/2/2217
f 1922/2/2214 1969/2/2217 2010/2/2218 1965/2/2219
f 1922/2/2214 1965/2/2219 2008/2/2220 1970/2/2221
f 1922/2/2214 1970/2/2221 2003/2/2222 1961/2/2215
f 1923/2/2223 1959/2/2224 2003/2/2225 1970/2/2226
f 1923/2/2223 1970/2/2226 2008/2/2227 1963/2/2228
f 1923/2/2223 1963/2/2228 2007/2/2229 1968/2/2230
f 1923/2/2223 1968/2/2230 2004/2/2231 1959/2/2224
f 1924/2/2232 1964/2/2210 2009/2/2199 1975/2/2198
f 1924/2/2232 1975/2/2198 2013/2/2197 1972/2/2233
f 1924/2/2232 1972/2/2233 2014/2/2184 1977/2/2234
f 1924/2/2232 1977/2/2234 2010/2/2211 1964/2/2210
f 1925/2/2235 1965/2/2219 2010/2/2218 1977/2/2236
f 1925/2/2235 1977/2/2236 2014/2/2184 1973/2/2183
f 1925/2/2235 1973/2/2183 2012/2/2190 1978/2/2237
f 1925/2/2235 1978/2/2237 2008/2/2220 1965/2/2219
f 1926/2/2238 1963/2/2228 2008/2/2227 1978/2/2239
f 1926/2/2238 1978/2/2239 2012/2/2240 1971/2/2241
f 1926/2/2238 1971/2/2241 2011/2/2242 1976/2/2243
f 1926/2/2238 1976/2/2243 2007/2/2229 1963/2/2228
f 1927/2/2244 1979/2/2245 2016/2/2188 1981/2/2187
f 1927/2/2246 1981/2/2187 2018/2/2186 1980/2/2247
f 1927/2/2248 1980/2/2247 2017/2/2249 1982/2/2250
f 1927/2/2251 1982/2/2252 2015/2/2253 1979/2/2245
f 1928/2/2254 1971/2/2241 2012/2/2240 1983/2/2255
f 1928/2/2254 1983/2/2255 2016/2/2188 1979/2/2245
f 1928/2/2254 1979/2/2245 2015/2/2253 1985/2/2256
f 1928/2/2254 1985/2/2256 2011/2/2242 1971/2/2241
f 1929/2/2257 1974/2/2196 2011/2/2195 1985/2/2258
f 1929/2/2257 1985/2/2258 2015/2/2253 1982/2/2252
f 1929/2/2257 1982/2/2250 2017/2/2249 1986/2/2259
f 1929/2/2257 1986/2/2259 2013/2/2197 1974/2/2196
f 1930/2/2260 1972/2/2233 2013/2/2197 1986/2/2259
f 1930/2/2260 1986/2/2259 2017/2/2249 1980/2/2247
f 1930/2/2260 1980/2/2247 2018/2/2186 1984/2/2185
f 1930/2/2260 1984/2/2185 2014/2/2184 1972/2/2233
f 2021/3/2261 2020/3/2262 2031/3/2263 2032/3/2264
f 2117/3/2265 2027/3/2266 2038/3/2267
f 2196/3/2268 2028/3/2269 2029/3/2270
f 2025/3/2271 2024/3/2272 2035/3/2273 2036/3/2274
f 2022/3/2275 2021/3/2261 2032/3/2264 2033/3/2276
f 2019/3/2277 2196/3/2268 2029/3/2270 2030/3/2278
f 2026/3/2279 2025/3/2271 2036/3/2274 2037/3/2280
f 2023/3/2281 2022/3/2275 2033/3/2276 2034/3/2282
f 2020/3/2262 2019/3/2277 2030/3/2278 2031/3/2263
f 2027/3/2266 2026/3/2279 2037/3/2280 2038/3/2267
f 2195/4/2283 2039/4/2284 2028/4/2269
f 2024/3/2272 2023/3/2281 2034/3/2282 2035/3/2273
f 2037/3/2280 2036/3/2274 2048/3/2285 2049/3/2286
f 2034/3/2282 2033/3/2276 2045/3/2287 2046/3/2288
f 2031/3/2263 2030/3/2278 2042/3/2289 2043/3/2290
f 2038/3/2267 2037/3/2280 2049/3/2286 2050/3/2291
f 2028/4/2269 2039/4/2284 2202/4/2292
f 2035/3/2273 2034/3/2282 2046/3/2288 2047/3/2293
f 2032/3/2264 2031/3/2263 2043/3/2290 2044/3/2294
f 2117/3/2265 2038/3/2267 2050/3/2291
f 2029/3/2270 2028/3/2269 2040/3/2295 2041/3/2296
f 2036/3/2274 2035/3/2273 2047/3/2293 2048/3/2285
f 2033/3/2276 2032/3/2264 2044/3/2294 2045/3/2287
f 2030/3/2278 2029/3/2270 2041/3/2296 2042/3/2289
f 2041/3/2296 2040/3/2295 2051/3/2297 2052/3/2298
f 2048/3/2285 2047/3/2293 2058/3/2299 2059/3/2300
f 2045/3/2287 2044/3/2294 2055/3/2301 2056/3/2302
f 2042/3/2289 2041/3/2296 2052/3/2298 2053/3/2303
f 2049/3/2286 2048/3/2285 2059/3/2300 2060/3/2304
f 2046/3/2288 2045/3/2287 2056/3/2302 2057/3/2305
f 2043/3/2290 2042/3/2289 2053/3/2303 2054/3/2306
f 2050/3/2291 2049/3/2286 2060/3/2304 2061/3/2307
f 2040/3/2295 2202/3/2292 2201/3/2308 2051/3/2297
f 2047/3/2293 2046/3/2288 2057/3/2305 2058/3/2299
f 2044/3/2294 2043/3/2290 2054/3/2306 2055/3/2301
f 2117/3/2265 2050/3/2291 2061/3/2307
f 2061/3/2307 2060/3/2304 2071/3/2309 2072/3/2310
f 2051/3/2297 2201/3/2308 2203/3/2311 2062/3/2312
f 2058/3/2299 2057/3/2305 2068/3/2313 2069/3/2314
f 2055/3/2301 2054/3/2306 2065/3/2315 2066/3/2316
f 2117/3/2265 2061/3/2307 2072/3/2310
f 2052/3/2298 2051/3/2297 2062/3/2312 2063/3/2317
f 2059/3/2300 2058/3/2299 2069/3/2314 2070/3/2318
f 2056/3/2302 2055/3/2301 2066/3/2316 2067/3/2319
f 2053/3/2303 2052/3/2298 2063/3/2317 2064/3/2320
f 2060/3/2304 2059/3/2300 2070/3/2318 2071/3/2309
f 2057/3/2305 2056/3/2302 2067/3/2319 2068/3/2313
f 2054/3/2306 2053/3/2303 2064/3/2320 2065/3/2315
f 2064/3/2320 2063/3/2317 2074/3/2321 2075/3/2322
f 2071/3/2309 2070/3/2318 2081/3/2323 2082/3/2324
f 2068/3/2313 2067/3/2319 2078/3/2325 2079/3/2326
f 2065/3/2315 2064/3/2320 2075/3/2322 2076/3/2327
f 2072/3/2310 2071/3/2309 2082/3/2324 2083/3/2328
f 2062/3/2312 2203/3/2311 2204/3/2329 2073/3/2330
f 2069/3/2314 2068/3/2313 2079/3/2326 2080/3/2331
f 2066/3/2316 2065/3/2315 2076/3/2327 2077/3/2332
f 2117/3/2265 2072/3/2310 2083/3/2328
f 2063/3/2317 2062/3/2312 2073/3/2330 2074/3/2321
f 2070/3/2318 2069/3/2314 2080/3/2331 2081/3/2323
f 2067/3/2319 2066/3/2316 2077/3/2332 2078/3/2325
f 2117/3/2265 2083/3/2328 2094/3/2333
f 2074/3/2321 2073/3/2330 2084/3/2334 2085/3/2335
f 2081/3/2323 2080/3/2331 2091/3/2336 2092/3/2337
f 2078/3/2325 2077/3/2332 2088/3/2338 2089/3/2339
f 2075/3/2322 2074/3/2321 2085/3/2335 2086/3/2340
f 2082/3/2324 2081/3/2323 2092/3/2337 2093/3/2341
f 2079/3/2326 2078/3/2325 2089/3/2339 2090/3/2342
f 2076/3/2327 2075/3/2322 2086/3/2340 2087/3/2343
f 2083/3/2328 2082/3/2324 2093/3/2341 2094/3/2333
f 2073/3/2330 2204/3/2329 2084/3/2334
f 2080/3/2331 2079/3/2326 2090/3/2342 2091/3/2336
f 2077/3/2332 2076/3/2327 2087/3/2343 2088/3/2338
f 2087/3/2343 2086/3/2340 2097/3/2344 2098/3/2345
f 2094/3/2333 2093/3/2341 2104/3/2346 2105/3/2347
f 2084/4/2334 2039/4/2284 2095/4/2348
f 2091/3/2336 2090/3/2342 2101/3/2349 2102/3/2350
f 2088/3/2338 2087/3/2343 2098/3/2345 2099/3/2351
f 2117/3/2265 2094/3/2333 2105/3/2347
f 2085/3/2335 2084/3/2334 2096/3/2352
f 2092/3/2337 2091/3/2336 2102/3/2350 2103/3/2353
f 2089/3/2339 2088/3/2338 2099/3/2351 2100/3/2354
f 2086/3/2340 2085/3/2335 2096/3/2352 2097/3/2344
f 2093/3/2341 2092/3/2337 2103/3/2353 2104/3/2346
f 2090/3/2342 2089/3/2339 2100/3/2354 2101/3/2349
f 2097/3/2344 2096/3/2352 2107/3/2355 2108/3/2356
f 2104/3/2346 2103/3/2353 2114/3/2357 2115/3/2358
f 2101/3/2349 2100/3/2354 2111/3/2359 2112/3/2360
f 2098/3/2345 2097/3/2344 2108/3/2356 2109/3/2361
f 2105/3/2347 2104/3/2346 2115/3/2358 2116/3/2362
f 2095/4/2348 2039/4/2284 2106/4/2363
f 2102/3/2350 2101/3/2349 2112/3/2360 2113/3/2364
f 2099/3/2351 2098/3/2345 2109/3/2361 2110/3/2365
f 2117/3/2265 2105/3/2347 2116/3/2362
f 2096/4/2352 2095/4/2348 2106/4/2363 2107/4/2355
f 2103/3/2353 2102/3/2350 2113/3/2364 2114/3/2357
f 2100/3/2354 2099/3/2351 2110/3/2365 2111/3/2359
f 2110/3/2365 2109/3/2361 2121/3/2366 2122/3/2367
f 2117/3/2265 2116/3/2362 2128/3/2368
f 2107/3/2355 2118/3/2369 2119/3/2370
f 2114/3/2357 2113/3/2364 2125/3/2371 2126/3/2372
f 2111/3/2359 2110/3/2365 2122/3/2367 2123/3/2373
f 2108/3/2356 2107/3/2355 2119/3/2370 2120/3/2374
f 2115/3/2358 2114/3/2357 2126/3/2372 2127/3/2375
f 2112/3/2360 2111/3/2359 2123/3/2373 2124/3/2376
f 2109/3/2361 2108/3/2356 2120/3/2374 2121/3/2366
f 2116/3/2362 2115/3/2358 2127/3/2375 2128/3/2368
f 2106/4/2363 2039/4/2284 2118/4/2369
f 2113/3/2364 2112/3/2360 2124/3/2376 2125/3/2371
f 2121/3/2366 2120/3/2374 2131/3/2377 2132/3/2378
f 2128/3/2368 2127/3/2375 2138/3/2379 2139/3/2380
f 2118/4/2369 2039/4/2284 2198/4/2381
f 2125/3/2371 2124/3/2376 2135/3/2382 2136/3/2383
f 2122/3/2367 2121/3/2366 2132/3/2378 2133/3/2384
f 2117/3/2265 2128/3/2368 2139/3/2380
f 2119/3/2370 2118/3/2369 2129/3/2385 2130/3/2386
f 2126/3/2372 2125/3/2371 2136/3/2383 2137/3/2387
f 2123/3/2373 2122/3/2367 2133/3/2384 2134/3/2388
f 2120/3/2374 2119/3/2370 2130/3/2386 2131/3/2377
f 2127/3/2375 2126/3/2372 2137/3/2387 2138/3/2379
f 2124/3/2376 2123/3/2373 2134/3/2388 2135/3/2382
f 2134/3/2388 2133/3/2384 2144/3/2389 2145/3/2390
f 2131/3/2377 2130/3/2386 2141/3/2391 2142/3/2392
f 2138/3/2379 2137/3/2387 2148/3/2393 2149/3/2394
f 2135/3/2382 2134/3/2388 2145/3/2390 2146/3/2395
f 2132/3/2378 2131/3/2377 2142/3/2392 2143/3/2396
f 2139/3/2380 2138/3/2379 2149/3/2394 2150/3/2397
f 2129/3/2385 2198/3/2381 2200/3/2398 2140/3/2399
f 2136/3/2383 2135/3/2382 2146/3/2395 2147/3/2400
f 2133/3/2384 2132/3/2378 2143/3/2396 2144/3/2389
f 2117/3/2265 2139/3/2380 2150/3/2397
f 2130/3/2386 2129/3/2385 2140/3/2399 2141/3/2391
f 2137/3/2387 2136/3/2383 2147/3/2400 2148/3/2393
f 2144/3/2389 2143/3/2396 2154/3/2401 2155/3/2402
f 2117/3/2265 2150/3/2397 2161/3/2403
f 2141/3/2391 2140/3/2399 2151/3/2404 2152/3/2405
f 2148/3/2393 2147/3/2400 2158/3/2406 2159/3/2407
f 2145/3/2390 2144/3/2389 2155/3/2402 2156/3/2408
f 2142/3/2392 2141/3/2391 2152/3/2405 2153/3/2409
f 2149/3/2394 2148/3/2393 2159/3/2407 2160/3/2410
f 2146/3/2395 2145/3/2390 2156/3/2408 2157/3/2411
f 2143/3/2396 2142/3/2392 2153/3/2409 2154/3/2401
f 2150/3/2397 2149/3/2394 2160/3/2410 2161/3/2403
f 2140/3/2399 2200/3/2398 2197/3/2412 2151/3/2404
f 2147/3/2400 2146/3/2395 2157/3/2411 2158/3/2406
f 2157/3/2411 2156/3/2408 2167/3/2413 2168/3/2414
f 2154/3/2401 2153/3/2409 2164/3/2415 2165/3/2416
f 2161/3/2403 2160/3/2410 2171/3/2417 2172/3/2418
f 2151/3/2404 2197/3/2412 2199/3/2419 2162/3/2420
f 2158/3/2406 2157/3/2411 2168/3/2414 2169/3/2421
f 2155/3/2402 2154/3/2401 2165/3/2416 2166/3/2422
f 2117/3/2265 2161/3/2403 2172/3/2418
f 2152/3/2405 2151/3/2404 2162/3/2420 2163/3/2423
f 2159/3/2407 2158/3/2406 2169/3/2421 2170/3/2424
f 2156/3/2408 2155/3/2402 2166/3/2422 2167/3/2413
f 2153/3/2409 2152/3/2405 2163/3/2423 2164/3/2415
f 2160/3/2410 2159/3/2407 2170/3/2424 2171/3/2417
f 2167/3/2413 2166/3/2422 2177/3/2425 2178/3/2426
f 2164/3/2415 2163/3/2423 2174/3/2427 2175/3/2428
f 2171/3/2417 2170/3/2424 2181/3/2429 2182/3/2430
f 2168/3/2414 2167/3/2413 2178/3/2426 2179/3/2431
f 2165/3/2416 2164/3/2415 2175/3/2428 2176/3/2432
f 2172/3/2418 2171/3/2417 2182/3/2430 2183/3/2433
f 2162/3/2420 2199/3/2419 2173/3/2434
f 2169/3/2421 2168/3/2414 2179/3/2431 2180/3/2435
f 2166/3/2422 2165/3/2416 2176/3/2432 2177/3/2425
f 2117/3/2265 2172/3/2418 2183/3/2433
f 2163/3/2423 2162/3/2420 2173/3/2434 2174/3/2427
f 2170/3/2424 2169/3/2421 2180/3/2435 2181/3/2429
f 2180/3/2435 2179/3/2431 2190/3/2436 2191/3/2437
f 2177/3/2425 2176/3/2432 2187/3/2438 2188/3/2439
f 2117/3/2265 2183/3/2433 2194/3/2440
f 2174/3/2427 2173/3/2434 2185/3/2441
f 2181/3/2429 2180/3/2435 2191/3/2437 2192/3/2442
f 2178/3/2426 2177/3/2425 2188/3/2439 2189/3/2443
f 2175/3/2428 2174/3/2427 2185/3/2441 2186/3/2444
f 2182/3/2430 2181/3/2429 2192/3/2442 2193/3/2445
f 2179/3/2431 2178/3/2426 2189/3/2443 2190/3/2436
f 2176/3/2432 2175/3/2428 2186/3/2444 2187/3/2438
f 2183/3/2433 2182/3/2430 2193/3/2445 2194/3/2440
f 2190/3/2436 2189/3/2443 2022/3/2275 2023/3/2281
f 2187/3/2438 2186/3/2444 2019/3/2277 2020/3/2262
f 2194/3/2440 2193/3/2445 2026/3/2279 2027/3/2266
f 2184/4/2446 2039/4/2284 2195/4/2283
f 2191/3/2437 2190/3/2436 2023/3/2281 2024/3/2272
f 2188/3/2439 2187/3/2438 2020/3/2262 2021/3/2261
f 2117/3/2265 2194/3/2440 2027/3/2266
f 2185/4/2441 2184/4/2446 2195/4/2283 2196/4/2268
f 2192/3/2442 2191/3/2437 2024/3/2272 2025/3/2271
f 2189/3/2443 2188/3/2439 2021/3/2261 2022/3/2275
f 2186/3/2444 2185/3/2441 2196/3/2268 2019/3/2277
f 2193/3/2445 2192/3/2442 2025/3/2271 2026/3/2279
f 2197/4/2412 2200/4/2398 2039/4/2284
f 2118/4/2369 2107/4/2355 2106/4/2363
f 2200/4/2398 2198/4/2381 2039/4/2284
f 2173/4/2434 2039/4/2284 2184/4/2446
f 2199/4/2419 2197/4/2412 2039/4/2284
f 2185/4/2441 2173/4/2434 2184/4/2446
f 2198/3/2381 2129/3/2385 2118/3/2369
f 2173/4/2434 2199/4/2419 2039/4/2284
f 2202/3/2292 2040/3/2295 2028/3/2269
f 2028/4/2269 2196/4/2268 2195/4/2283
f 2203/4/2311 2201/4/2308 2039/4/2284
f 2096/4/2352 2084/4/2334 2095/4/2348
f 2084/4/2334 2204/4/2329 2039/4/2284
f 2201/4/2308 2202/4/2292 2039/4/2284
f 2204/4/2329 2203/4/2311 2039/4/2284
f 2207/3/2447 2218/3/2448 2217/3/2449 2206/3/2450
f 2303/3/2451 2224/3/2452 2213/3/2453
f 2382/3/2454 2215/3/2455 2214/3/2456
f 2211/3/2457 2222/3/2458 2221/3/2459 2210/3/2460
f 2208/3/2461 2219/3/2462 2218/3/2448 2207/3/2447
f 2205/3/2463 2216/3/2464 2215/3/2455 2382/3/2454
f 2212/3/2465 2223/3/2466 2222/3/2458 2211/3/2457
f 2209/3/2467 2220/3/2468 2219/3/2462 2208/3/2461
f 2206/3/2450 2217/3/2449 2216/3/2464 2205/3/2463
f 2213/3/2453 2224/3/2452 2223/3/2466 2212/3/2465
f 2381/4/2469 2214/4/2456 2225/4/2470
f 2210/3/2460 2221/3/2459 2220/3/2468 2209/3/2467
f 2223/3/2466 2235/3/2471 2234/3/2472 2222/3/2458
f 2220/3/2468 2232/3/2473 2231/3/2474 2219/3/2462
f 2217/3/2449 2229/3/2475 2228/3/2476 2216/3/2464
f 2224/3/2452 2236/3/2477 2235/3/2471 2223/3/2466
f 2214/4/2456 2388/4/2478 2225/4/2470
f 2221/3/2459 2233/3/2479 2232/3/2473 2220/3/2468
f 2218/3/2448 2230/3/2480 2229/3/2475 2217/3/2449
f 2303/3/2451 2236/3/2477 2224/3/2452
f 2215/3/2455 2227/3/2481 2226/3/2482 2214/3/2456
f 2222/3/2458 2234/3/2472 2233/3/2479 2221/3/2459
f 2219/3/2462 2231/3/2474 2230/3/2480 2218/3/2448
f 2216/3/2464 2228/3/2476 2227/3/2481 2215/3/2455
f 2227/3/2481 2238/3/2483 2237/3/2484 2226/3/2482
f 2234/3/2472 2245/3/2485 2244/3/2486 2233/3/2479
f 2231/3/2474 2242/3/2487 2241/3/2488 2230/3/2480
f 2228/3/2476 2239/3/2489 2238/3/2483 2227/3/2481
f 2235/3/2471 2246/3/2490 2245/3/2485 2234/3/2472
f 2232/3/2473 2243/3/2491 2242/3/2487 2231/3/2474
f 2229/3/2475 2240/3/2492 2239/3/2489 2228/3/2476
f 2236/3/2477 2247/3/2493 2246/3/2490 2235/3/2471
f 2226/3/2482 2237/3/2484 2387/3/2494 2388/3/2478
f 2233/3/2479 2244/3/2486 2243/3/2491 2232/3/2473
f 2230/3/2480 2241/3/2488 2240/3/2492 2229/3/2475
f 2303/3/2451 2247/3/2493 2236/3/2477
f 2247/3/2493 2258/3/2495 2257/3/2496 2246/3/2490
f 2237/3/2484 2248/3/2497 2389/3/2498 2387/3/2494
f 2244/3/2486 2255/3/2499 2254/3/2500 2243/3/2491
f 2241/3/2488 2252/3/2501 2251/3/2502 2240/3/2492
f 2303/3/2451 2258/3/2495 2247/3/2493
f 2238/3/2483 2249/3/2503 2248/3/2497 2237/3/2484
f 2245/3/2485 2256/3/2504 2255/3/2499 2244/3/2486
f 2242/3/2487 2253/3/2505 2252/3/2501 2241/3/2488
f 2239/3/2489 2250/3/2506 2249/3/2503 2238/3/2483
f 2246/3/2490 2257/3/2496 2256/3/2504 2245/3/2485
f 2243/3/2491 2254/3/2500 2253/3/2505 2242/3/2487
f 2240/3/2492 2251/3/2502 2250/3/2506 2239/3/2489
f 2250/3/2506 2261/3/2507 2260/3/2508 2249/3/2503
f 2257/3/2496 2268/3/2509 2267/3/2510 2256/3/2504
f 2254/3/2500 2265/3/2511 2264/3/2512 2253/3/2505
f 2251/3/2502 2262/3/2513 2261/3/2507 2250/3/2506
f 2258/3/2495 2269/3/2514 2268/3/2509 2257/3/2496
f 2248/3/2497 2259/3/2515 2390/3/2516 2389/3/2498
f 2255/3/2499 2266/3/2517 2265/3/2511 2254/3/2500
f 2252/3/2501 2263/3/2518 2262/3/2513 2251/3/2502
f 2303/3/2451 2269/3/2514 2258/3/2495
f 2249/3/2503 2260/3/2508 2259/3/2515 2248/3/2497
f 2256/3/2504 2267/3/2510 2266/3/2517 2255/3/2499
f 2253/3/2505 2264/3/2512 2263/3/2518 2252/3/2501
f 2303/3/2451 2280/3/2519 2269/3/2514
f 2260/3/2508 2271/3/2520 2270/3/2521 2259/3/2515
f 2267/3/2510 2278/3/2522 2277/3/2523 2266/3/2517
f 2264/3/2512 2275/3/2524 2274/3/2525 2263/3/2518
f 2261/3/2507 2272/3/2526 2271/3/2520 2260/3/2508
f 2268/3/2509 2279/3/2527 2278/3/2522 2267/3/2510
f 2265/3/2511 2276/3/2528 2275/3/2524 2264/3/2512
f 2262/3/2513 2273/3/2529 2272/3/2526 2261/3/2507
f 2269/3/2514 2280/3/2519 2279/3/2527 2268/3/2509
f 2259/3/2515 2270/3/2521 2390/3/2516
f 2266/3/2517 2277/3/2523 2276/3/2528 2265/3/2511
f 2263/3/2518 2274/3/2525 2273/3/2529 2262/3/2513
f 2273/3/2529 2284/3/2530 2283/3/2531 2272/3/2526
f 2280/3/2519 2291/3/2532 2290/3/2533 2279/3/2527
f 2270/4/2521 2281/4/2534 2225/4/2470
f 2277/3/2523 2288/3/2535 2287/3/2536 2276/3/2528
f 2274/3/2525 2285/3/2537 2284/3/2530 2273/3/2529
f 2303/3/2451 2291/3/2532 2280/3/2519
f 2271/3/2520 2282/3/2538 2270/3/2521
f 2278/3/2522 2289/3/2539 2288/3/2535 2277/3/2523
f 2275/3/2524 2286/3/2540 2285/3/2537 2274/3/2525
f 2272/3/2526 2283/3/2531 2282/3/2538 2271/3/2520
f 2279/3/2527 2290/3/2533 2289/3/2539 2278/3/2522
f 2276/3/2528 2287/3/2536 2286/3/2540 2275/3/2524
f 2283/3/2531 2294/3/2541 2293/3/2542 2282/3/2538
f 2290/3/2533 2301/3/2543 2300/3/2544 2289/3/2539
f 2287/3/2536 2298/3/2545 2297/3/2546 2286/3/2540
f 2284/3/2530 2295/3/2547 2294/3/2541 2283/3/2531
f 2291/3/2532 2302/3/2548 2301/3/2543 2290/3/2533
f 2281/4/2534 2292/4/2549 2225/4/2470
f 2288/3/2535 2299/3/2550 2298/3/2545 2287/3/2536
f 2285/3/2537 2296/3/2551 2295/3/2547 2284/3/2530
f 2303/3/2451 2302/3/2548 2291/3/2532
f 2282/4/2538 2293/4/2542 2292/4/2549 2281/4/2534
f 2289/3/2539 2300/3/2544 2299/3/2550 2288/3/2535
f 2286/3/2540 2297/3/2546 2296/3/2551 2285/3/2537
f 2296/3/2551 2308/3/2552 2307/3/2553 2295/3/2547
f 2303/3/2451 2314/3/2554 2302/3/2548
f 2293/3/2542 2305/3/2555 2304/3/2556
f 2300/3/2544 2312/3/2557 2311/3/2558 2299/3/2550
f 2297/3/2546 2309/3/2559 2308/3/2552 2296/3/2551
f 2294/3/2541 2306/3/2560 2305/3/2555 2293/3/2542
f 2301/3/2543 2313/3/2561 2312/3/2557 2300/3/2544
f 2298/3/2545 2310/3/2562 2309/3/2559 2297/3/2546
f 2295/3/2547 2307/3/2553 2306/3/2560 2294/3/2541
f 2302/3/2548 2314/3/2554 2313/3/2561 2301/3/2543
f 2292/4/2549 2304/4/2556 2225/4/2470
f 2299/3/2550 2311/3/2558 2310/3/2562 2298/3/2545
f 2307/3/2553 2318/3/2563 2317/3/2564 2306/3/2560
f 2314/3/2554 2325/3/2565 2324/3/2566 2313/3/2561
f 2304/4/2556 2384/4/2567 2225/4/2470
f 2311/3/2558 2322/3/2568 2321/3/2569 2310/3/2562
f 2308/3/2552 2319/3/2570 2318/3/2563 2307/3/2553
f 2303/3/2451 2325/3/2565 2314/3/2554
f 2305/3/2555 2316/3/2571 2315/3/2572 2304/3/2556
f 2312/3/2557 2323/3/2573 2322/3/2568 2311/3/2558
f 2309/3/2559 2320/3/2574 2319/3/2570 2308/3/2552
f 2306/3/2560 2317/3/2564 2316/3/2571 2305/3/2555
f 2313/3/2561 2324/3/2566 2323/3/2573 2312/3/2557
f 2310/3/2562 2321/3/2569 2320/3/2574 2309/3/2559
f 2320/3/2574 2331/3/2575 2330/3/2576 2319/3/2570
f 2317/3/2564 2328/3/2577 2327/3/2578 2316/3/2571
f 2324/3/2566 2335/3/2579 2334/3/2580 2323/3/2573
f 2321/3/2569 2332/3/2581 2331/3/2575 2320/3/2574
f 2318/3/2563 2329/3/2582 2328/3/2577 2317/3/2564
f 2325/3/2565 2336/3/2583 2335/3/2579 2324/3/2566
f 2315/3/2572 2326/3/2584 2386/3/2585 2384/3/2567
f 2322/3/2568 2333/3/2586 2332/3/2581 2321/3/2569
f 2319/3/2570 2330/3/2576 2329/3/2582 2318/3/2563
f 2303/3/2451 2336/3/2583 2325/3/2565
f 2316/3/2571 2327/3/2578 2326/3/2584 2315/3/2572
f 2323/3/2573 2334/3/2580 2333/3/2586 2322/3/2568
f 2330/3/2576 2341/3/2587 2340/3/2588 2329/3/2582
f 2303/3/2451 2347/3/2589 2336/3/2583
f 2327/3/2578 2338/3/2590 2337/3/2591 2326/3/2584
f 2334/3/2580 2345/3/2592 2344/3/2593 2333/3/2586
f 2331/3/2575 2342/3/2594 2341/3/2587 2330/3/2576
f 2328/3/2577 2339/3/2595 2338/3/2590 2327/3/2578
f 2335/3/2579 2346/3/2596 2345/3/2592 2334/3/2580
f 2332/3/2581 2343/3/2597 2342/3/2594 2331/3/2575
f 2329/3/2582 2340/3/2588 2339/3/2595 2328/3/2577
f 2336/3/2583 2347/3/2589 2346/3/2596 2335/3/2579
f 2326/3/2584 2337/3/2591 2383/3/2598 2386/3/2585
f 2333/3/2586 2344/3/2593 2343/3/2597 2332/3/2581
f 2343/3/2597 2354/3/2599 2353/3/2600 2342/3/2594
f 2340/3/2588 2351/3/2601 2350/3/2602 2339/3/2595
f 2347/3/2589 2358/3/2603 2357/3/2604 2346/3/2596
f 2337/3/2591 2348/3/2605 2385/3/2606 2383/3/2598
f 2344/3/2593 2355/3/2607 2354/3/2599 2343/3/2597
f 2341/3/2587 2352/3/2608 2351/3/2601 2340/3/2588
f 2303/3/2451 2358/3/2603 2347/3/2589
f 2338/3/2590 2349/3/2609 2348/3/2605 2337/3/2591
f 2345/3/2592 2356/3/2610 2355/3/2607 2344/3/2593
f 2342/3/2594 2353/3/2600 2352/3/2608 2341/3/2587
f 2339/3/2595 2350/3/2602 2349/3/2609 2338/3/2590
f 2346/3/2596 2357/3/2604 2356/3/2610 2345/3/2592
f 2353/3/2600 2364/3/2611 2363/3/2612 2352/3/2608
f 2350/3/2602 2361/3/2613 2360/3/2614 2349/3/2609
f 2357/3/2604 2368/3/2615 2367/3/2616 2356/3/2610
f 2354/3/2599 2365/3/2617 2364/3/2611 2353/3/2600
f 2351/3/2601 2362/3/2618 2361/3/2613 2350/3/2602
f 2358/3/2603 2369/3/2619 2368/3/2615 2357/3/2604
f 2348/3/2605 2359/3/2620 2385/3/2606
f 2355/3/2607 2366/3/2621 2365/3/2617 2354/3/2599
f 2352/3/2608 2363/3/2612 2362/3/2618 2351/3/2601
f 2303/3/2451 2369/3/2619 2358/3/2603
f 2349/3/2609 2360/3/2614 2359/3/2620 2348/3/2605
f 2356/3/2610 2367/3/2616 2366/3/2621 2355/3/2607
f 2366/3/2621 2377/3/2622 2376/3/2623 2365/3/2617
f 2363/3/2612 2374/3/2624 2373/3/2625 2362/3/2618
f 2303/3/2451 2380/3/2626 2369/3/2619
f 2360/3/2614 2371/3/2627 2359/3/2620
f 2367/3/2616 2378/3/2628 2377/3/2622 2366/3/2621
f 2364/3/2611 2375/3/2629 2374/3/2624 2363/3/2612
f 2361/3/2613 2372/3/2630 2371/3/2627 2360/3/2614
f 2368/3/2615 2379/3/2631 2378/3/2628 2367/3/2616
f 2365/3/2617 2376/3/2623 2375/3/2629 2364/3/2611
f 2362/3/2618 2373/3/2625 2372/3/2630 2361/3/2613
f 2369/3/2619 2380/3/2626 2379/3/2631 2368/3/2615
f 2376/3/2623 2209/3/2467 2208/3/2461 2375/3/2629
f 2373/3/2625 2206/3/2450 2205/3/2463 2372/3/2630
f 2380/3/2626 2213/3/2453 2212/3/2465 2379/3/2631
f 2370/4/2632 2381/4/2469 2225/4/2470
f 2377/3/2622 2210/3/2460 2209/3/2467 2376/3/2623
f 2374/3/2624 2207/3/2447 2206/3/2450 2373/3/2625
f 2303/3/2451 2213/3/2453 2380/3/2626
f 2371/4/2627 2382/4/2454 2381/4/2469 2370/4/2632
f 2378/3/2628 2211/3/2457 2210/3/2460 2377/3/2622
f 2375/3/2629 2208/3/2461 2207/3/2447 2374/3/2624
f 2372/3/2630 2205/3/2463 2382/3/2454 2371/3/2627
f 2379/3/2631 2212/3/2465 2211/3/2457 2378/3/2628
f 2383/4/2598 2225/4/2470 2386/4/2585
f 2304/4/2556 2292/4/2549 2293/4/2542
f 2386/4/2585 2225/4/2470 2384/4/2567
f 2359/4/2620 2370/4/2632 2225/4/2470
f 2385/4/2606 2225/4/2470 2383/4/2598
f 2371/4/2627 2370/4/2632 2359/4/2620
f 2384/3/2567 2304/3/2556 2315/3/2572
f 2359/4/2620 2225/4/2470 2385/4/2606
f 2388/3/2478 2214/3/2456 2226/3/2482
f 2214/4/2456 2381/4/2469 2382/4/2454
f 2389/4/2498 2225/4/2470 2387/4/2494
f 2282/4/2538 2281/4/2534 2270/4/2521
f 2270/4/2521 2225/4/2470 2390/4/2516
f 2387/4/2494 2225/4/2470 2388/4/2478
f 2390/4/2516 2225/4/2470 2389/4/2498
f 2391/2/2633 2392/2/2634 2394/2/2635 2393/2/2636
f 2393/2/2636 2394/2/2635 2396/2/2637 2395/2/2638
f 2395/2/2638 2396/2/2637 2398/2/2639 2397/2/2640
f 2397/2/2640 2398/2/2639 2400/2/2641 2399/2/2642
f 2399/2/2642 2400/2/2641 2402/2/2643 2401/2/2644
f 2401/2/2644 2402/2/2643 2404/2/2645 2403/2/2646
f 2403/2/2646 2404/2/2645 2406/2/2647 2405/2/2648
f 2405/2/2648 2406/2/2647 2408/2/2649 2407/2/2650
f 2407/2/2650 2408/2/2649 2410/2/2651 2409/2/2652
f 2409/2/2652 2410/2/2651 2412/2/2653 2411/2/2654
f 2411/2/2654 2412/2/2653 2414/2/2655 2413/2/2656
f 2413/2/2656 2414/2/2655 2416/2/2657 2415/2/2658
f 2415/2/2658 2416/2/2657 2418/2/2659 2417/2/2660
f 2417/2/2660 2418/2/2659 2420/2/2661 2419/2/2662
f 2424/2/2663 2427/2/2664 2428/2/2664 2425/2/2663
f 2419/2/2662 2420/2/2661 2422/2/2665 2421/2/2666
f 2421/2/2666 2422/2/2665 2392/2/2634 2391/2/2633
f 2423/2/2667 2424/2/2663 2425/2/2663 2426/2/2667
f 2427/2/2664 2429/2/2668 2430/2/2668 2428/2/2664
f 2429/2/2668 2431/2/2669 2432/2/2669 2430/2/2668
f 2431/2/2669 2433/2/2670 2434/2/2671 2432/2/2669
f 2433/2/2670 2435/2/2672 2436/2/2672 2434/2/2671
f 2435/2/2672 2437/2/2673 2438/2/2673 2436/2/2672
f 2437/2/2673 2439/2/2674 2440/2/2674 2438/2/2673
f 2439/2/2674 2441/2/2675 2442/2/2675 2440/2/2674
f 2441/2/2675 2443/2/2676 2444/2/2676 2442/2/2675
f 2443/2/2676 2445/2/2677 2446/2/2677 2444/2/2676
f 2445/2/2677 2447/2/2678 2448/2/2678 2446/2/2677
f 2447/2/2678 2449/2/2679 2450/2/2679 2448/2/2678
f 2449/2/2679 2451/2/2680 2452/2/2680 2450/2/2679
f 2451/2/2680 2453/2/2681 2454/2/2681 2452/2/2680
f 2453/2/2681 2423/2/2667 2426/2/2667 2454/2/2681
f 2396/2/2637 2428/2/2682 2430/2/2683 2398/2/2639
f 2414/2/2655 2446/2/2684 2448/2/2685 2416/2/2657
f 2407/2/2686 2439/2/2686 2437/2/2687 2405/2/2688
f 2406/2/2647 2438/2/2689 2440/2/2690 2408/2/2649
f 2399/2/2691 2431/2/2691 2429/2/2692 2397/2/2692
f 2417/2/2693 2449/2/2693 2447/2/2694 2415/2/2694
f 2398/2/2639 2430/2/2683 2432/2/2695 2400/2/2641
f 2416/2/2657 2448/2/2685 2450/2/2696 2418/2/2659
f 2409/2/2697 2441/2/2698 2439/2/2686 2407/2/2686
f 2408/2/2649 2440/2/2690 2442/2/2699 2410/2/2651
f 2401/2/2700 2433/2/2700 2431/2/2691 2399/2/2691
f 2419/2/2701 2451/2/2701 2449/2/2693 2417/2/2693
f 2393/2/2702 2424/2/2703 2423/2/2704 2391/2/2704
f 2400/2/2641 2432/2/2695 2434/2/2705 2402/2/2643
f 2418/2/2659 2450/2/2696 2452/2/2706 2420/2/2661
f 2392/2/2634 2426/2/2707 2425/2/2708 2394/2/2635
f 2411/2/2709 2443/2/2709 2441/2/2698 2409/2/2697
f 2410/2/2651 2442/2/2699 2444/2/2710 2412/2/2653
f 2403/2/2711 2435/2/2711 2433/2/2700 2401/2/2700
f 2421/2/2712 2453/2/2713 2451/2/2701 2419/2/2701
f 2402/2/2643 2434/2/2705 2436/2/2714 2404/2/2645
f 2420/2/2661 2452/2/2706 2454/2/2715 2422/2/2665
f 2395/2/2716 2427/2/2716 2424/2/2703 2393/2/2702
f 2413/2/2717 2445/2/2717 2443/2/2709 2411/2/2709
f 2394/2/2635 2425/2/2708 2428/2/2682 2396/2/2637
f 2412/2/2653 2444/2/2710 2446/2/2684 2414/2/2655
f 2405/2/2688 2437/2/2687 2435/2/2711 2403/2/2711
f 2391/2/2704 2423/2/2704 2453/2/2713 2421/2/2712
f 2404/2/2645 2436/2/2714 2438/2/2689 2406/2/2647
f 2422/2/2665 2454/2/2715 2426/2/2707 2392/2/2634
f 2397/2/2692 2429/2/2692 2427/2/2716 2395/2/2716
f 2415/2/2694 2447/2/2694 2445/2/2717 2413/2/2717
