# Blender 4.4.1
# www.blender.org
mtllib speaker.mtl
o 立方体.004
v 0.900000 -1.000000 -0.900000
v 0.900000 -0.900000 -1.000000
v 1.000000 -0.900000 -0.900000
v 0.900000 0.900000 -1.000000
v 0.900000 1.000000 -0.900000
v 1.000000 0.900000 -0.900000
v 0.900000 -1.000000 0.900000
v 1.000000 -0.900000 0.900000
v 0.900000 -0.900000 1.000000
v 0.900000 1.000000 0.900000
v 0.900000 0.900000 1.000000
v 1.000000 0.900000 0.900000
v -0.900000 -1.000000 -0.900000
v -1.000000 -0.900000 -0.900000
v -0.900000 -0.900000 -1.000000
v -0.900000 1.000000 -0.900000
v -0.900000 0.900000 -1.000000
v -1.000000 0.900000 -0.900000
v -0.900000 -1.000000 0.900000
v -0.900000 -0.900000 1.000000
v -1.000000 -0.900000 0.900000
v -0.900000 1.000000 0.900000
v -1.000000 0.900000 0.900000
v -0.900000 0.900000 1.000000
v 0.000000 0.067539 -0.427604
v 0.219047 0.596364 -1.000000
v 0.318006 0.543469 -1.000000
v 0.404745 0.472284 -1.000000
v -0.318006 0.543469 -1.000000
v -0.219047 0.596364 -1.000000
v -0.111669 0.628937 -1.000000
v 0.000000 0.639935 -1.000000
v 0.111669 0.628937 -1.000000
v -0.572396 0.067539 -1.000000
v -0.561398 -0.044130 -1.000000
v -0.561398 0.179208 -1.000000
v -0.528825 0.286586 -1.000000
v -0.475930 -0.250467 -1.000000
v -0.404745 -0.337206 -1.000000
v -0.528825 -0.151508 -1.000000
v -0.475930 0.385545 -1.000000
v -0.404745 0.472284 -1.000000
v 0.561398 -0.044130 -1.000000
v 0.572396 0.067539 -1.000000
v 0.561398 0.179208 -1.000000
v 0.475930 -0.250467 -1.000000
v 0.528825 -0.151508 -1.000000
v 0.475930 0.385545 -1.000000
v 0.528825 0.286586 -1.000000
v -0.318006 -0.408391 -1.000000
v -0.219047 -0.461286 -1.000000
v -0.111669 -0.493859 -1.000000
v 0.000000 -0.504857 -1.000000
v 0.111669 -0.493859 -1.000000
v 0.219047 -0.461286 -1.000000
v 0.318006 -0.408391 -1.000000
v 0.404745 -0.337206 -1.000000
v -0.750000 0.000000 -1.007946
v -0.729904 0.000000 -1.045446
v -0.743584 0.097895 -1.007946
v -0.729904 0.000000 -0.970446
v -0.743584 -0.097895 -1.007946
v -0.724444 -0.194114 -1.007946
v -0.723659 -0.095272 -1.045446
v -0.723659 -0.095272 -0.970446
v -0.669225 -0.088105 -0.942994
v -0.705033 -0.188913 -0.970446
v -0.652000 -0.174703 -0.942994
v -0.674343 -0.279322 -0.970446
v -0.623619 -0.258312 -0.942994
v -0.632115 -0.364952 -0.970446
v -0.692910 -0.287013 -1.007946
v -0.649519 -0.375000 -1.007946
v -0.674343 -0.279322 -1.045446
v -0.632115 -0.364952 -1.045446
v -0.623619 -0.258312 -1.072898
v -0.705033 -0.188913 -1.045446
v -0.652000 -0.174703 -1.072898
v -0.579556 -0.155291 -1.082946
v -0.669225 -0.088105 -1.072898
v -0.594867 -0.078316 -1.082946
v -0.675000 0.000000 -1.072898
v -0.669225 0.088105 -1.072898
v -0.600000 0.000000 -1.082946
v -0.594867 0.078316 -1.082946
v -0.525000 0.000000 -1.072898
v -0.520509 0.068526 -1.072898
v -0.470096 0.000000 -1.045446
v -0.520509 -0.068526 -1.072898
v -0.507111 -0.135880 -1.072898
v -0.466074 -0.061360 -1.045446
v -0.454078 -0.121670 -1.045446
v -0.446150 -0.058737 -1.007946
v -0.434667 -0.116468 -1.007946
v -0.466074 -0.061360 -0.970446
v -0.450000 0.000000 -1.007946
v -0.446150 0.058737 -1.007946
v -0.470096 0.000000 -0.970446
v -0.466074 0.061360 -0.970446
v -0.525000 0.000000 -0.942994
v -0.520509 0.068526 -0.942994
v -0.600000 0.000000 -0.932946
v -0.520509 -0.068526 -0.942994
v -0.507111 -0.135880 -0.942994
v -0.594867 -0.078316 -0.932946
v -0.579556 -0.155291 -0.932946
v -0.554328 -0.229610 -0.932946
v -0.485037 -0.200909 -0.942994
v -0.519615 -0.300000 -0.932946
v -0.454663 -0.262500 -0.942994
v -0.476012 -0.365257 -0.932946
v -0.584567 -0.337500 -0.942994
v -0.535514 -0.410914 -0.942994
v -0.477297 -0.477297 -0.942994
v -0.579072 -0.444337 -0.970446
v -0.516120 -0.516120 -0.970446
v -0.595015 -0.456571 -1.007946
v -0.530330 -0.530330 -1.007946
v -0.579072 -0.444337 -1.045446
v -0.516120 -0.516120 -1.045446
v -0.535514 -0.410914 -1.072898
v -0.477297 -0.477297 -1.072898
v -0.476012 -0.365257 -1.082946
v -0.584567 -0.337500 -1.072898
v -0.519615 -0.300000 -1.082946
v -0.454663 -0.262500 -1.072898
v -0.554328 -0.229610 -1.082946
v -0.485037 -0.200909 -1.072898
v -0.434312 -0.179898 -1.045446
v -0.407115 -0.235048 -1.045446
v -0.415746 -0.172208 -1.007946
v -0.389711 -0.225000 -1.007946
v -0.434312 -0.179898 -0.970446
v -0.407115 -0.235048 -0.970446
v -0.454078 -0.121670 -0.970446
v -0.372952 -0.286176 -0.970446
v -0.357009 -0.273943 -1.007946
v -0.332408 -0.332408 -0.970446
v -0.416511 -0.319600 -0.942994
v -0.371231 -0.371231 -0.942994
v -0.319600 -0.416511 -0.942994
v -0.424264 -0.424264 -0.932946
v -0.365257 -0.476012 -0.932946
v -0.300000 -0.519615 -0.932946
v -0.410914 -0.535514 -0.942994
v -0.337500 -0.584567 -0.942994
v -0.444337 -0.579072 -0.970446
v -0.364952 -0.632115 -0.970446
v -0.456571 -0.595015 -1.007946
v -0.375000 -0.649519 -1.007946
v -0.444337 -0.579072 -1.045446
v -0.364952 -0.632115 -1.045446
v -0.410914 -0.535514 -1.072898
v -0.337500 -0.584567 -1.072898
v -0.365257 -0.476012 -1.082946
v -0.300000 -0.519615 -1.082946
v -0.319600 -0.416511 -1.072898
v -0.424264 -0.424264 -1.082946
v -0.371231 -0.371231 -1.072898
v -0.332408 -0.332408 -1.045446
v -0.416511 -0.319600 -1.072898
v -0.372952 -0.286176 -1.045446
v -0.286176 -0.372952 -1.045446
v -0.318198 -0.318198 -1.007946
v -0.273943 -0.357009 -1.007946
v -0.225000 -0.389711 -1.007946
v -0.286176 -0.372952 -0.970446
v -0.235048 -0.407115 -0.970446
v -0.179898 -0.434312 -0.970446
v -0.262500 -0.454663 -0.942994
v -0.200909 -0.485037 -0.942994
v -0.135880 -0.507111 -0.942994
v -0.229610 -0.554328 -0.932946
v -0.155291 -0.579556 -0.932946
v -0.258311 -0.623619 -0.942994
v -0.174703 -0.652000 -0.942994
v -0.279322 -0.674343 -0.970446
v -0.188913 -0.705033 -0.970446
v -0.287013 -0.692910 -1.007946
v -0.194114 -0.724445 -1.007946
v -0.279322 -0.674343 -1.045446
v -0.188913 -0.705033 -1.045446
v -0.258311 -0.623619 -1.072898
v -0.174703 -0.652000 -1.072898
v -0.229610 -0.554328 -1.082946
v -0.155291 -0.579556 -1.082946
v -0.200909 -0.485037 -1.072898
v -0.135880 -0.507111 -1.072898
v -0.179898 -0.434312 -1.045446
v -0.262500 -0.454663 -1.072898
v -0.235048 -0.407115 -1.045446
v -0.121670 -0.454078 -1.045446
v -0.172208 -0.415746 -1.007946
v -0.116468 -0.434667 -1.007946
v -0.058737 -0.446150 -1.007946
v -0.121670 -0.454078 -0.970446
v -0.061360 -0.466074 -0.970446
v -0.000000 -0.470096 -0.970446
v -0.068526 -0.520509 -0.942994
v -0.000000 -0.525000 -0.942994
v -0.078316 -0.594867 -0.932946
v -0.000000 -0.600000 -0.932946
v -0.088105 -0.669225 -0.942994
v -0.000000 -0.675000 -0.942994
v -0.095271 -0.723660 -0.970446
v -0.000000 -0.729904 -0.970446
v -0.097895 -0.743584 -1.007946
v -0.000000 -0.750000 -1.007946
v -0.095271 -0.723660 -1.045446
v -0.000000 -0.729904 -1.045446
v -0.088105 -0.669225 -1.072898
v -0.000000 -0.675000 -1.072898
v -0.078316 -0.594867 -1.082946
v -0.000000 -0.600000 -1.082946
v -0.068526 -0.520509 -1.072898
v -0.000000 -0.525000 -1.072898
v -0.061360 -0.466074 -1.045446
v -0.000000 -0.470096 -1.045446
v 0.061360 -0.466074 -1.045446
v -0.000000 -0.450000 -1.007946
v 0.058737 -0.446150 -1.007946
v 0.116469 -0.434667 -1.007946
v 0.061360 -0.466074 -0.970446
v 0.121670 -0.454078 -0.970446
v 0.068527 -0.520509 -0.942994
v 0.135880 -0.507111 -0.942994
v 0.078316 -0.594867 -0.932946
v 0.155292 -0.579556 -0.932946
v 0.088106 -0.669225 -0.942994
v 0.174703 -0.652000 -0.942994
v 0.095272 -0.723659 -0.970446
v 0.188913 -0.705033 -0.970446
v 0.097895 -0.743584 -1.007946
v 0.194115 -0.724444 -1.007946
v 0.095272 -0.723659 -1.045446
v 0.188913 -0.705033 -1.045446
v 0.088106 -0.669225 -1.072898
v 0.174703 -0.652000 -1.072898
v 0.078316 -0.594867 -1.082946
v 0.155292 -0.579556 -1.082946
v 0.068527 -0.520509 -1.072898
v 0.135880 -0.507111 -1.072898
v 0.200909 -0.485037 -1.072898
v 0.121670 -0.454078 -1.045446
v 0.179898 -0.434312 -1.045446
v 0.235048 -0.407115 -1.045446
v 0.172208 -0.415746 -1.007946
v 0.225000 -0.389711 -1.007946
v 0.179898 -0.434312 -0.970446
v 0.235048 -0.407115 -0.970446
v 0.200909 -0.485037 -0.942994
v 0.262500 -0.454663 -0.942994
v 0.229610 -0.554328 -0.932946
v 0.300000 -0.519615 -0.932946
v 0.258311 -0.623619 -0.942994
v 0.337500 -0.584567 -0.942994
v 0.279322 -0.674343 -0.970446
v 0.364952 -0.632115 -0.970446
v 0.287013 -0.692910 -1.007946
v 0.375000 -0.649519 -1.007946
v 0.279322 -0.674343 -1.045446
v 0.364952 -0.632115 -1.045446
v 0.258311 -0.623619 -1.072898
v 0.337500 -0.584567 -1.072898
v 0.229610 -0.554328 -1.082946
v 0.300000 -0.519615 -1.082946
v 0.365257 -0.476012 -1.082946
v 0.262500 -0.454663 -1.072898
v 0.319600 -0.416510 -1.072898
v 0.371231 -0.371231 -1.072898
v 0.286177 -0.372952 -1.045446
v 0.332408 -0.332408 -1.045446
v 0.273943 -0.357009 -1.007946
v 0.318198 -0.318198 -1.007946
v 0.286177 -0.372952 -0.970446
v 0.332408 -0.332408 -0.970446
v 0.319600 -0.416510 -0.942994
v 0.371231 -0.371231 -0.942994
v 0.365257 -0.476012 -0.932946
v 0.424264 -0.424264 -0.932946
v 0.410914 -0.535513 -0.942994
v 0.477297 -0.477297 -0.942994
v 0.444338 -0.579071 -0.970446
v 0.516120 -0.516120 -0.970446
v 0.456571 -0.595015 -1.007946
v 0.530330 -0.530330 -1.007946
v 0.444338 -0.579071 -1.045446
v 0.516120 -0.516120 -1.045446
v 0.410914 -0.535513 -1.072898
v 0.477297 -0.477297 -1.072898
v 0.535514 -0.410914 -1.072898
v 0.424264 -0.424264 -1.082946
v 0.476012 -0.365257 -1.082946
v 0.519615 -0.300000 -1.082946
v 0.416511 -0.319600 -1.072898
v 0.454663 -0.262500 -1.072898
v 0.372952 -0.286176 -1.045446
v 0.407115 -0.235048 -1.045446
v 0.357009 -0.273943 -1.007946
v 0.389711 -0.225000 -1.007946
v 0.372952 -0.286176 -0.970446
v 0.407115 -0.235048 -0.970446
v 0.416511 -0.319600 -0.942994
v 0.454663 -0.262500 -0.942994
v 0.476012 -0.365257 -0.932946
v 0.519615 -0.300000 -0.932946
v 0.535514 -0.410914 -0.942994
v 0.584567 -0.337500 -0.942994
v 0.579072 -0.444337 -0.970446
v 0.632115 -0.364952 -0.970446
v 0.595015 -0.456571 -1.007946
v 0.649519 -0.375000 -1.007946
v 0.579072 -0.444337 -1.045446
v 0.632115 -0.364952 -1.045446
v 0.674343 -0.279322 -1.045446
v 0.584567 -0.337500 -1.072898
v 0.623619 -0.258311 -1.072898
v 0.652000 -0.174703 -1.072898
v 0.554328 -0.229610 -1.082946
v 0.579556 -0.155291 -1.082946
v 0.485037 -0.200909 -1.072898
v 0.507111 -0.135880 -1.072898
v 0.434312 -0.179898 -1.045446
v 0.454078 -0.121670 -1.045446
v 0.415746 -0.172207 -1.007946
v 0.434667 -0.116469 -1.007946
v 0.434312 -0.179898 -0.970446
v 0.454078 -0.121670 -0.970446
v 0.485037 -0.200909 -0.942994
v 0.507111 -0.135880 -0.942994
v 0.554328 -0.229610 -0.932946
v 0.579556 -0.155291 -0.932946
v 0.623619 -0.258311 -0.942994
v 0.652000 -0.174703 -0.942994
v 0.674343 -0.279322 -0.970446
v 0.705033 -0.188913 -0.970446
v 0.692910 -0.287012 -1.007946
v 0.724444 -0.194114 -1.007946
v 0.743584 -0.097895 -1.007946
v 0.705033 -0.188913 -1.045446
v 0.723659 -0.095272 -1.045446
v 0.729904 0.000000 -1.045446
v 0.669225 -0.088105 -1.072898
v 0.675000 0.000000 -1.072898
v 0.594867 -0.078316 -1.082946
v 0.600000 0.000000 -1.082946
v 0.520509 -0.068526 -1.072898
v 0.525000 0.000000 -1.072898
v 0.466074 -0.061360 -1.045446
v 0.470096 0.000000 -1.045446
v 0.446150 -0.058737 -1.007946
v 0.450000 0.000000 -1.007946
v 0.466074 -0.061360 -0.970446
v 0.470096 0.000000 -0.970446
v 0.520509 -0.068526 -0.942994
v 0.525000 0.000000 -0.942994
v 0.594867 -0.078316 -0.932946
v 0.600000 0.000000 -0.932946
v 0.669225 -0.088105 -0.942994
v 0.675000 0.000000 -0.942994
v 0.723659 -0.095272 -0.970446
v 0.729904 0.000000 -0.970446
v 0.723659 0.095272 -0.970446
v 0.750000 0.000000 -1.007946
v 0.743584 0.097895 -1.007946
v 0.724444 0.194114 -1.007946
v 0.723659 0.095272 -1.045446
v 0.705033 0.188913 -1.045446
v 0.669225 0.088105 -1.072898
v 0.652000 0.174703 -1.072898
v 0.594867 0.078316 -1.082946
v 0.579556 0.155291 -1.082946
v 0.520509 0.068526 -1.072898
v 0.507111 0.135880 -1.072898
v 0.466074 0.061360 -1.045446
v 0.454078 0.121670 -1.045446
v 0.446150 0.058737 -1.007946
v 0.434667 0.116468 -1.007946
v 0.466074 0.061360 -0.970446
v 0.454078 0.121670 -0.970446
v 0.520509 0.068526 -0.942994
v 0.507111 0.135880 -0.942994
v 0.594867 0.078316 -0.932946
v 0.579556 0.155291 -0.932946
v 0.669225 0.088105 -0.942994
v 0.652000 0.174703 -0.942994
v 0.623619 0.258311 -0.942994
v 0.705033 0.188913 -0.970446
v 0.674343 0.279322 -0.970446
v 0.632115 0.364952 -0.970446
v 0.692910 0.287013 -1.007946
v 0.649519 0.375000 -1.007946
v 0.674343 0.279322 -1.045446
v 0.632115 0.364952 -1.045446
v 0.623619 0.258311 -1.072898
v 0.584567 0.337500 -1.072898
v 0.554328 0.229610 -1.082946
v 0.519615 0.300000 -1.082946
v 0.485037 0.200909 -1.072898
v 0.454663 0.262500 -1.072898
v 0.434312 0.179898 -1.045446
v 0.407115 0.235048 -1.045446
v 0.415746 0.172208 -1.007946
v 0.389711 0.225000 -1.007946
v 0.434312 0.179898 -0.970446
v 0.407115 0.235048 -0.970446
v 0.485037 0.200909 -0.942994
v 0.454663 0.262500 -0.942994
v 0.554328 0.229610 -0.932946
v 0.519615 0.300000 -0.932946
v 0.476012 0.365257 -0.932946
v 0.584567 0.337500 -0.942994
v 0.535514 0.410914 -0.942994
v 0.477297 0.477297 -0.942994
v 0.579072 0.444337 -0.970446
v 0.516120 0.516120 -0.970446
v 0.595015 0.456571 -1.007946
v 0.530330 0.530330 -1.007946
v 0.579072 0.444337 -1.045446
v 0.516120 0.516120 -1.045446
v 0.535514 0.410914 -1.072898
v 0.477297 0.477297 -1.072898
v 0.476012 0.365257 -1.082946
v 0.424264 0.424264 -1.082946
v 0.416511 0.319600 -1.072898
v 0.371231 0.371231 -1.072898
v 0.372952 0.286176 -1.045446
v 0.332408 0.332408 -1.045446
v 0.357009 0.273943 -1.007946
v 0.318198 0.318198 -1.007946
v 0.372952 0.286176 -0.970446
v 0.332408 0.332408 -0.970446
v 0.416511 0.319600 -0.942994
v 0.371231 0.371231 -0.942994
v 0.319600 0.416511 -0.942994
v 0.424264 0.424264 -0.932946
v 0.365257 0.476012 -0.932946
v 0.300000 0.519615 -0.932946
v 0.410914 0.535513 -0.942994
v 0.337500 0.584567 -0.942994
v 0.444337 0.579072 -0.970446
v 0.363957 0.631274 -0.970446
v 0.451195 0.584797 -1.007946
v 0.375770 0.647532 -1.007946
v 0.437361 0.570220 -1.045446
v 0.363957 0.631274 -1.045446
v 0.410914 0.535513 -1.072898
v 0.337500 0.584567 -1.072898
v 0.365257 0.476012 -1.082946
v 0.300000 0.519615 -1.082946
v 0.319600 0.416511 -1.072898
v 0.262500 0.454664 -1.072898
v 0.286176 0.372952 -1.045446
v 0.235048 0.407115 -1.045446
v 0.273943 0.357009 -1.007946
v 0.225000 0.389711 -1.007946
v 0.286176 0.372952 -0.970446
v 0.235048 0.407115 -0.970446
v 0.179898 0.434312 -0.970446
v 0.262500 0.454664 -0.942994
v 0.200909 0.485037 -0.942994
v 0.135880 0.507111 -0.942994
v 0.229610 0.554328 -0.932946
v 0.155291 0.579556 -0.932946
v 0.258311 0.623619 -0.942994
v 0.174703 0.652000 -0.942994
v 0.283213 0.682225 -0.970446
v 0.188913 0.705033 -0.970446
v 0.292803 0.699885 -1.007946
v 0.194114 0.724444 -1.007946
v 0.283213 0.682225 -1.045446
v 0.188913 0.705033 -1.045446
v 0.258311 0.623619 -1.072898
v 0.174703 0.652000 -1.072898
v 0.229610 0.554328 -1.082946
v 0.155291 0.579556 -1.082946
v 0.200909 0.485037 -1.072898
v 0.135880 0.507111 -1.072898
v 0.179898 0.434312 -1.045446
v 0.121670 0.454078 -1.045446
v 0.172208 0.415746 -1.007946
v 0.116469 0.434667 -1.007946
v 0.058737 0.446150 -1.007946
v 0.121670 0.454078 -0.970446
v 0.061360 0.466074 -0.970446
v -0.000000 0.470096 -0.970446
v 0.068526 0.520509 -0.942994
v -0.000000 0.525000 -0.942994
v 0.078316 0.594867 -0.932946
v -0.000000 0.600000 -0.932946
v 0.088105 0.669225 -0.942994
v -0.000000 0.675000 -0.942994
v 0.095272 0.723660 -0.970446
v -0.000000 0.729904 -0.970446
v 0.097895 0.743584 -1.007946
v -0.000000 0.750000 -1.007946
v 0.095272 0.723660 -1.045446
v -0.000000 0.729904 -1.045446
v 0.088105 0.669225 -1.072898
v -0.000000 0.675000 -1.072898
v 0.078316 0.594867 -1.082946
v -0.000000 0.600000 -1.082946
v 0.068526 0.520509 -1.072898
v -0.000000 0.525000 -1.072898
v 0.061360 0.466074 -1.045446
v -0.000000 0.470096 -1.045446
v -0.061360 0.466074 -1.045446
v -0.000000 0.450000 -1.007946
v -0.058737 0.446150 -1.007946
v -0.116469 0.434667 -1.007946
v -0.061360 0.466074 -0.970446
v -0.121670 0.454078 -0.970446
v -0.068526 0.520509 -0.942994
v -0.135880 0.507111 -0.942994
v -0.078316 0.594867 -0.932946
v -0.155291 0.579556 -0.932946
v -0.088105 0.669225 -0.942994
v -0.174703 0.652000 -0.942994
v -0.095271 0.723660 -0.970446
v -0.188913 0.705033 -0.970446
v -0.097895 0.743584 -1.007946
v -0.194114 0.724444 -1.007946
v -0.095271 0.723660 -1.045446
v -0.188913 0.705033 -1.045446
v -0.088105 0.669225 -1.072898
v -0.174703 0.652000 -1.072898
v -0.078316 0.594867 -1.082946
v -0.155291 0.579556 -1.082946
v -0.068526 0.520509 -1.072898
v -0.135880 0.507111 -1.072898
v -0.200909 0.485037 -1.072898
v -0.121670 0.454078 -1.045446
v -0.179898 0.434312 -1.045446
v -0.235048 0.407115 -1.045446
v -0.172208 0.415746 -1.007946
v -0.225000 0.389711 -1.007946
v -0.179898 0.434312 -0.970446
v -0.235048 0.407115 -0.970446
v -0.200909 0.485037 -0.942994
v -0.262500 0.454663 -0.942994
v -0.229610 0.554328 -0.932946
v -0.300000 0.519615 -0.932946
v -0.258311 0.623619 -0.942994
v -0.337500 0.584567 -0.942994
v -0.279322 0.674343 -0.970446
v -0.364952 0.632115 -0.970446
v -0.287013 0.692910 -1.007946
v -0.375000 0.649519 -1.007946
v -0.279322 0.674343 -1.045446
v -0.364952 0.632115 -1.045446
v -0.258311 0.623619 -1.072898
v -0.337500 0.584567 -1.072898
v -0.229610 0.554328 -1.082946
v -0.300000 0.519615 -1.082946
v -0.365257 0.476012 -1.082946
v -0.262500 0.454663 -1.072898
v -0.319600 0.416511 -1.072898
v -0.371231 0.371231 -1.072898
v -0.286177 0.372952 -1.045446
v -0.332408 0.332408 -1.045446
v -0.273943 0.357009 -1.007946
v -0.318198 0.318198 -1.007946
v -0.286177 0.372952 -0.970446
v -0.332408 0.332408 -0.970446
v -0.319600 0.416511 -0.942994
v -0.371231 0.371231 -0.942994
v -0.365257 0.476012 -0.932946
v -0.424264 0.424264 -0.932946
v -0.410914 0.535513 -0.942994
v -0.477297 0.477297 -0.942994
v -0.444337 0.579072 -0.970446
v -0.516120 0.516120 -0.970446
v -0.456571 0.595015 -1.007946
v -0.530330 0.530330 -1.007946
v -0.444337 0.579072 -1.045446
v -0.516120 0.516120 -1.045446
v -0.410914 0.535513 -1.072898
v -0.477297 0.477297 -1.072898
v -0.535514 0.410914 -1.072898
v -0.424264 0.424264 -1.082946
v -0.476012 0.365257 -1.082946
v -0.519615 0.300000 -1.082946
v -0.416511 0.319600 -1.072898
v -0.454663 0.262500 -1.072898
v -0.372952 0.286176 -1.045446
v -0.407115 0.235048 -1.045446
v -0.357009 0.273942 -1.007946
v -0.389711 0.225000 -1.007946
v -0.372952 0.286176 -0.970446
v -0.407115 0.235048 -0.970446
v -0.416511 0.319600 -0.942994
v -0.454663 0.262500 -0.942994
v -0.476012 0.365257 -0.932946
v -0.519615 0.300000 -0.932946
v -0.535514 0.410914 -0.942994
v -0.584567 0.337500 -0.942994
v -0.579072 0.444337 -0.970446
v -0.632115 0.364952 -0.970446
v -0.595015 0.456571 -1.007946
v -0.649519 0.375000 -1.007946
v -0.579072 0.444337 -1.045446
v -0.632115 0.364952 -1.045446
v -0.674343 0.279322 -1.045446
v -0.584567 0.337500 -1.072898
v -0.623619 0.258311 -1.072898
v -0.652000 0.174703 -1.072898
v -0.554328 0.229610 -1.082946
v -0.579556 0.155291 -1.082946
v -0.485037 0.200909 -1.072898
v -0.507111 0.135880 -1.072898
v -0.434312 0.179898 -1.045446
v -0.454078 0.121670 -1.045446
v -0.415746 0.172208 -1.007946
v -0.434667 0.116468 -1.007946
v -0.434312 0.179898 -0.970446
v -0.454078 0.121670 -0.970446
v -0.485037 0.200909 -0.942994
v -0.507111 0.135880 -0.942994
v -0.554328 0.229610 -0.932946
v -0.579556 0.155291 -0.932946
v -0.623619 0.258311 -0.942994
v -0.652000 0.174703 -0.942994
v -0.674343 0.279322 -0.970446
v -0.705033 0.188913 -0.970446
v -0.692910 0.287013 -1.007946
v -0.724444 0.194114 -1.007946
v -0.705033 0.188913 -1.045446
v -0.723659 0.095272 -1.045446
v -0.723659 0.095272 -0.970446
v -0.669225 0.088105 -0.942994
v -0.594867 0.078316 -0.932946
v -0.675000 0.000000 -0.942994
v -0.466074 0.061360 -1.045446
v -0.375000 0.000000 -0.858034
v -0.364952 0.000000 -0.883034
v -0.371792 0.048947 -0.858034
v -0.364952 0.000000 -0.833034
v -0.371792 -0.048947 -0.858034
v -0.362222 -0.097057 -0.858034
v -0.361830 -0.047636 -0.883034
v -0.361830 -0.047636 -0.833034
v -0.334613 -0.044053 -0.814733
v -0.352517 -0.094456 -0.833034
v -0.326000 -0.087351 -0.814733
v -0.337172 -0.139661 -0.833034
v -0.311809 -0.129156 -0.814733
v -0.316058 -0.182476 -0.833034
v -0.346455 -0.143506 -0.858034
v -0.324760 -0.187500 -0.858034
v -0.337172 -0.139661 -0.883034
v -0.316058 -0.182476 -0.883034
v -0.311809 -0.129156 -0.901336
v -0.352517 -0.094456 -0.883034
v -0.326000 -0.087351 -0.901336
v -0.289778 -0.077646 -0.908034
v -0.334613 -0.044053 -0.901336
v -0.297433 -0.039158 -0.908034
v -0.337500 0.000000 -0.901336
v -0.334613 0.044053 -0.901336
v -0.300000 0.000000 -0.908034
v -0.297433 0.039158 -0.908034
v -0.262500 0.000000 -0.901336
v -0.260254 0.034263 -0.901336
v -0.235048 0.000000 -0.883034
v -0.260254 -0.034263 -0.901336
v -0.253556 -0.067940 -0.901336
v -0.233037 -0.030680 -0.883034
v -0.227039 -0.060835 -0.883034
v -0.223075 -0.029368 -0.858034
v -0.217333 -0.058234 -0.858034
v -0.233037 -0.030680 -0.833034
v -0.225000 0.000000 -0.858034
v -0.223075 0.029368 -0.858034
v -0.235048 0.000000 -0.833034
v -0.233037 0.030680 -0.833034
v -0.262500 0.000000 -0.814733
v -0.260254 0.034263 -0.814733
v -0.300000 0.000000 -0.808034
v -0.260254 -0.034263 -0.814733
v -0.253556 -0.067940 -0.814733
v -0.297433 -0.039158 -0.808034
v -0.289778 -0.077646 -0.808034
v -0.277164 -0.114805 -0.808034
v -0.242518 -0.100455 -0.814733
v -0.259808 -0.150000 -0.808034
v -0.227332 -0.131250 -0.814733
v -0.238006 -0.182628 -0.808034
v -0.292284 -0.168750 -0.814733
v -0.267757 -0.205457 -0.814733
v -0.238648 -0.238649 -0.814733
v -0.289536 -0.222169 -0.833034
v -0.258060 -0.258060 -0.833034
v -0.297508 -0.228286 -0.858034
v -0.265165 -0.265165 -0.858034
v -0.289536 -0.222169 -0.883034
v -0.258060 -0.258060 -0.883034
v -0.267757 -0.205457 -0.901336
v -0.238648 -0.238649 -0.901336
v -0.238006 -0.182628 -0.908034
v -0.292284 -0.168750 -0.901336
v -0.259808 -0.150000 -0.908034
v -0.227332 -0.131250 -0.901336
v -0.277164 -0.114805 -0.908034
v -0.242518 -0.100455 -0.901336
v -0.217156 -0.089949 -0.883034
v -0.203558 -0.117524 -0.883034
v -0.207873 -0.086104 -0.858034
v -0.194856 -0.112500 -0.858034
v -0.217156 -0.089949 -0.833034
v -0.203558 -0.117524 -0.833034
v -0.227039 -0.060835 -0.833034
v -0.186476 -0.143088 -0.833034
v -0.178505 -0.136971 -0.858034
v -0.166204 -0.166204 -0.833034
v -0.208255 -0.159800 -0.814733
v -0.185615 -0.185616 -0.814733
v -0.159800 -0.208255 -0.814733
v -0.212132 -0.212132 -0.808034
v -0.182628 -0.238006 -0.808034
v -0.150000 -0.259808 -0.808034
v -0.205457 -0.267757 -0.814733
v -0.168750 -0.292284 -0.814733
v -0.222169 -0.289536 -0.833034
v -0.182476 -0.316058 -0.833034
v -0.228285 -0.297508 -0.858034
v -0.187500 -0.324759 -0.858034
v -0.222169 -0.289536 -0.883034
v -0.182476 -0.316058 -0.883034
v -0.205457 -0.267757 -0.901336
v -0.168750 -0.292284 -0.901336
v -0.182628 -0.238006 -0.908034
v -0.150000 -0.259808 -0.908034
v -0.159800 -0.208255 -0.901336
v -0.212132 -0.212132 -0.908034
v -0.185615 -0.185616 -0.901336
v -0.166204 -0.166204 -0.883034
v -0.208255 -0.159800 -0.901336
v -0.186476 -0.143088 -0.883034
v -0.143088 -0.186476 -0.883034
v -0.159099 -0.159099 -0.858034
v -0.136971 -0.178505 -0.858034
v -0.112500 -0.194856 -0.858034
v -0.143088 -0.186476 -0.833034
v -0.117524 -0.203558 -0.833034
v -0.089949 -0.217156 -0.833034
v -0.131250 -0.227332 -0.814733
v -0.100454 -0.242518 -0.814733
v -0.067940 -0.253556 -0.814733
v -0.114805 -0.277164 -0.808034
v -0.077646 -0.289778 -0.808034
v -0.129156 -0.311809 -0.814733
v -0.087351 -0.326000 -0.814733
v -0.139661 -0.337172 -0.833034
v -0.094456 -0.352517 -0.833034
v -0.143506 -0.346455 -0.858034
v -0.097057 -0.362222 -0.858034
v -0.139661 -0.337172 -0.883034
v -0.094456 -0.352517 -0.883034
v -0.129156 -0.311809 -0.901336
v -0.087351 -0.326000 -0.901336
v -0.114805 -0.277164 -0.908034
v -0.077646 -0.289778 -0.908034
v -0.100454 -0.242518 -0.901336
v -0.067940 -0.253556 -0.901336
v -0.089949 -0.217156 -0.883034
v -0.131250 -0.227332 -0.901336
v -0.117524 -0.203558 -0.883034
v -0.060835 -0.227039 -0.883034
v -0.086104 -0.207873 -0.858034
v -0.058234 -0.217333 -0.858034
v -0.029368 -0.223075 -0.858034
v -0.060835 -0.227039 -0.833034
v -0.030680 -0.233037 -0.833034
v -0.000000 -0.235048 -0.833034
v -0.034263 -0.260254 -0.814733
v -0.000000 -0.262500 -0.814733
v -0.039158 -0.297433 -0.808034
v -0.000000 -0.300000 -0.808034
v -0.044053 -0.334613 -0.814733
v -0.000000 -0.337500 -0.814733
v -0.047636 -0.361830 -0.833034
v -0.000000 -0.364952 -0.833034
v -0.048947 -0.371792 -0.858034
v -0.000000 -0.375000 -0.858034
v -0.047636 -0.361830 -0.883034
v -0.000000 -0.364952 -0.883034
v -0.044053 -0.334613 -0.901336
v -0.000000 -0.337500 -0.901336
v -0.039158 -0.297433 -0.908034
v -0.000000 -0.300000 -0.908034
v -0.034263 -0.260254 -0.901336
v -0.000000 -0.262500 -0.901336
v -0.030680 -0.233037 -0.883034
v -0.000000 -0.235048 -0.883034
v 0.030680 -0.233037 -0.883034
v -0.000000 -0.225000 -0.858034
v 0.029369 -0.223075 -0.858034
v 0.058234 -0.217333 -0.858034
v 0.030680 -0.233037 -0.833034
v 0.060835 -0.227039 -0.833034
v 0.034263 -0.260254 -0.814733
v 0.067940 -0.253556 -0.814733
v 0.039158 -0.297433 -0.808034
v 0.077646 -0.289778 -0.808034
v 0.044053 -0.334613 -0.814733
v 0.087352 -0.326000 -0.814733
v 0.047636 -0.361830 -0.833034
v 0.094457 -0.352516 -0.833034
v 0.048948 -0.371792 -0.858034
v 0.097057 -0.362222 -0.858034
v 0.047636 -0.361830 -0.883034
v 0.094457 -0.352516 -0.883034
v 0.044053 -0.334613 -0.901336
v 0.087352 -0.326000 -0.901336
v 0.039158 -0.297433 -0.908034
v 0.077646 -0.289778 -0.908034
v 0.034263 -0.260254 -0.901336
v 0.067940 -0.253556 -0.901336
v 0.100454 -0.242518 -0.901336
v 0.060835 -0.227039 -0.883034
v 0.089949 -0.217156 -0.883034
v 0.117524 -0.203558 -0.883034
v 0.086104 -0.207873 -0.858034
v 0.112500 -0.194856 -0.858034
v 0.089949 -0.217156 -0.833034
v 0.117524 -0.203558 -0.833034
v 0.100454 -0.242518 -0.814733
v 0.131250 -0.227332 -0.814733
v 0.114805 -0.277164 -0.808034
v 0.150000 -0.259808 -0.808034
v 0.129156 -0.311809 -0.814733
v 0.168750 -0.292284 -0.814733
v 0.139661 -0.337172 -0.833034
v 0.182476 -0.316058 -0.833034
v 0.143506 -0.346455 -0.858034
v 0.187500 -0.324760 -0.858034
v 0.139661 -0.337172 -0.883034
v 0.182476 -0.316058 -0.883034
v 0.129156 -0.311809 -0.901336
v 0.168750 -0.292284 -0.901336
v 0.114805 -0.277164 -0.908034
v 0.150000 -0.259808 -0.908034
v 0.182629 -0.238006 -0.908034
v 0.131250 -0.227332 -0.901336
v 0.159800 -0.208255 -0.901336
v 0.185616 -0.185616 -0.901336
v 0.143088 -0.186476 -0.883034
v 0.166204 -0.166204 -0.883034
v 0.136971 -0.178504 -0.858034
v 0.159099 -0.159099 -0.858034
v 0.143088 -0.186476 -0.833034
v 0.166204 -0.166204 -0.833034
v 0.159800 -0.208255 -0.814733
v 0.185616 -0.185616 -0.814733
v 0.182629 -0.238006 -0.808034
v 0.212132 -0.212132 -0.808034
v 0.205457 -0.267757 -0.814733
v 0.238649 -0.238649 -0.814733
v 0.222169 -0.289536 -0.833034
v 0.258060 -0.258060 -0.833034
v 0.228286 -0.297507 -0.858034
v 0.265165 -0.265165 -0.858034
v 0.222169 -0.289536 -0.883034
v 0.258060 -0.258060 -0.883034
v 0.205457 -0.267757 -0.901336
v 0.238649 -0.238649 -0.901336
v 0.267757 -0.205457 -0.901336
v 0.212132 -0.212132 -0.908034
v 0.238006 -0.182628 -0.908034
v 0.259808 -0.150000 -0.908034
v 0.208255 -0.159800 -0.901336
v 0.227332 -0.131250 -0.901336
v 0.186476 -0.143088 -0.883034
v 0.203558 -0.117524 -0.883034
v 0.178504 -0.136971 -0.858034
v 0.194856 -0.112500 -0.858034
v 0.186476 -0.143088 -0.833034
v 0.203558 -0.117524 -0.833034
v 0.208255 -0.159800 -0.814733
v 0.227332 -0.131250 -0.814733
v 0.238006 -0.182628 -0.808034
v 0.259808 -0.150000 -0.808034
v 0.267757 -0.205457 -0.814733
v 0.292284 -0.168750 -0.814733
v 0.289536 -0.222169 -0.833034
v 0.316058 -0.182476 -0.833034
v 0.297507 -0.228286 -0.858034
v 0.324760 -0.187500 -0.858034
v 0.289536 -0.222169 -0.883034
v 0.316058 -0.182476 -0.883034
v 0.337172 -0.139661 -0.883034
v 0.292284 -0.168750 -0.901336
v 0.311809 -0.129156 -0.901336
v 0.326000 -0.087351 -0.901336
v 0.277164 -0.114805 -0.908034
v 0.289778 -0.077646 -0.908034
v 0.242518 -0.100454 -0.901336
v 0.253556 -0.067940 -0.901336
v 0.217156 -0.089949 -0.883034
v 0.227039 -0.060835 -0.883034
v 0.207873 -0.086104 -0.858034
v 0.217333 -0.058234 -0.858034
v 0.217156 -0.089949 -0.833034
v 0.227039 -0.060835 -0.833034
v 0.242518 -0.100454 -0.814733
v 0.253556 -0.067940 -0.814733
v 0.277164 -0.114805 -0.808034
v 0.289778 -0.077646 -0.808034
v 0.311809 -0.129156 -0.814733
v 0.326000 -0.087351 -0.814733
v 0.337172 -0.139661 -0.833034
v 0.352517 -0.094456 -0.833034
v 0.346455 -0.143506 -0.858034
v 0.362222 -0.097057 -0.858034
v 0.371792 -0.048947 -0.858034
v 0.352517 -0.094456 -0.883034
v 0.361830 -0.047636 -0.883034
v 0.364952 0.000000 -0.883034
v 0.334613 -0.044053 -0.901336
v 0.337500 0.000000 -0.901336
v 0.297433 -0.039158 -0.908034
v 0.300000 0.000000 -0.908034
v 0.260254 -0.034263 -0.901336
v 0.262500 0.000000 -0.901336
v 0.233037 -0.030680 -0.883034
v 0.235048 0.000000 -0.883034
v 0.223075 -0.029368 -0.858034
v 0.225000 0.000000 -0.858034
v 0.233037 -0.030680 -0.833034
v 0.235048 0.000000 -0.833034
v 0.260254 -0.034263 -0.814733
v 0.262500 0.000000 -0.814733
v 0.297433 -0.039158 -0.808034
v 0.300000 0.000000 -0.808034
v 0.334613 -0.044053 -0.814733
v 0.337500 0.000000 -0.814733
v 0.361830 -0.047636 -0.833034
v 0.364952 0.000000 -0.833034
v 0.361830 0.047636 -0.833034
v 0.375000 0.000000 -0.858034
v 0.371792 0.048947 -0.858034
v 0.362222 0.097057 -0.858034
v 0.361830 0.047636 -0.883034
v 0.352517 0.094456 -0.883034
v 0.334613 0.044053 -0.901336
v 0.326000 0.087351 -0.901336
v 0.297433 0.039158 -0.908034
v 0.289778 0.077646 -0.908034
v 0.260254 0.034263 -0.901336
v 0.253556 0.067940 -0.901336
v 0.233037 0.030680 -0.883034
v 0.227039 0.060835 -0.883034
v 0.223075 0.029368 -0.858034
v 0.217333 0.058234 -0.858034
v 0.233037 0.030680 -0.833034
v 0.227039 0.060835 -0.833034
v 0.260254 0.034263 -0.814733
v 0.253556 0.067940 -0.814733
v 0.297433 0.039158 -0.808034
v 0.289778 0.077646 -0.808034
v 0.334613 0.044053 -0.814733
v 0.326000 0.087351 -0.814733
v 0.311809 0.129156 -0.814733
v 0.352517 0.094456 -0.833034
v 0.337172 0.139661 -0.833034
v 0.316058 0.182476 -0.833034
v 0.346455 0.143506 -0.858034
v 0.324759 0.187500 -0.858034
v 0.337172 0.139661 -0.883034
v 0.316058 0.182476 -0.883034
v 0.311809 0.129156 -0.901336
v 0.292284 0.168750 -0.901336
v 0.277164 0.114805 -0.908034
v 0.259808 0.150000 -0.908034
v 0.242518 0.100454 -0.901336
v 0.227332 0.131250 -0.901336
v 0.217156 0.089949 -0.883034
v 0.203558 0.117524 -0.883034
v 0.207873 0.086104 -0.858034
v 0.194856 0.112500 -0.858034
v 0.217156 0.089949 -0.833034
v 0.203558 0.117524 -0.833034
v 0.242518 0.100454 -0.814733
v 0.227332 0.131250 -0.814733
v 0.277164 0.114805 -0.808034
v 0.259808 0.150000 -0.808034
v 0.238006 0.182628 -0.808034
v 0.292284 0.168750 -0.814733
v 0.267757 0.205457 -0.814733
v 0.238649 0.238648 -0.814733
v 0.289536 0.222169 -0.833034
v 0.258060 0.258060 -0.833034
v 0.297507 0.228286 -0.858034
v 0.265165 0.265165 -0.858034
v 0.289536 0.222169 -0.883034
v 0.258060 0.258060 -0.883034
v 0.267757 0.205457 -0.901336
v 0.238649 0.238648 -0.901336
v 0.238006 0.182628 -0.908034
v 0.212132 0.212132 -0.908034
v 0.208255 0.159800 -0.901336
v 0.185616 0.185616 -0.901336
v 0.186476 0.143088 -0.883034
v 0.166204 0.166204 -0.883034
v 0.178504 0.136971 -0.858034
v 0.159099 0.159099 -0.858034
v 0.186476 0.143088 -0.833034
v 0.166204 0.166204 -0.833034
v 0.208255 0.159800 -0.814733
v 0.185616 0.185616 -0.814733
v 0.159800 0.208255 -0.814733
v 0.212132 0.212132 -0.808034
v 0.182628 0.238006 -0.808034
v 0.150000 0.259808 -0.808034
v 0.205457 0.267757 -0.814733
v 0.168750 0.292284 -0.814733
v 0.222169 0.289536 -0.833034
v 0.182476 0.316058 -0.833034
v 0.228286 0.297508 -0.858034
v 0.187500 0.324759 -0.858034
v 0.222169 0.289536 -0.883034
v 0.182476 0.316058 -0.883034
v 0.205457 0.267757 -0.901336
v 0.168750 0.292284 -0.901336
v 0.182628 0.238006 -0.908034
v 0.150000 0.259808 -0.908034
v 0.159800 0.208255 -0.901336
v 0.131250 0.227332 -0.901336
v 0.143088 0.186476 -0.883034
v 0.117524 0.203558 -0.883034
v 0.136971 0.178504 -0.858034
v 0.112500 0.194856 -0.858034
v 0.143088 0.186476 -0.833034
v 0.117524 0.203558 -0.833034
v 0.089949 0.217156 -0.833034
v 0.131250 0.227332 -0.814733
v 0.100454 0.242518 -0.814733
v 0.067940 0.253556 -0.814733
v 0.114805 0.277164 -0.808034
v 0.077646 0.289778 -0.808034
v 0.129156 0.311809 -0.814733
v 0.087351 0.326000 -0.814733
v 0.139661 0.337172 -0.833034
v 0.094456 0.352517 -0.833034
v 0.143506 0.346455 -0.858034
v 0.097057 0.362222 -0.858034
v 0.139661 0.337172 -0.883034
v 0.094456 0.352517 -0.883034
v 0.129156 0.311809 -0.901336
v 0.087351 0.326000 -0.901336
v 0.114805 0.277164 -0.908034
v 0.077646 0.289778 -0.908034
v 0.100454 0.242518 -0.901336
v 0.067940 0.253556 -0.901336
v 0.089949 0.217156 -0.883034
v 0.060835 0.227039 -0.883034
v 0.086104 0.207873 -0.858034
v 0.058234 0.217333 -0.858034
v 0.029368 0.223075 -0.858034
v 0.060835 0.227039 -0.833034
v 0.030680 0.233037 -0.833034
v -0.000000 0.235048 -0.833034
v 0.034263 0.260254 -0.814733
v -0.000000 0.262500 -0.814733
v 0.039158 0.297433 -0.808034
v -0.000000 0.300000 -0.808034
v 0.044053 0.334613 -0.814733
v -0.000000 0.337500 -0.814733
v 0.047636 0.361830 -0.833034
v -0.000000 0.364952 -0.833034
v 0.048947 0.371792 -0.858034
v -0.000000 0.375000 -0.858034
v 0.047636 0.361830 -0.883034
v -0.000000 0.364952 -0.883034
v 0.044053 0.334613 -0.901336
v -0.000000 0.337500 -0.901336
v 0.039158 0.297433 -0.908034
v -0.000000 0.300000 -0.908034
v 0.034263 0.260254 -0.901336
v -0.000000 0.262500 -0.901336
v 0.030680 0.233037 -0.883034
v -0.000000 0.235048 -0.883034
v -0.030680 0.233037 -0.883034
v -0.000000 0.225000 -0.858034
v -0.029368 0.223075 -0.858034
v -0.058234 0.217333 -0.858034
v -0.030680 0.233037 -0.833034
v -0.060835 0.227039 -0.833034
v -0.034263 0.260254 -0.814733
v -0.067940 0.253556 -0.814733
v -0.039158 0.297433 -0.808034
v -0.077646 0.289778 -0.808034
v -0.044053 0.334613 -0.814733
v -0.087351 0.326000 -0.814733
v -0.047636 0.361830 -0.833034
v -0.094457 0.352516 -0.833034
v -0.048947 0.371792 -0.858034
v -0.097057 0.362222 -0.858034
v -0.047636 0.361830 -0.883034
v -0.094457 0.352516 -0.883034
v -0.044053 0.334613 -0.901336
v -0.087351 0.326000 -0.901336
v -0.039158 0.297433 -0.908034
v -0.077646 0.289778 -0.908034
v -0.034263 0.260254 -0.901336
v -0.067940 0.253556 -0.901336
v -0.100454 0.242518 -0.901336
v -0.060835 0.227039 -0.883034
v -0.089949 0.217156 -0.883034
v -0.117524 0.203558 -0.883034
v -0.086104 0.207873 -0.858034
v -0.112500 0.194856 -0.858034
v -0.089949 0.217156 -0.833034
v -0.117524 0.203558 -0.833034
v -0.100454 0.242518 -0.814733
v -0.131250 0.227332 -0.814733
v -0.114805 0.277164 -0.808034
v -0.150000 0.259808 -0.808034
v -0.129156 0.311809 -0.814733
v -0.168750 0.292284 -0.814733
v -0.139661 0.337172 -0.833034
v -0.182476 0.316058 -0.833034
v -0.143506 0.346455 -0.858034
v -0.187500 0.324759 -0.858034
v -0.139661 0.337172 -0.883034
v -0.182476 0.316058 -0.883034
v -0.129156 0.311809 -0.901336
v -0.168750 0.292284 -0.901336
v -0.114805 0.277164 -0.908034
v -0.150000 0.259808 -0.908034
v -0.182628 0.238006 -0.908034
v -0.131250 0.227332 -0.901336
v -0.159800 0.208255 -0.901336
v -0.185616 0.185616 -0.901336
v -0.143088 0.186476 -0.883034
v -0.166204 0.166204 -0.883034
v -0.136971 0.178504 -0.858034
v -0.159099 0.159099 -0.858034
v -0.143088 0.186476 -0.833034
v -0.166204 0.166204 -0.833034
v -0.159800 0.208255 -0.814733
v -0.185616 0.185616 -0.814733
v -0.182628 0.238006 -0.808034
v -0.212132 0.212132 -0.808034
v -0.205457 0.267757 -0.814733
v -0.238649 0.238649 -0.814733
v -0.222169 0.289536 -0.833034
v -0.258060 0.258060 -0.833034
v -0.228286 0.297508 -0.858034
v -0.265165 0.265165 -0.858034
v -0.222169 0.289536 -0.883034
v -0.258060 0.258060 -0.883034
v -0.205457 0.267757 -0.901336
v -0.238649 0.238649 -0.901336
v -0.267757 0.205457 -0.901336
v -0.212132 0.212132 -0.908034
v -0.238006 0.182628 -0.908034
v -0.259808 0.150000 -0.908034
v -0.208255 0.159800 -0.901336
v -0.227332 0.131250 -0.901336
v -0.186476 0.143088 -0.883034
v -0.203558 0.117524 -0.883034
v -0.178505 0.136971 -0.858034
v -0.194856 0.112500 -0.858034
v -0.186476 0.143088 -0.833034
v -0.203558 0.117524 -0.833034
v -0.208255 0.159800 -0.814733
v -0.227332 0.131250 -0.814733
v -0.238006 0.182628 -0.808034
v -0.259808 0.150000 -0.808034
v -0.267757 0.205457 -0.814733
v -0.292284 0.168750 -0.814733
v -0.289536 0.222169 -0.833034
v -0.316058 0.182476 -0.833034
v -0.297508 0.228286 -0.858034
v -0.324760 0.187500 -0.858034
v -0.289536 0.222169 -0.883034
v -0.316058 0.182476 -0.883034
v -0.337172 0.139661 -0.883034
v -0.292284 0.168750 -0.901336
v -0.311809 0.129156 -0.901336
v -0.326000 0.087351 -0.901336
v -0.277164 0.114805 -0.908034
v -0.289778 0.077646 -0.908034
v -0.242518 0.100454 -0.901336
v -0.253556 0.067940 -0.901336
v -0.217156 0.089949 -0.883034
v -0.227039 0.060835 -0.883034
v -0.207873 0.086104 -0.858034
v -0.217333 0.058234 -0.858034
v -0.217156 0.089949 -0.833034
v -0.227039 0.060835 -0.833034
v -0.242518 0.100454 -0.814733
v -0.253556 0.067940 -0.814733
v -0.277164 0.114805 -0.808034
v -0.289778 0.077646 -0.808034
v -0.311809 0.129156 -0.814733
v -0.326000 0.087351 -0.814733
v -0.337172 0.139661 -0.833034
v -0.352516 0.094456 -0.833034
v -0.346455 0.143506 -0.858034
v -0.362222 0.097057 -0.858034
v -0.352516 0.094456 -0.883034
v -0.361830 0.047636 -0.883034
v -0.361830 0.047636 -0.833034
v -0.334613 0.044053 -0.814733
v -0.297433 0.039158 -0.808034
v -0.337500 0.000000 -0.814733
v -0.233037 0.030680 -0.883034
v 0.000000 0.250000 -0.867108
v -0.048773 0.245196 -0.867108
v -0.047835 0.245196 -0.870915
v -0.045060 0.245196 -0.874574
v -0.040553 0.245196 -0.877947
v -0.034487 0.245196 -0.880903
v -0.027097 0.245196 -0.883330
v -0.018664 0.245196 -0.885132
v -0.009515 0.245196 -0.886243
v 0.000000 0.245196 -0.886618
v 0.009515 0.245196 -0.886243
v 0.018664 0.245196 -0.885132
v 0.027097 0.245196 -0.883330
v 0.034487 0.245196 -0.880903
v 0.040553 0.245196 -0.877947
v 0.045060 0.245196 -0.874574
v 0.047835 0.245196 -0.870915
v 0.048773 0.245196 -0.867108
v 0.095671 0.230970 -0.867108
v 0.138892 0.207867 -0.867108
v 0.093833 0.230970 -0.874574
v 0.136224 0.207867 -0.877947
v 0.088388 0.230970 -0.881753
v 0.128320 0.207867 -0.888369
v 0.079547 0.230970 -0.888369
v 0.115485 0.207867 -0.897974
v 0.067649 0.230970 -0.894168
v 0.098212 0.207867 -0.906393
v 0.053152 0.230970 -0.898927
v 0.077165 0.207867 -0.913302
v 0.036612 0.230970 -0.902464
v 0.053152 0.207867 -0.918436
v 0.018664 0.230970 -0.904642
v 0.027097 0.207867 -0.921598
v 0.000000 0.230970 -0.905377
v 0.000000 0.207867 -0.922665
v -0.018664 0.230970 -0.904642
v -0.027097 0.207867 -0.921598
v -0.036612 0.230970 -0.902464
v -0.053152 0.207867 -0.918436
v -0.053152 0.230970 -0.898927
v -0.077165 0.207867 -0.913303
v -0.067649 0.230970 -0.894168
v -0.098212 0.207867 -0.906393
v -0.079547 0.230970 -0.888369
v -0.115485 0.207867 -0.897974
v -0.088388 0.230970 -0.881753
v -0.128320 0.207867 -0.888369
v -0.093833 0.230970 -0.874574
v -0.136224 0.207867 -0.877947
v -0.095671 0.230970 -0.867108
v -0.138893 0.207867 -0.867108
v -0.176777 0.176777 -0.867108
v -0.207867 0.138893 -0.867108
v -0.173380 0.176777 -0.880903
v -0.203873 0.138893 -0.883330
v -0.163320 0.176777 -0.894168
v -0.192044 0.138893 -0.898927
v -0.146984 0.176777 -0.906393
v -0.172835 0.138893 -0.913303
v -0.125000 0.176777 -0.917108
v -0.146984 0.138893 -0.925902
v -0.098212 0.176777 -0.925902
v -0.115485 0.138893 -0.936243
v -0.067649 0.176777 -0.932437
v -0.079547 0.138893 -0.943926
v -0.034487 0.176777 -0.936460
v -0.040553 0.138893 -0.948658
v 0.000000 0.176777 -0.937819
v 0.000000 0.138893 -0.950255
v 0.034487 0.176777 -0.936460
v 0.040553 0.138893 -0.948658
v 0.067649 0.176777 -0.932437
v 0.079547 0.138893 -0.943926
v 0.098212 0.176777 -0.925902
v 0.115485 0.138893 -0.936243
v 0.125000 0.176777 -0.917108
v 0.146984 0.138893 -0.925902
v 0.146984 0.176777 -0.906393
v 0.172835 0.138893 -0.913302
v 0.163320 0.176777 -0.894168
v 0.192044 0.138893 -0.898927
v 0.173380 0.176777 -0.880903
v 0.203873 0.138893 -0.883330
v 0.176777 0.176777 -0.867108
v 0.207867 0.138893 -0.867108
v 0.230970 0.095671 -0.867108
v 0.245196 0.048773 -0.867108
v 0.226532 0.095671 -0.885132
v 0.240485 0.048773 -0.886243
v 0.213388 0.095671 -0.902464
v 0.226532 0.048773 -0.904642
v 0.192044 0.095671 -0.918436
v 0.203873 0.048773 -0.921598
v 0.163320 0.095671 -0.932437
v 0.173380 0.048773 -0.936460
v 0.128320 0.095671 -0.943926
v 0.136224 0.048773 -0.948658
v 0.088388 0.095671 -0.952464
v 0.093833 0.048773 -0.957721
v 0.045060 0.095671 -0.957721
v 0.047835 0.048773 -0.963302
v -0.000000 0.095671 -0.959496
v 0.000000 0.048773 -0.965187
v -0.045060 0.095671 -0.957721
v -0.047835 0.048773 -0.963302
v -0.088388 0.095671 -0.952464
v -0.093833 0.048773 -0.957721
v -0.128320 0.095671 -0.943926
v -0.136224 0.048773 -0.948658
v -0.163320 0.095671 -0.932437
v -0.173380 0.048773 -0.936460
v -0.192044 0.095671 -0.918436
v -0.203873 0.048773 -0.921598
v -0.213388 0.095671 -0.902464
v -0.226532 0.048773 -0.904642
v -0.226532 0.095671 -0.885132
v -0.240485 0.048773 -0.886243
v -0.230970 0.095671 -0.867108
v -0.245196 0.048773 -0.867108
v -0.250000 0.000000 -0.867108
v -0.245196 -0.048773 -0.867108
v -0.245196 0.000000 -0.886618
v -0.240485 -0.048773 -0.886243
v -0.230970 0.000000 -0.905377
v -0.226532 -0.048773 -0.904642
v -0.207867 0.000000 -0.922665
v -0.203873 -0.048773 -0.921598
v -0.176777 0.000000 -0.937819
v -0.173380 -0.048773 -0.936460
v -0.138892 0.000000 -0.950256
v -0.136224 -0.048773 -0.948658
v -0.095671 0.000000 -0.959496
v -0.093833 -0.048773 -0.957721
v -0.048772 0.000000 -0.965187
v -0.047835 -0.048773 -0.963302
v 0.000000 0.000000 -0.967108
v 0.000000 -0.048773 -0.965187
v 0.048773 0.000000 -0.965187
v 0.047835 -0.048773 -0.963302
v 0.095671 0.000000 -0.959496
v 0.093833 -0.048773 -0.957721
v 0.138893 0.000000 -0.950255
v 0.136224 -0.048773 -0.948658
v 0.176777 0.000000 -0.937819
v 0.173380 -0.048773 -0.936460
v 0.207867 0.000000 -0.922665
v 0.203873 -0.048773 -0.921598
v 0.230970 0.000000 -0.905377
v 0.226532 -0.048773 -0.904642
v 0.245196 0.000000 -0.886618
v 0.240485 -0.048773 -0.886243
v 0.250000 0.000000 -0.867108
v 0.245196 -0.048773 -0.867108
v 0.230970 -0.095671 -0.867108
v 0.207867 -0.138893 -0.867108
v 0.226532 -0.095671 -0.885132
v 0.203873 -0.138893 -0.883330
v 0.213388 -0.095671 -0.902464
v 0.192044 -0.138893 -0.898927
v 0.192044 -0.095671 -0.918436
v 0.172835 -0.138893 -0.913302
v 0.163320 -0.095671 -0.932437
v 0.146984 -0.138893 -0.925902
v 0.128320 -0.095671 -0.943926
v 0.115485 -0.138893 -0.936243
v 0.088388 -0.095671 -0.952464
v 0.079547 -0.138893 -0.943926
v 0.045060 -0.095671 -0.957721
v 0.040553 -0.138893 -0.948658
v -0.000000 -0.095671 -0.959496
v 0.000000 -0.138893 -0.950255
v -0.045060 -0.095671 -0.957721
v -0.040553 -0.138893 -0.948658
v -0.088388 -0.095671 -0.952464
v -0.079547 -0.138893 -0.943926
v -0.128320 -0.095671 -0.943926
v -0.115485 -0.138893 -0.936243
v -0.163320 -0.095671 -0.932437
v -0.146984 -0.138893 -0.925902
v -0.192044 -0.095671 -0.918436
v -0.172835 -0.138893 -0.913303
v -0.213388 -0.095671 -0.902464
v -0.192044 -0.138893 -0.898927
v -0.226532 -0.095671 -0.885132
v -0.203873 -0.138893 -0.883330
v -0.230970 -0.095671 -0.867108
v -0.207867 -0.138893 -0.867108
v -0.176777 -0.176777 -0.867108
v -0.138893 -0.207867 -0.867108
v -0.173380 -0.176777 -0.880903
v -0.136224 -0.207867 -0.877947
v -0.163320 -0.176777 -0.894168
v -0.128320 -0.207867 -0.888369
v -0.146984 -0.176777 -0.906393
v -0.115485 -0.207867 -0.897974
v -0.125000 -0.176777 -0.917108
v -0.098212 -0.207867 -0.906393
v -0.098212 -0.176777 -0.925902
v -0.077165 -0.207867 -0.913303
v -0.067649 -0.176777 -0.932437
v -0.053152 -0.207867 -0.918436
v -0.034487 -0.176777 -0.936460
v -0.027097 -0.207867 -0.921598
v 0.000000 -0.176777 -0.937819
v 0.000000 -0.207867 -0.922665
v 0.034487 -0.176777 -0.936460
v 0.027097 -0.207867 -0.921598
v 0.067649 -0.176777 -0.932437
v 0.053152 -0.207867 -0.918436
v 0.098212 -0.176777 -0.925902
v 0.077165 -0.207867 -0.913302
v 0.125000 -0.176777 -0.917108
v 0.098212 -0.207867 -0.906393
v 0.146984 -0.176777 -0.906393
v 0.115485 -0.207867 -0.897974
v 0.163320 -0.176777 -0.894168
v 0.128320 -0.207867 -0.888369
v 0.173380 -0.176777 -0.880903
v 0.136224 -0.207867 -0.877947
v 0.176777 -0.176777 -0.867108
v 0.138892 -0.207867 -0.867108
v 0.095671 -0.230970 -0.867108
v 0.048773 -0.245196 -0.867108
v 0.093833 -0.230970 -0.874574
v 0.047835 -0.245196 -0.870915
v 0.088388 -0.230970 -0.881753
v 0.045060 -0.245196 -0.874574
v 0.079547 -0.230970 -0.888369
v 0.040553 -0.245196 -0.877947
v 0.067649 -0.230970 -0.894168
v 0.034487 -0.245196 -0.880903
v 0.053152 -0.230970 -0.898927
v 0.027097 -0.245196 -0.883330
v 0.036612 -0.230970 -0.902464
v 0.018664 -0.245196 -0.885132
v 0.018664 -0.230970 -0.904642
v 0.009515 -0.245196 -0.886243
v 0.000000 -0.230970 -0.905377
v 0.000000 -0.245196 -0.886618
v -0.018664 -0.230970 -0.904642
v -0.009515 -0.245196 -0.886243
v -0.036612 -0.230970 -0.902464
v -0.018664 -0.245196 -0.885132
v -0.053152 -0.230970 -0.898927
v -0.027097 -0.245196 -0.883330
v -0.067649 -0.230970 -0.894168
v -0.034487 -0.245196 -0.880903
v -0.079547 -0.230970 -0.888369
v -0.040553 -0.245196 -0.877947
v -0.088388 -0.230970 -0.881753
v -0.045060 -0.245196 -0.874574
v -0.093833 -0.230970 -0.874574
v -0.047835 -0.245196 -0.870915
v -0.095671 -0.230970 -0.867108
v -0.048773 -0.245196 -0.867108
v 0.000000 -0.250000 -0.867108
vn -0.0000 -0.0000 -1.0000
vn -1.0000 -0.0000 -0.0000
vn -0.0000 1.0000 -0.0000
vn 1.0000 -0.0000 -0.0000
vn -0.0000 -0.0000 1.0000
vn 0.5774 -0.5774 -0.5774
vn 0.5773 0.5774 -0.5774
vn 0.5774 -0.5774 0.5774
vn 0.5773 0.5774 0.5773
vn -0.5774 -0.5774 -0.5774
vn -0.5774 0.5774 -0.5774
vn -0.5774 -0.5774 0.5774
vn -0.5774 0.5774 0.5773
vn 0.7071 -0.7071 -0.0000
vn 0.7071 -0.0000 -0.7071
vn 0.7071 0.7071 -0.0000
vn 0.7071 -0.0000 0.7071
vn -0.0000 -0.7071 0.7071
vn -0.0000 0.7071 0.7071
vn -0.7071 -0.0000 0.7071
vn -0.7071 -0.7071 -0.0000
vn -0.7071 0.7071 -0.0000
vn -0.7071 -0.0000 -0.7071
vn -0.0000 -0.7071 -0.7071
vn -0.0000 0.7071 -0.7071
vn -0.0000 -1.0000 -0.0000
vn 0.0695 0.7054 -0.7054
vn 0.2058 0.6783 -0.7054
vn 0.3341 0.6251 -0.7054
vn 0.4497 0.5479 -0.7054
vn 0.5479 0.4497 -0.7054
vn 0.6251 0.3341 -0.7054
vn 0.6783 0.2058 -0.7054
vn 0.7054 0.0695 -0.7054
vn 0.7054 -0.0695 -0.7054
vn 0.6783 -0.2058 -0.7054
vn 0.6251 -0.3341 -0.7054
vn 0.5479 -0.4497 -0.7054
vn 0.4497 -0.5479 -0.7054
vn 0.3341 -0.6251 -0.7054
vn 0.2058 -0.6783 -0.7054
vn 0.0695 -0.7054 -0.7054
vn -0.0695 -0.7054 -0.7054
vn -0.2058 -0.6783 -0.7054
vn -0.3341 -0.6251 -0.7054
vn -0.4497 -0.5479 -0.7054
vn -0.5479 -0.4497 -0.7054
vn -0.6251 -0.3341 -0.7054
vn -0.6783 -0.2058 -0.7054
vn -0.7054 -0.0695 -0.7054
vn -0.7054 0.0695 -0.7054
vn -0.6783 0.2058 -0.7054
vn -0.6251 0.3341 -0.7054
vn -0.5479 0.4497 -0.7054
vn -0.4497 0.5479 -0.7054
vn -0.3341 0.6251 -0.7054
vn -0.2058 0.6783 -0.7054
vn -0.0695 0.7054 -0.7054
vn -0.8799 0.0577 -0.4716
vn -0.8799 -0.0577 -0.4716
vn -0.8799 0.0577 0.4716
vn -0.8799 -0.0577 0.4716
vn -0.8649 -0.1720 -0.4716
vn -0.8649 -0.1720 0.4716
vn -0.4394 -0.0874 0.8940
vn -0.4470 -0.0293 0.8940
vn -0.4242 -0.1440 0.8940
vn -0.8350 -0.2835 0.4716
vn -0.4018 -0.1981 0.8940
vn -0.7909 -0.3900 0.4716
vn -0.7909 -0.3900 -0.4716
vn -0.8350 -0.2835 -0.4716
vn -0.4018 -0.1981 -0.8940
vn -0.4242 -0.1440 -0.8940
vn -0.4394 -0.0874 -0.8940
vn -0.1260 -0.0428 -0.9911
vn -0.1305 -0.0260 -0.9911
vn -0.4470 -0.0293 -0.8940
vn -0.1328 -0.0087 -0.9911
vn -0.4470 0.0293 -0.8940
vn -0.1328 0.0087 -0.9911
vn 0.1328 -0.0087 -0.9911
vn 0.1328 0.0087 -0.9911
vn 0.4470 -0.0293 -0.8940
vn 0.4470 0.0293 -0.8940
vn 0.1305 0.0260 -0.9911
vn 0.4394 0.0874 -0.8940
vn 0.8649 0.1720 -0.4716
vn 0.8799 0.0577 -0.4716
vn 0.8649 0.1720 0.4716
vn 0.8799 0.0577 0.4716
vn 0.8799 -0.0577 -0.4716
vn 0.8799 -0.0577 0.4716
vn 0.4470 -0.0293 0.8940
vn 0.4470 0.0293 0.8940
vn 0.1328 -0.0087 0.9911
vn 0.1328 0.0087 0.9911
vn 0.4394 0.0874 0.8940
vn 0.1305 0.0260 0.9911
vn -0.1305 -0.0260 0.9911
vn -0.1328 -0.0087 0.9911
vn 0.1260 0.0428 0.9911
vn -0.1260 -0.0428 0.9911
vn 0.1193 0.0589 0.9911
vn -0.1193 -0.0589 0.9911
vn 0.1106 0.0739 0.9911
vn -0.1106 -0.0739 0.9911
vn -0.3725 -0.2489 0.8940
vn -0.1000 -0.0877 0.9911
vn -0.3368 -0.2954 0.8940
vn -0.6630 -0.5814 0.4716
vn -0.7332 -0.4899 0.4716
vn -0.6630 -0.5814 -0.4716
vn -0.7332 -0.4899 -0.4716
vn -0.3368 -0.2954 -0.8940
vn -0.3725 -0.2489 -0.8940
vn -0.1000 -0.0877 -0.9911
vn -0.1106 -0.0739 -0.9911
vn -0.1193 -0.0589 -0.9911
vn 0.1106 0.0739 -0.9911
vn 0.1193 0.0589 -0.9911
vn 0.1260 0.0428 -0.9911
vn 0.4018 0.1981 -0.8940
vn 0.4242 0.1440 -0.8940
vn 0.7909 0.3900 -0.4716
vn 0.8350 0.2835 -0.4716
vn 0.7909 0.3900 0.4716
vn 0.8350 0.2835 0.4716
vn 0.4018 0.1981 0.8940
vn 0.4242 0.1440 0.8940
vn 0.7332 0.4899 0.4716
vn 0.3725 0.2489 0.8940
vn 0.6630 0.5814 0.4716
vn 0.3368 0.2954 0.8940
vn 0.1000 0.0877 0.9911
vn 0.2954 0.3368 0.8940
vn 0.0877 0.1000 0.9911
vn -0.0877 -0.1000 0.9911
vn 0.0739 0.1106 0.9911
vn -0.0739 -0.1106 0.9911
vn -0.2489 -0.3725 0.8940
vn -0.2954 -0.3368 0.8940
vn -0.4899 -0.7332 0.4716
vn -0.5814 -0.6630 0.4716
vn -0.4899 -0.7332 -0.4716
vn -0.5814 -0.6630 -0.4716
vn -0.2489 -0.3725 -0.8940
vn -0.2954 -0.3368 -0.8940
vn -0.0739 -0.1106 -0.9911
vn -0.0877 -0.1000 -0.9911
vn 0.0739 0.1106 -0.9911
vn 0.0877 0.1000 -0.9911
vn 0.1000 0.0877 -0.9911
vn 0.2954 0.3368 -0.8940
vn 0.3368 0.2954 -0.8940
vn 0.3725 0.2489 -0.8940
vn 0.6630 0.5814 -0.4716
vn 0.7332 0.4899 -0.4716
vn 0.5814 0.6630 -0.4716
vn 0.5814 0.6630 0.4716
vn 0.4899 0.7332 -0.4716
vn 0.4899 0.7332 0.4716
vn 0.2489 0.3725 0.8940
vn 0.3900 0.7909 0.4716
vn 0.1981 0.4018 0.8940
vn 0.0589 0.1193 0.9911
vn 0.1440 0.4242 0.8940
vn 0.0428 0.1260 0.9911
vn -0.0428 -0.1260 0.9911
vn -0.0589 -0.1193 0.9911
vn -0.1440 -0.4242 0.8940
vn -0.1981 -0.4018 0.8940
vn -0.2835 -0.8350 0.4716
vn -0.3900 -0.7909 0.4716
vn -0.2835 -0.8350 -0.4716
vn -0.3900 -0.7909 -0.4716
vn -0.1440 -0.4242 -0.8940
vn -0.1981 -0.4018 -0.8940
vn -0.0428 -0.1260 -0.9911
vn -0.0589 -0.1193 -0.9911
vn 0.0428 0.1260 -0.9911
vn 0.0589 0.1193 -0.9911
vn 0.1440 0.4242 -0.8940
vn 0.1981 0.4018 -0.8940
vn 0.2489 0.3725 -0.8940
vn 0.3900 0.7909 -0.4716
vn 0.2835 0.8350 -0.4716
vn 0.2835 0.8350 0.4716
vn 0.1720 0.8649 -0.4716
vn 0.1720 0.8649 0.4716
vn 0.0874 0.4394 0.8940
vn 0.0577 0.8799 0.4716
vn 0.0293 0.4470 0.8940
vn 0.0087 0.1328 0.9911
vn 0.0260 0.1305 0.9911
vn -0.0087 -0.1328 0.9911
vn -0.0260 -0.1305 0.9911
vn -0.0293 -0.4470 0.8940
vn -0.0874 -0.4394 0.8940
vn -0.0577 -0.8799 0.4716
vn -0.1720 -0.8649 0.4716
vn -0.0577 -0.8799 -0.4716
vn -0.1720 -0.8649 -0.4716
vn -0.0293 -0.4470 -0.8940
vn -0.0874 -0.4394 -0.8940
vn -0.0087 -0.1328 -0.9911
vn -0.0260 -0.1305 -0.9911
vn 0.0087 0.1328 -0.9911
vn 0.0260 0.1305 -0.9911
vn 0.0293 0.4470 -0.8940
vn 0.0874 0.4394 -0.8940
vn 0.0577 0.8799 -0.4716
vn -0.0293 0.4470 -0.8940
vn -0.0577 0.8799 -0.4716
vn -0.0577 0.8799 0.4716
vn -0.1720 0.8649 -0.4716
vn -0.1720 0.8649 0.4716
vn -0.0874 0.4394 0.8940
vn -0.0293 0.4470 0.8940
vn -0.0260 0.1305 0.9911
vn -0.0087 0.1328 0.9911
vn 0.0260 -0.1305 0.9911
vn 0.0087 -0.1328 0.9911
vn 0.0874 -0.4394 0.8940
vn 0.0293 -0.4470 0.8940
vn 0.1720 -0.8649 0.4716
vn 0.0577 -0.8799 0.4716
vn 0.1720 -0.8649 -0.4716
vn 0.0577 -0.8799 -0.4716
vn 0.0874 -0.4394 -0.8940
vn 0.0293 -0.4470 -0.8940
vn 0.0260 -0.1305 -0.9911
vn 0.0087 -0.1328 -0.9911
vn -0.0260 0.1305 -0.9911
vn -0.0087 0.1328 -0.9911
vn -0.0874 0.4394 -0.8940
vn -0.0428 0.1260 -0.9911
vn -0.1440 0.4242 -0.8940
vn -0.2835 0.8350 -0.4716
vn -0.1981 0.4018 -0.8940
vn -0.3900 0.7909 -0.4716
vn -0.3900 0.7909 0.4716
vn -0.2835 0.8350 0.4716
vn -0.1981 0.4018 0.8940
vn -0.1440 0.4242 0.8940
vn -0.0589 0.1193 0.9911
vn -0.0428 0.1260 0.9911
vn 0.0589 -0.1193 0.9911
vn 0.0428 -0.1260 0.9911
vn 0.1981 -0.4018 0.8940
vn 0.1440 -0.4242 0.8940
vn 0.3900 -0.7909 0.4716
vn 0.2835 -0.8350 0.4716
vn 0.3900 -0.7909 -0.4716
vn 0.2835 -0.8350 -0.4716
vn 0.1981 -0.4018 -0.8940
vn 0.1440 -0.4242 -0.8940
vn 0.0589 -0.1193 -0.9911
vn 0.0428 -0.1260 -0.9911
vn -0.0589 0.1193 -0.9911
vn 0.0739 -0.1106 -0.9911
vn -0.0739 0.1106 -0.9911
vn -0.2489 0.3725 -0.8940
vn -0.0877 0.1000 -0.9911
vn -0.2954 0.3368 -0.8940
vn -0.5814 0.6630 -0.4716
vn -0.4899 0.7332 -0.4716
vn -0.5814 0.6630 0.4716
vn -0.4899 0.7332 0.4716
vn -0.2954 0.3368 0.8940
vn -0.2489 0.3725 0.8940
vn -0.0877 0.1000 0.9911
vn -0.0739 0.1106 0.9911
vn 0.0877 -0.1000 0.9911
vn 0.0739 -0.1106 0.9911
vn 0.2954 -0.3368 0.8940
vn 0.2489 -0.3725 0.8940
vn 0.5814 -0.6630 0.4716
vn 0.4899 -0.7332 0.4716
vn 0.5814 -0.6630 -0.4716
vn 0.4899 -0.7332 -0.4716
vn 0.2954 -0.3368 -0.8940
vn 0.2489 -0.3725 -0.8940
vn 0.0877 -0.1000 -0.9911
vn 0.3368 -0.2954 -0.8940
vn 0.1000 -0.0877 -0.9911
vn -0.1000 0.0877 -0.9911
vn 0.1106 -0.0739 -0.9911
vn -0.1106 0.0739 -0.9911
vn -0.3725 0.2489 -0.8940
vn -0.3368 0.2954 -0.8940
vn -0.7332 0.4899 -0.4716
vn -0.6630 0.5814 -0.4716
vn -0.7332 0.4899 0.4716
vn -0.6630 0.5814 0.4716
vn -0.3725 0.2489 0.8940
vn -0.3368 0.2954 0.8940
vn -0.1106 0.0739 0.9911
vn -0.1000 0.0877 0.9911
vn 0.1106 -0.0739 0.9911
vn 0.1000 -0.0877 0.9911
vn 0.3725 -0.2489 0.8940
vn 0.3368 -0.2954 0.8940
vn 0.7332 -0.4899 0.4716
vn 0.6630 -0.5814 0.4716
vn 0.7332 -0.4899 -0.4716
vn 0.6630 -0.5814 -0.4716
vn 0.3725 -0.2489 -0.8940
vn 0.7909 -0.3900 -0.4716
vn 0.4018 -0.1981 -0.8940
vn 0.1193 -0.0589 -0.9911
vn 0.4242 -0.1440 -0.8940
vn 0.1260 -0.0428 -0.9911
vn -0.1260 0.0428 -0.9911
vn -0.1193 0.0589 -0.9911
vn -0.4242 0.1440 -0.8940
vn -0.4018 0.1981 -0.8940
vn -0.8350 0.2835 -0.4716
vn -0.7909 0.3900 -0.4716
vn -0.8350 0.2835 0.4716
vn -0.7909 0.3900 0.4716
vn -0.4242 0.1440 0.8940
vn -0.4018 0.1981 0.8940
vn -0.1260 0.0428 0.9911
vn -0.1193 0.0589 0.9911
vn 0.1260 -0.0428 0.9911
vn 0.1193 -0.0589 0.9911
vn 0.4242 -0.1440 0.8940
vn 0.4018 -0.1981 0.8940
vn 0.8350 -0.2835 0.4716
vn 0.7909 -0.3900 0.4716
vn 0.8350 -0.2835 -0.4716
vn 0.8649 -0.1720 -0.4716
vn 0.8649 -0.1720 0.4716
vn 0.4394 -0.0874 -0.8940
vn 0.1305 -0.0260 -0.9911
vn -0.1305 0.0260 -0.9911
vn -0.4394 0.0874 -0.8940
vn -0.8649 0.1720 -0.4716
vn -0.8649 0.1720 0.4716
vn -0.4470 0.0293 0.8940
vn -0.4394 0.0874 0.8940
vn -0.1328 0.0087 0.9911
vn -0.1305 0.0260 0.9911
vn 0.1305 -0.0260 0.9911
vn 0.4394 -0.0874 0.8940
vn 0.2535 0.3794 0.8898
vn 0.4802 0.7394 0.4718
vn 0.6418 0.7318 0.2291
vn 0.5639 0.6780 -0.4716
vn 0.5004 0.7285 -0.4678
vn 0.2949 0.3545 -0.8873
vn 0.3517 0.4010 -0.8459
vn 0.2136 0.3385 0.9164
vn 0.2072 0.8568 0.4722
vn 0.4706 0.7458 0.4716
vn 0.2072 0.8568 -0.4722
vn 0.4706 0.7458 -0.4716
vn 0.2136 0.3385 -0.9164
vn -0.9261 0.0607 -0.3722
vn -0.9262 -0.0607 -0.3722
vn -0.9261 0.0607 0.3722
vn -0.9262 -0.0607 0.3722
vn -0.9103 -0.1811 -0.3722
vn -0.9103 -0.1811 0.3722
vn -0.5448 -0.1084 0.8315
vn -0.5543 -0.0363 0.8315
vn -0.5260 -0.1786 0.8315
vn -0.8789 -0.2983 0.3722
vn -0.4982 -0.2457 0.8315
vn -0.8324 -0.4105 0.3722
vn -0.8324 -0.4105 -0.3722
vn -0.8789 -0.2983 -0.3722
vn -0.4982 -0.2457 -0.8315
vn -0.5260 -0.1786 -0.8315
vn -0.5448 -0.1084 -0.8315
vn -0.1669 -0.0566 -0.9844
vn -0.1728 -0.0344 -0.9844
vn -0.5543 -0.0363 -0.8315
vn -0.1758 -0.0115 -0.9844
vn -0.5543 0.0363 -0.8315
vn -0.1758 0.0115 -0.9844
vn 0.1758 -0.0115 -0.9844
vn 0.1758 0.0115 -0.9844
vn 0.5543 -0.0363 -0.8315
vn 0.5543 0.0363 -0.8315
vn 0.1728 0.0344 -0.9844
vn 0.5448 0.1084 -0.8315
vn 0.9103 0.1811 -0.3722
vn 0.9261 0.0607 -0.3722
vn 0.9103 0.1811 0.3722
vn 0.9261 0.0607 0.3722
vn 0.9261 -0.0607 -0.3722
vn 0.9261 -0.0607 0.3722
vn 0.5543 -0.0363 0.8315
vn 0.5543 0.0363 0.8315
vn 0.1758 -0.0115 0.9844
vn 0.1758 0.0115 0.9844
vn 0.5448 0.1084 0.8315
vn 0.1728 0.0344 0.9844
vn -0.1728 -0.0344 0.9844
vn -0.1758 -0.0115 0.9844
vn 0.1669 0.0566 0.9844
vn -0.1669 -0.0566 0.9844
vn 0.1580 0.0779 0.9844
vn -0.1580 -0.0779 0.9844
vn 0.1465 0.0979 0.9844
vn -0.1465 -0.0979 0.9844
vn -0.4619 -0.3086 0.8315
vn -0.1325 -0.1162 0.9844
vn -0.4177 -0.3663 0.8315
vn -0.6978 -0.6120 0.3722
vn -0.7717 -0.5156 0.3722
vn -0.6978 -0.6120 -0.3722
vn -0.7717 -0.5156 -0.3722
vn -0.4177 -0.3663 -0.8315
vn -0.4619 -0.3086 -0.8315
vn -0.1325 -0.1162 -0.9844
vn -0.1465 -0.0979 -0.9844
vn -0.1580 -0.0779 -0.9844
vn 0.1465 0.0979 -0.9844
vn 0.1580 0.0779 -0.9844
vn 0.1669 0.0566 -0.9844
vn 0.4982 0.2457 -0.8315
vn 0.5260 0.1786 -0.8315
vn 0.8324 0.4105 -0.3722
vn 0.8789 0.2983 -0.3722
vn 0.8324 0.4105 0.3722
vn 0.8789 0.2983 0.3722
vn 0.4982 0.2457 0.8315
vn 0.5260 0.1786 0.8315
vn 0.7717 0.5156 0.3722
vn 0.4619 0.3086 0.8315
vn 0.6978 0.6120 0.3722
vn 0.4177 0.3663 0.8315
vn 0.1325 0.1162 0.9844
vn 0.3663 0.4177 0.8315
vn 0.1162 0.1325 0.9844
vn -0.1162 -0.1325 0.9844
vn 0.0979 0.1465 0.9844
vn -0.0979 -0.1465 0.9844
vn -0.3086 -0.4619 0.8315
vn -0.3663 -0.4177 0.8315
vn -0.5156 -0.7717 0.3722
vn -0.6120 -0.6978 0.3722
vn -0.5156 -0.7717 -0.3722
vn -0.6120 -0.6978 -0.3722
vn -0.3086 -0.4619 -0.8315
vn -0.3663 -0.4177 -0.8315
vn -0.0979 -0.1465 -0.9844
vn -0.1162 -0.1325 -0.9844
vn 0.0979 0.1465 -0.9844
vn 0.1162 0.1325 -0.9844
vn 0.1325 0.1162 -0.9844
vn 0.3663 0.4177 -0.8315
vn 0.4177 0.3663 -0.8315
vn 0.4619 0.3086 -0.8315
vn 0.6978 0.6120 -0.3722
vn 0.7717 0.5156 -0.3722
vn 0.6120 0.6978 -0.3722
vn 0.6120 0.6978 0.3722
vn 0.5156 0.7717 -0.3722
vn 0.5156 0.7717 0.3722
vn 0.3086 0.4619 0.8315
vn 0.4105 0.8324 0.3722
vn 0.2457 0.4982 0.8315
vn 0.0779 0.1580 0.9844
vn 0.1786 0.5260 0.8315
vn 0.0566 0.1669 0.9844
vn -0.0566 -0.1669 0.9844
vn -0.0779 -0.1580 0.9844
vn -0.1786 -0.5260 0.8315
vn -0.2457 -0.4982 0.8315
vn -0.2983 -0.8789 0.3722
vn -0.4105 -0.8324 0.3722
vn -0.2983 -0.8789 -0.3722
vn -0.4105 -0.8324 -0.3722
vn -0.1786 -0.5260 -0.8315
vn -0.2457 -0.4982 -0.8315
vn -0.0566 -0.1669 -0.9844
vn -0.0779 -0.1580 -0.9844
vn 0.0566 0.1669 -0.9844
vn 0.0779 0.1580 -0.9844
vn 0.1786 0.5260 -0.8315
vn 0.2457 0.4982 -0.8315
vn 0.3086 0.4619 -0.8315
vn 0.4105 0.8324 -0.3722
vn 0.2983 0.8789 -0.3722
vn 0.2983 0.8789 0.3722
vn 0.1811 0.9103 -0.3722
vn 0.1811 0.9103 0.3722
vn 0.1084 0.5448 0.8315
vn 0.0607 0.9262 0.3722
vn 0.0363 0.5543 0.8315
vn 0.0115 0.1758 0.9844
vn 0.0344 0.1728 0.9844
vn -0.0115 -0.1758 0.9844
vn -0.0344 -0.1728 0.9844
vn -0.0363 -0.5543 0.8315
vn -0.1084 -0.5448 0.8315
vn -0.0607 -0.9261 0.3722
vn -0.1811 -0.9103 0.3722
vn -0.0607 -0.9261 -0.3722
vn -0.1811 -0.9103 -0.3722
vn -0.0363 -0.5543 -0.8315
vn -0.1084 -0.5448 -0.8315
vn -0.0115 -0.1758 -0.9844
vn -0.0344 -0.1728 -0.9844
vn 0.0115 0.1758 -0.9844
vn 0.0344 0.1728 -0.9844
vn 0.0363 0.5543 -0.8315
vn 0.1084 0.5448 -0.8315
vn 0.0607 0.9261 -0.3722
vn -0.0363 0.5543 -0.8315
vn -0.0607 0.9261 -0.3722
vn -0.0607 0.9261 0.3722
vn -0.1811 0.9103 -0.3722
vn -0.1811 0.9103 0.3722
vn -0.1084 0.5448 0.8315
vn -0.0363 0.5543 0.8315
vn -0.0344 0.1728 0.9844
vn -0.0115 0.1758 0.9844
vn 0.0344 -0.1728 0.9844
vn 0.0115 -0.1758 0.9844
vn 0.1084 -0.5448 0.8315
vn 0.0363 -0.5543 0.8315
vn 0.1811 -0.9103 0.3722
vn 0.0607 -0.9261 0.3722
vn 0.1811 -0.9103 -0.3722
vn 0.0607 -0.9262 -0.3722
vn 0.1084 -0.5449 -0.8315
vn 0.0363 -0.5543 -0.8315
vn 0.0344 -0.1728 -0.9844
vn 0.0115 -0.1758 -0.9844
vn -0.0344 0.1728 -0.9844
vn -0.0115 0.1758 -0.9844
vn -0.1084 0.5448 -0.8315
vn -0.0566 0.1669 -0.9844
vn -0.1786 0.5260 -0.8315
vn -0.2983 0.8789 -0.3722
vn -0.2457 0.4982 -0.8315
vn -0.4105 0.8324 -0.3722
vn -0.4105 0.8324 0.3722
vn -0.2983 0.8789 0.3722
vn -0.2457 0.4982 0.8315
vn -0.1786 0.5260 0.8315
vn -0.0779 0.1580 0.9844
vn -0.0566 0.1669 0.9844
vn 0.0779 -0.1580 0.9844
vn 0.0566 -0.1669 0.9844
vn 0.2457 -0.4982 0.8315
vn 0.1786 -0.5260 0.8315
vn 0.4105 -0.8324 0.3722
vn 0.2983 -0.8789 0.3722
vn 0.4105 -0.8324 -0.3722
vn 0.2983 -0.8789 -0.3722
vn 0.2457 -0.4982 -0.8315
vn 0.1786 -0.5260 -0.8315
vn 0.0779 -0.1580 -0.9844
vn 0.0566 -0.1669 -0.9844
vn -0.0779 0.1580 -0.9844
vn 0.0979 -0.1465 -0.9844
vn -0.0979 0.1465 -0.9844
vn -0.3086 0.4619 -0.8315
vn -0.1162 0.1325 -0.9844
vn -0.3663 0.4177 -0.8315
vn -0.6120 0.6978 -0.3722
vn -0.5156 0.7717 -0.3722
vn -0.6120 0.6978 0.3722
vn -0.5156 0.7717 0.3722
vn -0.3663 0.4177 0.8315
vn -0.3086 0.4619 0.8315
vn -0.1162 0.1325 0.9844
vn -0.0979 0.1465 0.9844
vn 0.1162 -0.1325 0.9844
vn 0.0979 -0.1465 0.9844
vn 0.3663 -0.4177 0.8315
vn 0.3086 -0.4619 0.8315
vn 0.6120 -0.6978 0.3722
vn 0.5156 -0.7717 0.3722
vn 0.6120 -0.6978 -0.3722
vn 0.5156 -0.7717 -0.3722
vn 0.3663 -0.4177 -0.8315
vn 0.3086 -0.4619 -0.8315
vn 0.1162 -0.1325 -0.9844
vn 0.4177 -0.3663 -0.8315
vn 0.1325 -0.1162 -0.9844
vn -0.1325 0.1162 -0.9844
vn 0.1465 -0.0979 -0.9844
vn -0.1465 0.0979 -0.9844
vn -0.4619 0.3086 -0.8315
vn -0.4177 0.3663 -0.8315
vn -0.7717 0.5156 -0.3722
vn -0.6978 0.6120 -0.3722
vn -0.7717 0.5156 0.3722
vn -0.6978 0.6120 0.3722
vn -0.4619 0.3086 0.8315
vn -0.4177 0.3663 0.8315
vn -0.1465 0.0979 0.9844
vn -0.1325 0.1162 0.9844
vn 0.1465 -0.0979 0.9844
vn 0.1325 -0.1162 0.9844
vn 0.4619 -0.3086 0.8315
vn 0.4177 -0.3663 0.8315
vn 0.7717 -0.5156 0.3722
vn 0.6978 -0.6120 0.3722
vn 0.7717 -0.5156 -0.3722
vn 0.6978 -0.6120 -0.3722
vn 0.4619 -0.3086 -0.8315
vn 0.8324 -0.4105 -0.3722
vn 0.4982 -0.2457 -0.8315
vn 0.1580 -0.0779 -0.9844
vn 0.5260 -0.1786 -0.8315
vn 0.1669 -0.0566 -0.9844
vn -0.1669 0.0566 -0.9844
vn -0.1580 0.0779 -0.9844
vn -0.5260 0.1786 -0.8315
vn -0.4982 0.2457 -0.8315
vn -0.8789 0.2983 -0.3722
vn -0.8324 0.4105 -0.3722
vn -0.8789 0.2983 0.3722
vn -0.8324 0.4105 0.3722
vn -0.5260 0.1786 0.8315
vn -0.4982 0.2457 0.8315
vn -0.1669 0.0566 0.9844
vn -0.1580 0.0779 0.9844
vn 0.1669 -0.0566 0.9844
vn 0.1580 -0.0779 0.9844
vn 0.5260 -0.1786 0.8315
vn 0.4982 -0.2457 0.8315
vn 0.8789 -0.2983 0.3722
vn 0.8324 -0.4105 0.3722
vn 0.8789 -0.2983 -0.3722
vn 0.9103 -0.1811 -0.3722
vn 0.9103 -0.1811 0.3722
vn 0.5448 -0.1084 -0.8315
vn 0.1728 -0.0344 -0.9844
vn -0.1728 0.0344 -0.9844
vn -0.5448 0.1084 -0.8315
vn -0.9103 0.1811 -0.3722
vn -0.9103 0.1811 0.3722
vn -0.5543 0.0363 0.8315
vn -0.5448 0.1084 0.8315
vn -0.1758 0.0115 0.9844
vn -0.1728 0.0344 0.9844
vn 0.1728 -0.0344 0.9844
vn 0.5448 -0.1084 0.8315
vn 0.9262 0.0607 0.3722
vn -0.9261 -0.0607 -0.3722
vn -0.9261 -0.0607 0.3722
vn 0.0607 0.9261 0.3722
vn 0.0607 -0.9261 -0.3722
vn 0.1084 -0.5448 -0.8315
vn -0.0980 0.9949 -0.0241
vn -0.0940 0.9930 -0.0713
vn -0.0864 0.9896 -0.1154
vn -0.0754 0.9851 -0.1546
vn -0.0616 0.9803 -0.1875
vn -0.0455 0.9760 -0.2130
vn -0.0279 0.9727 -0.2303
vn -0.0094 0.9710 -0.2391
vn 0.0094 0.9710 -0.2391
vn 0.0279 0.9727 -0.2303
vn 0.0455 0.9760 -0.2130
vn 0.0616 0.9803 -0.1875
vn 0.0754 0.9851 -0.1546
vn 0.0864 0.9896 -0.1154
vn 0.0940 0.9930 -0.0713
vn 0.0980 0.9949 -0.0241
vn 0.2895 0.9545 -0.0713
vn 0.4683 0.8760 -0.1153
vn 0.2739 0.9391 -0.2077
vn 0.4319 0.8403 -0.3275
vn 0.2453 0.9124 -0.3277
vn 0.3716 0.7845 -0.4965
vn 0.2075 0.8807 -0.4258
vn 0.3014 0.7259 -0.6183
vn 0.1643 0.8499 -0.5007
vn 0.2301 0.6752 -0.7008
vn 0.1184 0.8241 -0.5539
vn 0.1612 0.6367 -0.7540
vn 0.0713 0.8059 -0.5877
vn 0.0953 0.6114 -0.7856
vn 0.0238 0.7966 -0.6041
vn 0.0315 0.5989 -0.8002
vn -0.0238 0.7966 -0.6041
vn -0.0315 0.5989 -0.8002
vn -0.0713 0.8059 -0.5877
vn -0.0953 0.6114 -0.7856
vn -0.1184 0.8241 -0.5539
vn -0.1612 0.6367 -0.7540
vn -0.1643 0.8499 -0.5007
vn -0.2301 0.6752 -0.7008
vn -0.2075 0.8807 -0.4258
vn -0.3014 0.7259 -0.6183
vn -0.2453 0.9124 -0.3277
vn -0.3716 0.7845 -0.4965
vn -0.2739 0.9391 -0.2077
vn -0.4319 0.8403 -0.3275
vn -0.2895 0.9545 -0.0713
vn -0.4683 0.8760 -0.1153
vn -0.6268 0.7637 -0.1543
vn -0.7594 0.6232 -0.1870
vn -0.5607 0.7105 -0.4252
vn -0.6589 0.5623 -0.4997
vn -0.4624 0.6358 -0.6179
vn -0.5239 0.4852 -0.7001
vn -0.3611 0.5664 -0.7408
vn -0.3976 0.4201 -0.8157
vn -0.2679 0.5121 -0.8161
vn -0.2894 0.3726 -0.8817
vn -0.1841 0.4737 -0.8612
vn -0.1966 0.3406 -0.9194
vn -0.1076 0.4495 -0.8868
vn -0.1141 0.3210 -0.9402
vn -0.0354 0.4379 -0.8983
vn -0.0374 0.3117 -0.9495
vn 0.0354 0.4379 -0.8983
vn 0.0374 0.3117 -0.9495
vn 0.1076 0.4495 -0.8868
vn 0.1141 0.3210 -0.9402
vn 0.1841 0.4737 -0.8612
vn 0.1966 0.3406 -0.9194
vn 0.2679 0.5121 -0.8161
vn 0.2894 0.3726 -0.8817
vn 0.3611 0.5664 -0.7408
vn 0.3976 0.4201 -0.8157
vn 0.4624 0.6358 -0.6179
vn 0.5239 0.4852 -0.7001
vn 0.5607 0.7105 -0.4252
vn 0.6589 0.5623 -0.4997
vn 0.6268 0.7638 -0.1543
vn 0.7594 0.6232 -0.1870
vn 0.8618 0.4607 -0.2122
vn 0.9314 0.2825 -0.2293
vn 0.7285 0.4050 -0.5525
vn 0.7728 0.2438 -0.5860
vn 0.5635 0.3399 -0.7530
vn 0.5869 0.2009 -0.7843
vn 0.4195 0.2887 -0.8606
vn 0.4319 0.1687 -0.8860
vn 0.3017 0.2530 -0.9192
vn 0.3085 0.1468 -0.9398
vn 0.2035 0.2296 -0.9518
vn 0.2072 0.1327 -0.9692
vn 0.1176 0.2155 -0.9694
vn 0.1195 0.1243 -0.9850
vn 0.0385 0.2089 -0.9772
vn 0.0391 0.1204 -0.9920
vn -0.0385 0.2089 -0.9772
vn -0.0391 0.1204 -0.9920
vn -0.1176 0.2155 -0.9694
vn -0.1195 0.1243 -0.9850
vn -0.2035 0.2296 -0.9518
vn -0.2072 0.1327 -0.9692
vn -0.3017 0.2530 -0.9192
vn -0.3085 0.1468 -0.9398
vn -0.4195 0.2887 -0.8606
vn -0.4319 0.1687 -0.8860
vn -0.5635 0.3399 -0.7530
vn -0.5869 0.2009 -0.7843
vn -0.7285 0.4050 -0.5525
vn -0.7727 0.2438 -0.5860
vn -0.8618 0.4607 -0.2122
vn -0.9314 0.2825 -0.2293
vn -0.9666 0.0952 -0.2380
vn -0.9666 -0.0952 -0.2380
vn -0.7941 0.0813 -0.6023
vn -0.7941 -0.0813 -0.6023
vn -0.5978 0.0664 -0.7989
vn -0.5978 -0.0664 -0.7989
vn -0.4375 0.0555 -0.8975
vn -0.4375 -0.0555 -0.8975
vn -0.3115 0.0481 -0.9490
vn -0.3115 -0.0481 -0.9490
vn -0.2089 0.0434 -0.9770
vn -0.2089 -0.0434 -0.9770
vn -0.1204 0.0406 -0.9919
vn -0.1204 -0.0406 -0.9919
vn -0.0393 0.0393 -0.9985
vn -0.0393 -0.0393 -0.9985
vn 0.0393 0.0393 -0.9985
vn 0.0393 -0.0393 -0.9985
vn 0.1204 0.0406 -0.9919
vn 0.1204 -0.0406 -0.9919
vn 0.2089 0.0434 -0.9770
vn 0.2089 -0.0434 -0.9770
vn 0.3115 0.0481 -0.9490
vn 0.3115 -0.0481 -0.9490
vn 0.4375 0.0555 -0.8975
vn 0.4375 -0.0555 -0.8975
vn 0.5978 0.0664 -0.7989
vn 0.5978 -0.0664 -0.7989
vn 0.7941 0.0813 -0.6023
vn 0.7942 -0.0813 -0.6023
vn 0.9666 0.0952 -0.2380
vn 0.9666 -0.0952 -0.2380
vn 0.9314 -0.2825 -0.2293
vn 0.8618 -0.4607 -0.2122
vn 0.7728 -0.2438 -0.5860
vn 0.7285 -0.4050 -0.5525
vn 0.5869 -0.2009 -0.7843
vn 0.5635 -0.3399 -0.7530
vn 0.4319 -0.1687 -0.8860
vn 0.4195 -0.2887 -0.8606
vn 0.3085 -0.1468 -0.9398
vn 0.3017 -0.2530 -0.9192
vn 0.2072 -0.1327 -0.9692
vn 0.2035 -0.2296 -0.9518
vn 0.1195 -0.1243 -0.9850
vn 0.1176 -0.2155 -0.9694
vn 0.0391 -0.1204 -0.9920
vn 0.0385 -0.2089 -0.9772
vn -0.0391 -0.1204 -0.9920
vn -0.0385 -0.2089 -0.9772
vn -0.1195 -0.1243 -0.9850
vn -0.1176 -0.2155 -0.9694
vn -0.2072 -0.1327 -0.9692
vn -0.2035 -0.2296 -0.9518
vn -0.3085 -0.1468 -0.9398
vn -0.3017 -0.2530 -0.9192
vn -0.4319 -0.1687 -0.8860
vn -0.4195 -0.2887 -0.8606
vn -0.5869 -0.2009 -0.7843
vn -0.5635 -0.3399 -0.7530
vn -0.7728 -0.2438 -0.5860
vn -0.7285 -0.4050 -0.5525
vn -0.9314 -0.2825 -0.2293
vn -0.8618 -0.4607 -0.2122
vn -0.7594 -0.6232 -0.1870
vn -0.6268 -0.7638 -0.1543
vn -0.6589 -0.5623 -0.4997
vn -0.5607 -0.7105 -0.4252
vn -0.5239 -0.4852 -0.7001
vn -0.4624 -0.6358 -0.6179
vn -0.3976 -0.4201 -0.8157
vn -0.3611 -0.5664 -0.7408
vn -0.2894 -0.3726 -0.8817
vn -0.2679 -0.5121 -0.8161
vn -0.1966 -0.3406 -0.9194
vn -0.1841 -0.4737 -0.8612
vn -0.1141 -0.3210 -0.9402
vn -0.1076 -0.4495 -0.8868
vn -0.0374 -0.3117 -0.9495
vn -0.0354 -0.4379 -0.8983
vn 0.0374 -0.3117 -0.9495
vn 0.0354 -0.4379 -0.8983
vn 0.1141 -0.3210 -0.9402
vn 0.1076 -0.4495 -0.8868
vn 0.1966 -0.3406 -0.9194
vn 0.1841 -0.4737 -0.8612
vn 0.2894 -0.3726 -0.8817
vn 0.2679 -0.5121 -0.8161
vn 0.3976 -0.4201 -0.8157
vn 0.3611 -0.5664 -0.7408
vn 0.5239 -0.4852 -0.7001
vn 0.4624 -0.6358 -0.6179
vn 0.6589 -0.5623 -0.4997
vn 0.5607 -0.7105 -0.4252
vn 0.7594 -0.6232 -0.1870
vn 0.6268 -0.7637 -0.1543
vn 0.4683 -0.8760 -0.1153
vn 0.2895 -0.9545 -0.0713
vn 0.4319 -0.8403 -0.3276
vn 0.2739 -0.9391 -0.2077
vn 0.3716 -0.7845 -0.4965
vn 0.2453 -0.9124 -0.3277
vn 0.3014 -0.7259 -0.6183
vn 0.2075 -0.8807 -0.4258
vn 0.2301 -0.6752 -0.7008
vn 0.1643 -0.8499 -0.5007
vn 0.1612 -0.6367 -0.7540
vn 0.1184 -0.8241 -0.5539
vn 0.0953 -0.6114 -0.7856
vn 0.0713 -0.8059 -0.5877
vn 0.0315 -0.5989 -0.8002
vn 0.0238 -0.7966 -0.6041
vn -0.0315 -0.5989 -0.8002
vn -0.0238 -0.7966 -0.6041
vn -0.0953 -0.6114 -0.7856
vn -0.0713 -0.8059 -0.5877
vn -0.1612 -0.6367 -0.7540
vn -0.1184 -0.8241 -0.5539
vn -0.2301 -0.6752 -0.7008
vn -0.1643 -0.8499 -0.5007
vn -0.3014 -0.7259 -0.6183
vn -0.2075 -0.8807 -0.4258
vn -0.3716 -0.7845 -0.4965
vn -0.2453 -0.9124 -0.3277
vn -0.4319 -0.8403 -0.3275
vn -0.2739 -0.9391 -0.2077
vn -0.4683 -0.8760 -0.1153
vn -0.2895 -0.9545 -0.0713
vn -0.0980 -0.9949 -0.0241
vn 0.0616 -0.9803 -0.1875
vn 0.0754 -0.9851 -0.1546
vn -0.0940 -0.9930 -0.0713
vn -0.0864 -0.9896 -0.1154
vn -0.0754 -0.9851 -0.1546
vn -0.0616 -0.9803 -0.1875
vn -0.0455 -0.9760 -0.2130
vn -0.0279 -0.9727 -0.2303
vn -0.0094 -0.9710 -0.2391
vn 0.0094 -0.9710 -0.2391
vn 0.0279 -0.9727 -0.2303
vn 0.0455 -0.9760 -0.2130
vn 0.0864 -0.9896 -0.1154
vn 0.0940 -0.9930 -0.0713
vn 0.0980 -0.9949 -0.0241
vn 0.2442 0.3760 0.8939
vn 0.6226 0.7485 0.2281
vn 0.5016 0.7287 0.4662
vn 0.5016 0.7287 -0.4662
vn 0.2963 0.4434 -0.8460
vn 0.2567 0.3736 -0.8914
vn 0.0941 0.3892 0.9163
vn 0.2016 0.4089 0.8900
vn 0.2144 0.8614 0.4605
vn 0.2144 0.8614 -0.4605
vn 0.0941 0.3892 -0.9163
vn 0.2016 0.4089 -0.8900
vn -0.9262 0.0607 -0.3722
vn -0.9262 0.0607 0.3722
vn -0.0607 -0.9262 -0.3722
vn -0.1084 -0.5449 -0.8315
vn -0.0607 0.9262 -0.3722
vn 0.9262 -0.0607 0.3722
vn 0.0607 0.9262 -0.3722
vn 0.4319 0.8403 -0.3276
vn -0.6268 0.7638 -0.1543
vn 0.6268 0.7637 -0.1543
vn -0.7728 0.2438 -0.5860
vn 0.7942 0.0813 -0.6023
vn 0.7941 -0.0813 -0.6023
vn -0.7727 -0.2438 -0.5860
vn -0.6268 -0.7637 -0.1543
vn 0.6268 -0.7638 -0.1543
vn 0.4319 -0.8403 -0.3275
vt 0.248173 0.435990
vt 0.346044 0.475281
vt 0.335241 0.474217
vt 0.925467 0.201195
vt 0.745014 0.201195
vt 0.835241 0.175123
vt 0.610126 0.610126
vt 0.435990 0.435990
vt 0.610126 0.435990
vt 0.745014 0.395826
vt 0.925467 0.215372
vt 0.925467 0.395826
vt 0.234491 0.610126
vt 0.060355 0.435990
vt 0.234491 0.435990
vt 0.248173 0.060355
vt 0.422309 0.234491
vt 0.248173 0.234491
vt 0.248173 0.422309
vt 0.241332 0.434157
vt 0.234491 0.422309
vt 0.737925 0.203094
vt 0.745014 0.215372
vt 0.730836 0.215372
vt 0.248173 0.248172
vt 0.234491 0.248172
vt 0.241332 0.236324
vt 0.737925 0.408104
vt 0.730836 0.395826
vt 0.422309 0.422309
vt 0.435990 0.422309
vt 0.429149 0.434157
vt 0.932556 0.203094
vt 0.939645 0.215372
vt 0.422309 0.248173
vt 0.429149 0.236324
vt 0.435990 0.248173
vt 0.939645 0.395826
vt 0.932556 0.408104
vt 0.248173 0.610126
vt 0.234491 0.060355
vt 0.745014 0.410004
vt 0.435990 0.234491
vt 0.422309 0.060355
vt 0.435990 0.060355
vt 0.422309 0.435990
vt 0.435990 0.610126
vt 0.422309 0.610126
vt 0.846435 0.061458
vt 0.835240 0.117739
vt 0.835240 0.060355
vt 0.857200 0.064723
vt 0.867121 0.070026
vt 0.875817 0.077162
vt 0.882953 0.085858
vt 0.888256 0.095779
vt 0.891522 0.106544
vt 0.892624 0.117739
vt 0.891522 0.128934
vt 0.888256 0.139699
vt 0.882953 0.149620
vt 0.875817 0.158315
vt 0.867121 0.165452
vt 0.857200 0.170755
vt 0.846436 0.174020
vt 0.824045 0.174020
vt 0.813281 0.170755
vt 0.803360 0.165452
vt 0.794664 0.158315
vt 0.787528 0.149620
vt 0.782225 0.139699
vt 0.778959 0.128934
vt 0.777857 0.117739
vt 0.778959 0.106544
vt 0.782225 0.095779
vt 0.787528 0.085858
vt 0.794664 0.077162
vt 0.803360 0.070026
vt 0.813281 0.064723
vt 0.824045 0.061458
vt 0.885967 0.624816
vt 0.882883 0.614282
vt 0.887331 0.614571
vt 0.887279 0.604277
vt 0.882914 0.604569
vt 0.880790 0.750646
vt 0.886435 0.759910
vt 0.882035 0.760190
vt 0.886357 0.770100
vt 0.882032 0.769807
vt 0.885948 0.594114
vt 0.881621 0.594955
vt 0.885047 0.780162
vt 0.880768 0.779331
vt 0.875875 0.769394
vt 0.874723 0.778118
vt 0.872445 0.786644
vt 0.878300 0.788625
vt 0.882448 0.790010
vt 0.869053 0.794806
vt 0.874611 0.797533
vt 0.878558 0.799463
vt 0.879415 0.574554
vt 0.879128 0.585553
vt 0.875397 0.576539
vt 0.883333 0.584155
vt 0.869795 0.579311
vt 0.873215 0.587567
vt 0.876691 0.604981
vt 0.875513 0.596169
vt 0.868034 0.597656
vt 0.865981 0.590020
vt 0.869074 0.605484
vt 0.876675 0.613877
vt 0.875526 0.622709
vt 0.868051 0.621210
vt 0.869079 0.613378
vt 0.861495 0.612878
vt 0.861469 0.605990
vt 0.860591 0.619714
vt 0.855397 0.612478
vt 0.855352 0.606405
vt 0.860563 0.599154
vt 0.854552 0.600379
vt 0.850528 0.601175
vt 0.851235 0.606663
vt 0.847589 0.606911
vt 0.846850 0.601930
vt 0.847540 0.611965
vt 0.850566 0.617727
vt 0.851288 0.612210
vt 0.853993 0.755947
vt 0.860832 0.761549
vt 0.854768 0.761937
vt 0.860815 0.768387
vt 0.854764 0.767984
vt 0.867338 0.753306
vt 0.868351 0.761066
vt 0.868342 0.768893
vt 0.859917 0.775166
vt 0.853962 0.773975
vt 0.867315 0.776649
vt 0.865282 0.784213
vt 0.858137 0.781774
vt 0.862271 0.791450
vt 0.855506 0.788095
vt 0.852069 0.794021
vt 0.858337 0.798234
vt 0.864612 0.802457
vt 0.869753 0.805891
vt 0.859212 0.809453
vt 0.853545 0.804443
vt 0.863849 0.813537
vt 0.873433 0.808368
vt 0.867116 0.816455
vt 0.874170 0.565598
vt 0.864538 0.560368
vt 0.867843 0.557435
vt 0.870495 0.568091
vt 0.865306 0.571581
vt 0.859866 0.564507
vt 0.854128 0.569564
vt 0.858965 0.575847
vt 0.862940 0.582705
vt 0.852623 0.580105
vt 0.856102 0.586097
vt 0.858761 0.592486
vt 0.852959 0.594490
vt 0.850602 0.588847
vt 0.846904 0.590665
vt 0.849065 0.595809
vt 0.845486 0.597042
vt 0.843504 0.592356
vt 0.852384 0.779813
vt 0.850056 0.785398
vt 0.844088 0.585838
vt 0.840929 0.587961
vt 0.847016 0.790631
vt 0.840663 0.581411
vt 0.837800 0.583935
vt 0.847883 0.799444
vt 0.843318 0.795421
vt 0.843029 0.804278
vt 0.839023 0.799685
vt 0.847987 0.809967
vt 0.852955 0.815662
vt 0.837579 0.808427
vt 0.841757 0.814717
vt 0.845945 0.821014
vt 0.857015 0.820320
vt 0.849369 0.826157
vt 0.851806 0.829789
vt 0.859863 0.823589
vt 0.852407 0.543895
vt 0.857659 0.553486
vt 0.849927 0.547565
vt 0.860548 0.550192
vt 0.846463 0.552771
vt 0.853554 0.558200
vt 0.848512 0.563961
vt 0.842210 0.559134
vt 0.837959 0.565495
vt 0.848395 0.574614
vt 0.843481 0.569718
vt 0.843777 0.578689
vt 0.839421 0.574355
vt 0.847523 0.583550
vt 0.836688 0.577457
vt 0.834162 0.580351
vt 0.834525 0.570612
vt 0.832252 0.574012
vt 0.830060 0.577275
vt 0.834216 0.803363
vt 0.825674 0.574640
vt 0.827380 0.571238
vt 0.828973 0.806381
vt 0.831640 0.811828
vt 0.834955 0.818610
vt 0.825312 0.814431
vt 0.823377 0.808670
vt 0.827711 0.821581
vt 0.830109 0.828737
vt 0.838274 0.825397
vt 0.840994 0.830935
vt 0.832067 0.834589
vt 0.842934 0.834913
vt 0.833437 0.838745
vt 0.843446 0.538671
vt 0.832453 0.538923
vt 0.833864 0.534753
vt 0.841465 0.542684
vt 0.830456 0.544867
vt 0.838718 0.548296
vt 0.835329 0.555163
vt 0.827996 0.552124
vt 0.831938 0.562025
vt 0.825540 0.559362
vt 0.829200 0.567538
vt 0.823559 0.565189
vt 0.822219 0.569131
vt 0.821034 0.572616
vt 0.816844 0.567663
vt 0.817655 0.563620
vt 0.816122 0.571372
vt 0.818697 0.816183
vt 0.817527 0.810211
vt 0.811305 0.566940
vt 0.811065 0.570755
vt 0.811530 0.810995
vt 0.811911 0.817046
vt 0.820145 0.823583
vt 0.812381 0.824575
vt 0.812850 0.832104
vt 0.821594 0.831000
vt 0.813244 0.838241
vt 0.822776 0.837061
vt 0.813513 0.842627
vt 0.823603 0.841311
vt 0.823900 0.532064
vt 0.813325 0.535185
vt 0.813603 0.530714
vt 0.823026 0.536413
vt 0.821814 0.542557
vt 0.812937 0.541424
vt 0.820330 0.550078
vt 0.812452 0.549060
vt 0.811970 0.556693
vt 0.818850 0.557582
vt 0.811585 0.562829
vt 0.805026 0.556695
vt 0.805441 0.562831
vt 0.805702 0.566904
vt 0.805947 0.570812
vt 0.799357 0.563621
vt 0.800162 0.567675
vt 0.800890 0.571403
vt 0.805485 0.810973
vt 0.798294 0.816120
vt 0.799492 0.810163
vt 0.805073 0.817032
vt 0.804561 0.824553
vt 0.796808 0.823516
vt 0.804051 0.832077
vt 0.795328 0.830921
vt 0.803634 0.838231
vt 0.794108 0.836964
vt 0.793273 0.841252
vt 0.803342 0.842553
vt 0.793027 0.532155
vt 0.803552 0.535184
vt 0.793887 0.536498
vt 0.803247 0.530794
vt 0.795141 0.542625
vt 0.803997 0.541434
vt 0.796655 0.550126
vt 0.804515 0.549073
vt 0.798157 0.557607
vt 0.789007 0.552203
vt 0.791490 0.559428
vt 0.793488 0.565243
vt 0.794809 0.569166
vt 0.785114 0.562091
vt 0.787855 0.567579
vt 0.789668 0.571265
vt 0.796003 0.572644
vt 0.791357 0.574647
vt 0.793652 0.808581
vt 0.785366 0.811700
vt 0.788068 0.806248
vt 0.791687 0.814335
vt 0.789245 0.821477
vt 0.782006 0.818468
vt 0.786809 0.828627
vt 0.778650 0.825253
vt 0.784806 0.834460
vt 0.775894 0.830795
vt 0.773970 0.834692
vt 0.783387 0.838640
vt 0.773465 0.538838
vt 0.784464 0.539049
vt 0.775445 0.542829
vt 0.783038 0.534845
vt 0.778268 0.548428
vt 0.786515 0.544965
vt 0.781696 0.555273
vt 0.770549 0.552971
vt 0.774858 0.559291
vt 0.779145 0.565591
vt 0.782570 0.570651
vt 0.768632 0.564174
vt 0.773702 0.569834
vt 0.777778 0.574401
vt 0.780498 0.577496
vt 0.784835 0.574035
vt 0.786985 0.577247
vt 0.782964 0.580267
vt 0.782834 0.803204
vt 0.774008 0.804072
vt 0.778044 0.799497
vt 0.779439 0.808259
vt 0.769010 0.809732
vt 0.775221 0.814531
vt 0.763999 0.815403
vt 0.771002 0.820823
vt 0.759915 0.820050
vt 0.767556 0.825967
vt 0.756975 0.823374
vt 0.765130 0.829620
vt 0.764469 0.544098
vt 0.759344 0.553867
vt 0.756344 0.550594
vt 0.767012 0.547806
vt 0.763529 0.558508
vt 0.752600 0.560877
vt 0.757335 0.564903
vt 0.763124 0.569824
vt 0.768884 0.574754
vt 0.758424 0.576128
vt 0.752062 0.572022
vt 0.764761 0.580250
vt 0.769839 0.583591
vt 0.773496 0.578741
vt 0.776547 0.581380
vt 0.773246 0.585807
vt 0.776387 0.587879
vt 0.779450 0.583902
vt 0.770095 0.790405
vt 0.769183 0.799204
vt 0.765038 0.793757
vt 0.773769 0.795209
vt 0.758740 0.797925
vt 0.763484 0.804163
vt 0.757771 0.809120
vt 0.752433 0.802090
vt 0.747294 0.805503
vt 0.753107 0.813185
vt 0.749777 0.816045
vt 0.743642 0.807890
vt 0.749217 0.558052
vt 0.746870 0.568667
vt 0.743175 0.566325
vt 0.742210 0.577079
vt 0.738298 0.575239
vt 0.747779 0.579727
vt 0.754605 0.582965
vt 0.738702 0.586010
vt 0.744554 0.587901
vt 0.751717 0.590224
vt 0.758874 0.592554
vt 0.761412 0.586221
vt 0.766878 0.588849
vt 0.764636 0.594422
vt 0.768530 0.595695
vt 0.770543 0.590598
vt 0.771993 0.596826
vt 0.773891 0.592219
vt 0.767094 0.785152
vt 0.759042 0.781487
vt 0.764803 0.779553
vt 0.761635 0.787820
vt 0.754853 0.791130
vt 0.751886 0.783884
vt 0.748060 0.794444
vt 0.744725 0.786290
vt 0.742523 0.797166
vt 0.738885 0.788274
vt 0.734750 0.789685
vt 0.738637 0.799064
vt 0.734563 0.584658
vt 0.732046 0.594511
vt 0.736341 0.595320
vt 0.732092 0.779804
vt 0.736428 0.778956
vt 0.742399 0.596419
vt 0.735243 0.604875
vt 0.730836 0.604660
vt 0.741385 0.605159
vt 0.749801 0.597788
vt 0.748894 0.605538
vt 0.756378 0.605920
vt 0.757190 0.599158
vt 0.762385 0.606235
vt 0.763148 0.600252
vt 0.767117 0.600993
vt 0.766411 0.606447
vt 0.770776 0.601683
vt 0.770202 0.606657
vt 0.763262 0.773704
vt 0.756425 0.768079
vt 0.762500 0.767702
vt 0.757293 0.774869
vt 0.749889 0.776310
vt 0.748899 0.768540
vt 0.741356 0.769003
vt 0.742477 0.777756
vt 0.735181 0.769395
vt 0.730836 0.769659
vt 0.735263 0.759757
vt 0.741413 0.760178
vt 0.730857 0.759438
vt 0.731066 0.614863
vt 0.735404 0.614472
vt 0.736852 0.623911
vt 0.732634 0.624856
vt 0.736579 0.750215
vt 0.732302 0.749310
vt 0.741526 0.613953
vt 0.742831 0.622622
vt 0.750160 0.621034
vt 0.749016 0.613331
vt 0.756493 0.612722
vt 0.757490 0.619457
vt 0.763386 0.618201
vt 0.762516 0.612242
vt 0.767313 0.617366
vt 0.766584 0.611932
vt 0.770248 0.611627
vt 0.771000 0.616571
vt 0.763319 0.755673
vt 0.756456 0.761239
vt 0.757376 0.754467
vt 0.762515 0.761659
vt 0.748939 0.760710
vt 0.749997 0.752962
vt 0.742615 0.751446
vt 0.744943 0.742975
vt 0.752055 0.745432
vt 0.739143 0.740966
vt 0.735043 0.739525
vt 0.748327 0.734888
vt 0.742834 0.732139
vt 0.738981 0.730222
vt 0.739359 0.643740
vt 0.739471 0.633058
vt 0.743233 0.641786
vt 0.735435 0.634495
vt 0.748661 0.639029
vt 0.745224 0.631014
vt 0.752289 0.628508
vt 0.755353 0.635653
vt 0.762054 0.632250
vt 0.759360 0.625993
vt 0.765072 0.623967
vt 0.767464 0.629498
vt 0.771087 0.627652
vt 0.768924 0.622606
vt 0.772369 0.621354
vt 0.774398 0.625939
vt 0.764896 0.749848
vt 0.761800 0.741586
vt 0.767225 0.744281
vt 0.759171 0.747881
vt 0.755066 0.738236
vt 0.765223 0.735683
vt 0.758984 0.731491
vt 0.752736 0.727301
vt 0.747640 0.723872
vt 0.763753 0.725304
vt 0.758093 0.720323
vt 0.753463 0.716251
vt 0.750163 0.713405
vt 0.744022 0.721476
vt 0.750554 0.660349
vt 0.748011 0.649992
vt 0.753793 0.657488
vt 0.744463 0.652383
vt 0.758405 0.653511
vt 0.753076 0.646568
vt 0.764084 0.648550
vt 0.759300 0.642366
vt 0.765541 0.638129
vt 0.769754 0.643550
vt 0.774321 0.639515
vt 0.770577 0.634700
vt 0.773928 0.632389
vt 0.777372 0.636780
vt 0.777030 0.630230
vt 0.780239 0.634169
vt 0.773941 0.734295
vt 0.769397 0.730283
vt 0.770258 0.739068
vt 0.778221 0.730042
vt 0.774242 0.725474
vt 0.769293 0.719797
vt 0.764340 0.714119
vt 0.775506 0.715054
vt 0.779671 0.721329
vt 0.771327 0.708764
vt 0.767989 0.703663
vt 0.760285 0.709516
vt 0.765325 0.700178
vt 0.757517 0.706707
vt 0.765677 0.673692
vt 0.761140 0.663746
vt 0.768370 0.670247
vt 0.758043 0.666919
vt 0.771636 0.665183
vt 0.764610 0.659795
vt 0.775843 0.658891
vt 0.769626 0.654098
vt 0.774634 0.648387
vt 0.780072 0.652600
vt 0.778696 0.643758
vt 0.783513 0.647519
vt 0.785865 0.644118
vt 0.781481 0.640622
vt 0.784018 0.637722
vt 0.788038 0.641002
vt 0.783025 0.726385
vt 0.790634 0.647001
vt 0.792378 0.643654
vt 0.788265 0.723386
vt 0.785604 0.717940
vt 0.782295 0.711168
vt 0.791926 0.715341
vt 0.793857 0.721098
vt 0.789528 0.708195
vt 0.787119 0.701035
vt 0.778979 0.704402
vt 0.785130 0.695163
vt 0.775909 0.698252
vt 0.783763 0.690936
vt 0.773765 0.694472
vt 0.783807 0.683015
vt 0.776113 0.675683
vt 0.785233 0.678865
vt 0.773991 0.679383
vt 0.779237 0.669574
vt 0.787305 0.673035
vt 0.789809 0.665910
vt 0.782608 0.662844
vt 0.785999 0.656085
vt 0.792306 0.658794
vt 0.794316 0.653059
vt 0.788749 0.650637
vt 0.795706 0.649229
vt 0.796992 0.645677
vt 0.801001 0.650797
vt 0.800152 0.654731
vt 0.801802 0.647051
vt 0.798540 0.713594
vt 0.799700 0.719561
vt 0.806751 0.647786
vt 0.806465 0.651529
vt 0.805699 0.718799
vt 0.805327 0.712739
vt 0.804867 0.705210
vt 0.797100 0.706192
vt 0.804410 0.697685
vt 0.795659 0.698767
vt 0.804043 0.691546
vt 0.794492 0.692698
vt 0.803785 0.687158
vt 0.793683 0.688425
vt 0.794554 0.681453
vt 0.804095 0.682797
vt 0.793659 0.685773
vt 0.795813 0.675420
vt 0.804554 0.676646
vt 0.797361 0.668024
vt 0.805120 0.669123
vt 0.798909 0.660649
vt 0.805692 0.661613
vt 0.806154 0.655558
vt 0.812197 0.655613
vt 0.812528 0.661667
vt 0.811958 0.651563
vt 0.811750 0.647855
vt 0.818170 0.654879
vt 0.817403 0.650849
vt 0.816726 0.647267
vt 0.811747 0.718829
vt 0.818947 0.713680
vt 0.817746 0.719647
vt 0.812166 0.712767
vt 0.812689 0.705240
vt 0.820442 0.706288
vt 0.813215 0.697708
vt 0.821936 0.698891
vt 0.823136 0.692857
vt 0.813643 0.691555
vt 0.823982 0.688590
vt 0.813946 0.687246
vt 0.824080 0.686058
vt 0.813709 0.682916
vt 0.823261 0.681717
vt 0.813367 0.676745
vt 0.822116 0.675660
vt 0.820706 0.668246
vt 0.812943 0.669199
vt 0.819303 0.660842
vt 0.828283 0.666285
vt 0.825900 0.659123
vt 0.823992 0.653349
vt 0.822713 0.649511
vt 0.829586 0.651110
vt 0.832237 0.656552
vt 0.827802 0.647449
vt 0.821543 0.645990
vt 0.826165 0.644085
vt 0.829176 0.723529
vt 0.825554 0.715460
vt 0.831865 0.718092
vt 0.823594 0.721217
vt 0.835210 0.711341
vt 0.827992 0.708331
vt 0.838558 0.704590
vt 0.830430 0.701195
vt 0.841277 0.699071
vt 0.832404 0.695361
vt 0.843235 0.695126
vt 0.833801 0.691221
vt 0.833992 0.683484
vt 0.841522 0.675702
vt 0.843440 0.679628
vt 0.832602 0.679330
vt 0.830662 0.673464
vt 0.838841 0.670139
vt 0.835538 0.663339
vt 0.842349 0.659468
vt 0.846513 0.665784
vt 0.838188 0.653166
vt 0.834823 0.648113
vt 0.848606 0.654727
vt 0.843649 0.649018
vt 0.839649 0.644432
vt 0.836996 0.641394
vt 0.832588 0.644715
vt 0.830504 0.641579
vt 0.834469 0.638508
vt 0.834406 0.726553
vt 0.843196 0.725670
vt 0.839191 0.730230
vt 0.837777 0.721512
vt 0.848162 0.720019
vt 0.841971 0.715257
vt 0.846174 0.708998
vt 0.853134 0.714362
vt 0.857190 0.709738
vt 0.849596 0.703872
vt 0.860051 0.706454
vt 0.852012 0.700282
vt 0.860484 0.668501
vt 0.849910 0.670960
vt 0.857631 0.665150
vt 0.852287 0.674597
vt 0.853570 0.660460
vt 0.859891 0.654223
vt 0.864548 0.658334
vt 0.854202 0.649189
vt 0.848518 0.644173
vt 0.859024 0.642953
vt 0.865345 0.647193
vt 0.852722 0.638732
vt 0.843949 0.640143
vt 0.847642 0.635341
vt 0.844245 0.633058
vt 0.840854 0.637420
vt 0.838086 0.634983
vt 0.841096 0.630973
vt 0.843454 0.734502
vt 0.852176 0.735928
vt 0.847122 0.739295
vt 0.848015 0.730509
vt 0.858441 0.731756
vt 0.853685 0.725549
vt 0.859355 0.720576
vt 0.864717 0.727571
vt 0.863995 0.716523
vt 0.869843 0.724160
vt 0.873512 0.721719
vt 0.867269 0.713625
vt 0.867884 0.661299
vt 0.870513 0.650658
vt 0.874187 0.653101
vt 0.875373 0.642263
vt 0.879290 0.644199
vt 0.869793 0.639503
vt 0.862977 0.636126
vt 0.879096 0.633304
vt 0.873206 0.631304
vt 0.866004 0.628838
vt 0.858810 0.626385
vt 0.856169 0.632765
vt 0.853023 0.624403
vt 0.850689 0.630055
vt 0.847051 0.628271
vt 0.849134 0.623105
vt 0.845529 0.621886
vt 0.843557 0.626572
vt 0.852443 0.750112
vt 0.855582 0.741853
vt 0.858182 0.748171
vt 0.850136 0.744528
vt 0.862340 0.738532
vt 0.865321 0.745752
vt 0.872461 0.743327
vt 0.869104 0.735203
vt 0.878297 0.741365
vt 0.874641 0.732487
vt 0.882418 0.739950
vt 0.878532 0.730583
vt 0.883256 0.634746
vt 0.881636 0.623932
vt 0.885077 0.749775
vt 0.874738 0.751834
vt 0.875884 0.760582
vt 0.859946 0.754771
vt 0.846856 0.616991
vt 0.854594 0.618512
vt 0.139901 0.773346
vt 0.136422 0.777917
vt 0.137122 0.773132
vt 0.137155 0.768290
vt 0.139990 0.768129
vt 0.136465 0.841708
vt 0.139934 0.846300
vt 0.137153 0.846500
vt 0.137162 0.851344
vt 0.139990 0.851514
vt 0.136562 0.763481
vt 0.139318 0.762938
vt 0.136576 0.856155
vt 0.139309 0.856681
vt 0.133849 0.851157
vt 0.133299 0.855524
vt 0.132187 0.859788
vt 0.135347 0.860845
vt 0.138022 0.861716
vt 0.130524 0.863881
vt 0.133512 0.865337
vt 0.136073 0.866586
vt 0.136060 0.753070
vt 0.135351 0.758791
vt 0.133509 0.754315
vt 0.137993 0.757917
vt 0.130529 0.755768
vt 0.132191 0.759851
vt 0.133295 0.764111
vt 0.129573 0.764823
vt 0.128590 0.761047
vt 0.130054 0.768697
vt 0.133844 0.768479
vt 0.133798 0.772879
vt 0.129478 0.776453
vt 0.130019 0.772596
vt 0.126249 0.772313
vt 0.126273 0.768913
vt 0.125783 0.775678
vt 0.123020 0.772068
vt 0.123052 0.769102
vt 0.125859 0.765536
vt 0.122686 0.766151
vt 0.120211 0.766623
vt 0.120547 0.769246
vt 0.120183 0.852979
vt 0.123047 0.850500
vt 0.122682 0.853465
vt 0.120528 0.847703
vt 0.120529 0.850349
vt 0.122624 0.775014
vt 0.120538 0.771884
vt 0.122622 0.844571
vt 0.123018 0.847523
vt 0.125794 0.843923
vt 0.126256 0.847298
vt 0.126280 0.850704
vt 0.129500 0.843157
vt 0.130037 0.847025
vt 0.130060 0.850932
vt 0.125852 0.854087
vt 0.129571 0.854808
vt 0.128580 0.858590
vt 0.124983 0.857389
vt 0.127104 0.862214
vt 0.123694 0.860549
vt 0.122000 0.863519
vt 0.125160 0.865612
vt 0.128327 0.867713
vt 0.131105 0.869548
vt 0.125660 0.871216
vt 0.122791 0.868725
vt 0.128175 0.873401
vt 0.133434 0.871116
vt 0.130267 0.875221
vt 0.133432 0.748545
vt 0.128165 0.746281
vt 0.130256 0.744436
vt 0.131104 0.750115
vt 0.128334 0.751947
vt 0.125670 0.748457
vt 0.125177 0.754042
vt 0.122816 0.750939
vt 0.127117 0.757430
vt 0.122020 0.756127
vt 0.125007 0.762242
vt 0.123719 0.759086
vt 0.120816 0.760496
vt 0.121935 0.763266
vt 0.119533 0.764064
vt 0.118519 0.761617
vt 0.119524 0.855559
vt 0.120782 0.859118
vt 0.118505 0.858009
vt 0.121903 0.856351
vt 0.119304 0.861725
vt 0.117170 0.860309
vt 0.115568 0.862445
vt 0.117480 0.864105
vt 0.119926 0.866239
vt 0.117519 0.868662
vt 0.115367 0.866220
vt 0.120039 0.871504
vt 0.122568 0.874346
vt 0.116947 0.873904
vt 0.114821 0.870755
vt 0.119083 0.877060
vt 0.124771 0.876837
vt 0.120955 0.879819
vt 0.122551 0.882143
vt 0.126644 0.878917
vt 0.122557 0.737613
vt 0.124781 0.742856
vt 0.120979 0.739909
vt 0.126609 0.740794
vt 0.119128 0.742655
vt 0.122591 0.745343
vt 0.120077 0.748174
vt 0.117004 0.745787
vt 0.117567 0.751005
vt 0.114888 0.748914
vt 0.119964 0.753414
vt 0.117520 0.755533
vt 0.115419 0.753428
vt 0.119324 0.757906
vt 0.115621 0.757181
vt 0.117215 0.759301
vt 0.113770 0.755288
vt 0.113709 0.864350
vt 0.111669 0.753684
vt 0.113076 0.751598
vt 0.113010 0.868055
vt 0.111598 0.865963
vt 0.110422 0.869563
vt 0.109291 0.867295
vt 0.111869 0.872477
vt 0.113560 0.875877
vt 0.107656 0.870718
vt 0.108710 0.873794
vt 0.109944 0.877390
vt 0.111179 0.880987
vt 0.115258 0.879284
vt 0.116752 0.882262
vt 0.112263 0.884146
vt 0.113163 0.886817
vt 0.118026 0.884821
vt 0.113290 0.732898
vt 0.116821 0.737459
vt 0.112359 0.735580
vt 0.118097 0.734959
vt 0.111283 0.738717
vt 0.115340 0.740429
vt 0.113641 0.743816
vt 0.110041 0.742300
vt 0.111948 0.747199
vt 0.108800 0.745877
vt 0.107746 0.748929
vt 0.110500 0.750094
vt 0.109370 0.752361
vt 0.106911 0.751352
vt 0.106827 0.868317
vt 0.104856 0.748146
vt 0.104347 0.750631
vt 0.104760 0.871508
vt 0.104249 0.869009
vt 0.105407 0.874699
vt 0.101780 0.871920
vt 0.101597 0.869354
vt 0.102011 0.875157
vt 0.102278 0.878947
vt 0.106164 0.878422
vt 0.102543 0.882738
vt 0.106922 0.882159
vt 0.102776 0.886054
vt 0.107584 0.885430
vt 0.108135 0.888158
vt 0.102974 0.888879
vt 0.108251 0.731552
vt 0.102904 0.733654
vt 0.103099 0.730836
vt 0.107698 0.734279
vt 0.107034 0.737540
vt 0.102671 0.736959
vt 0.106272 0.741264
vt 0.102402 0.740735
vt 0.105509 0.744971
vt 0.102132 0.744510
vt 0.101895 0.747741
vt 0.101716 0.750256
vt 0.098917 0.747732
vt 0.098724 0.744496
vt 0.099066 0.750224
vt 0.098925 0.869392
vt 0.098775 0.871924
vt 0.096437 0.750584
vt 0.095954 0.748086
vt 0.095808 0.871539
vt 0.096282 0.869084
vt 0.098584 0.875169
vt 0.095189 0.874742
vt 0.098357 0.878968
vt 0.094468 0.878475
vt 0.098127 0.882775
vt 0.093745 0.882219
vt 0.093126 0.885495
vt 0.097931 0.886107
vt 0.092612 0.888256
vt 0.097766 0.888881
vt 0.092782 0.731472
vt 0.098077 0.733604
vt 0.093293 0.734216
vt 0.097909 0.730841
vt 0.098275 0.736921
vt 0.093917 0.737474
vt 0.094630 0.741196
vt 0.098502 0.740711
vt 0.095342 0.744911
vt 0.092045 0.745781
vt 0.090853 0.742181
vt 0.093070 0.748858
vt 0.093863 0.751234
vt 0.088882 0.747062
vt 0.090299 0.749970
vt 0.091411 0.752260
vt 0.093714 0.868391
vt 0.090143 0.869652
vt 0.091251 0.867374
vt 0.092915 0.870786
vt 0.088710 0.872572
vt 0.091882 0.873865
vt 0.090677 0.877477
vt 0.087040 0.875993
vt 0.089472 0.881092
vt 0.085368 0.879426
vt 0.088417 0.884270
vt 0.083895 0.882426
vt 0.082639 0.885008
vt 0.087543 0.886964
vt 0.082911 0.734683
vt 0.088613 0.735421
vt 0.084117 0.737226
vt 0.087752 0.732754
vt 0.085573 0.740223
vt 0.089662 0.738576
vt 0.087228 0.743649
vt 0.081729 0.742403
vt 0.083823 0.745585
vt 0.085915 0.748751
vt 0.087712 0.751465
vt 0.083200 0.750824
vt 0.080704 0.747959
vt 0.085332 0.753266
vt 0.086991 0.755174
vt 0.089094 0.753552
vt 0.088938 0.866045
vt 0.085158 0.866341
vt 0.086820 0.864427
vt 0.087540 0.868162
vt 0.085736 0.870873
vt 0.083018 0.868786
vt 0.083629 0.874040
vt 0.080512 0.871652
vt 0.077998 0.874522
vt 0.081513 0.877224
vt 0.075799 0.877038
vt 0.079655 0.880009
vt 0.073924 0.879146
vt 0.078069 0.882358
vt 0.078342 0.737241
vt 0.076004 0.742567
vt 0.074119 0.740406
vt 0.079883 0.739616
vt 0.078199 0.745082
vt 0.072555 0.746010
vt 0.075065 0.748217
vt 0.077927 0.750726
vt 0.080772 0.753228
vt 0.075545 0.753829
vt 0.072382 0.751726
vt 0.078696 0.755932
vt 0.081388 0.757747
vt 0.083200 0.755369
vt 0.085113 0.757062
vt 0.083473 0.759145
vt 0.084932 0.862547
vt 0.081206 0.861856
vt 0.083307 0.860438
vt 0.083035 0.864228
vt 0.078505 0.863664
vt 0.080591 0.866371
vt 0.075351 0.865775
vt 0.077738 0.868881
vt 0.074874 0.871390
vt 0.072186 0.867887
vt 0.069425 0.869744
vt 0.072371 0.873594
vt 0.070245 0.875434
vt 0.067089 0.871287
vt 0.067260 0.748341
vt 0.069614 0.749878
vt 0.070411 0.744162
vt 0.064699 0.752871
vt 0.067216 0.754084
vt 0.070196 0.755543
vt 0.073595 0.757209
vt 0.068516 0.759593
vt 0.065371 0.758541
vt 0.072102 0.760809
vt 0.075673 0.762028
vt 0.076984 0.758885
vt 0.079874 0.760319
vt 0.078732 0.763075
vt 0.081122 0.763891
vt 0.082157 0.761453
vt 0.081973 0.858135
vt 0.078553 0.856504
vt 0.080954 0.855678
vt 0.079705 0.859266
vt 0.075479 0.857545
vt 0.076795 0.860703
vt 0.071885 0.858773
vt 0.073390 0.862387
vt 0.068284 0.860008
vt 0.069981 0.864075
vt 0.066993 0.865556
vt 0.065127 0.861080
vt 0.062477 0.862009
vt 0.064507 0.866791
vt 0.062754 0.757657
vt 0.061400 0.762642
vt 0.064139 0.763198
vt 0.061076 0.856962
vt 0.063849 0.856386
vt 0.067390 0.763830
vt 0.060702 0.767809
vt 0.063528 0.767985
vt 0.066823 0.768180
vt 0.071097 0.764568
vt 0.070591 0.768423
vt 0.074352 0.768670
vt 0.074795 0.765308
vt 0.077574 0.768890
vt 0.077959 0.765949
vt 0.080059 0.769053
vt 0.080421 0.766441
vt 0.080269 0.853104
vt 0.077389 0.850647
vt 0.079899 0.850482
vt 0.077764 0.853612
vt 0.074588 0.854242
vt 0.074143 0.850851
vt 0.070865 0.854987
vt 0.070356 0.851097
vt 0.067129 0.855738
vt 0.066550 0.851340
vt 0.063219 0.851549
vt 0.060355 0.851727
vt 0.066571 0.846909
vt 0.063243 0.846676
vt 0.060425 0.846448
vt 0.063539 0.772802
vt 0.060762 0.773015
vt 0.064178 0.777554
vt 0.061490 0.778102
vt 0.063929 0.841871
vt 0.061192 0.841281
vt 0.067408 0.776890
vt 0.066830 0.772561
vt 0.070594 0.772310
vt 0.071102 0.776156
vt 0.074788 0.775425
vt 0.074350 0.772065
vt 0.077936 0.774798
vt 0.077547 0.771859
vt 0.080399 0.774310
vt 0.080071 0.771698
vt 0.080250 0.845194
vt 0.077369 0.847653
vt 0.077771 0.844694
vt 0.079914 0.847821
vt 0.074141 0.847438
vt 0.074605 0.844057
vt 0.070364 0.847179
vt 0.070895 0.843305
vt 0.067182 0.842547
vt 0.068339 0.838314
vt 0.071919 0.839545
vt 0.065209 0.837217
vt 0.062604 0.836307
vt 0.070039 0.834276
vt 0.067088 0.832790
vt 0.064596 0.831558
vt 0.064769 0.787798
vt 0.065434 0.782167
vt 0.067262 0.786586
vt 0.062815 0.783046
vt 0.070207 0.785125
vt 0.068542 0.781098
vt 0.072103 0.779895
vt 0.073582 0.783470
vt 0.076951 0.781814
vt 0.075659 0.778693
vt 0.078699 0.777659
vt 0.079830 0.780392
vt 0.082066 0.779288
vt 0.081069 0.776855
vt 0.081941 0.840194
vt 0.078547 0.841819
vt 0.079690 0.839074
vt 0.080930 0.842637
vt 0.076803 0.837635
vt 0.075492 0.840770
vt 0.073423 0.835957
vt 0.075379 0.832597
vt 0.078507 0.834700
vt 0.072244 0.830492
vt 0.069510 0.828636
vt 0.074924 0.827026
vt 0.077756 0.829524
vt 0.072453 0.824827
vt 0.070352 0.822987
vt 0.067192 0.827089
vt 0.070454 0.796371
vt 0.069648 0.790738
vt 0.072558 0.794550
vt 0.067329 0.792266
vt 0.075033 0.792371
vt 0.072381 0.788904
vt 0.077866 0.789895
vt 0.075512 0.786822
vt 0.080684 0.787421
vt 0.078636 0.784739
vt 0.081312 0.782944
vt 0.083099 0.785303
vt 0.083372 0.781567
vt 0.084982 0.783655
vt 0.083262 0.837907
vt 0.083002 0.834160
vt 0.084871 0.835814
vt 0.081183 0.836505
vt 0.080578 0.832018
vt 0.085093 0.832049
vt 0.082990 0.829629
vt 0.080516 0.826787
vt 0.078036 0.823940
vt 0.083611 0.824434
vt 0.085690 0.827570
vt 0.081530 0.821290
vt 0.075874 0.821433
vt 0.079724 0.818528
vt 0.074027 0.819326
vt 0.078170 0.816164
vt 0.074098 0.800042
vt 0.079781 0.800858
vt 0.078222 0.803213
vt 0.075948 0.797950
vt 0.081604 0.798115
vt 0.078122 0.795467
vt 0.080607 0.792635
vt 0.083686 0.794990
vt 0.083081 0.789811
vt 0.085768 0.791871
vt 0.085184 0.787409
vt 0.087542 0.789199
vt 0.088928 0.787108
vt 0.086847 0.785511
vt 0.088846 0.832357
vt 0.087463 0.830256
vt 0.086752 0.833954
vt 0.091137 0.831047
vt 0.090045 0.828786
vt 0.088633 0.825888
vt 0.086982 0.822507
vt 0.091773 0.824611
vt 0.092798 0.827668
vt 0.090573 0.821037
vt 0.089370 0.817461
vt 0.085329 0.819117
vt 0.083901 0.816147
vt 0.088324 0.814337
vt 0.087460 0.811742
vt 0.082706 0.813639
vt 0.082740 0.805753
vt 0.088352 0.805077
vt 0.087480 0.807665
vt 0.083943 0.803254
vt 0.089404 0.801963
vt 0.085380 0.800297
vt 0.087041 0.796923
vt 0.090616 0.798402
vt 0.088700 0.793556
vt 0.091823 0.794848
vt 0.090112 0.790671
vt 0.092854 0.791795
vt 0.093647 0.789421
vt 0.091208 0.788419
vt 0.093585 0.830050
vt 0.096205 0.790094
vt 0.095722 0.792545
vt 0.095673 0.826922
vt 0.096152 0.829382
vt 0.095053 0.823742
vt 0.098630 0.826517
vt 0.098789 0.829055
vt 0.098418 0.823291
vt 0.098165 0.819534
vt 0.094320 0.820043
vt 0.093588 0.816351
vt 0.097910 0.815779
vt 0.092938 0.813130
vt 0.097674 0.812509
vt 0.097484 0.809722
vt 0.092389 0.810422
vt 0.092398 0.809000
vt 0.097683 0.806938
vt 0.092957 0.806296
vt 0.097917 0.803672
vt 0.093607 0.803080
vt 0.098183 0.799921
vt 0.094348 0.799401
vt 0.095090 0.795712
vt 0.098447 0.796173
vt 0.098669 0.792957
vt 0.098835 0.790427
vt 0.101656 0.792946
vt 0.101834 0.796185
vt 0.101516 0.790424
vt 0.101477 0.829066
vt 0.101623 0.826535
vt 0.104610 0.792604
vt 0.104163 0.790134
vt 0.104133 0.829364
vt 0.104589 0.826879
vt 0.101817 0.823290
vt 0.105188 0.823700
vt 0.105891 0.819997
vt 0.102041 0.819520
vt 0.102267 0.815759
vt 0.106592 0.816296
vt 0.107199 0.813059
vt 0.102452 0.812468
vt 0.107696 0.810330
vt 0.102614 0.809729
vt 0.107716 0.809133
vt 0.102455 0.806985
vt 0.107197 0.806381
vt 0.102272 0.803697
vt 0.106589 0.803159
vt 0.105892 0.799470
vt 0.102051 0.799943
vt 0.105197 0.795775
vt 0.108477 0.794940
vt 0.109641 0.798511
vt 0.107489 0.791881
vt 0.106728 0.789496
vt 0.110243 0.790788
vt 0.111619 0.793687
vt 0.109175 0.788526
vt 0.106702 0.830009
vt 0.110237 0.828731
vt 0.109160 0.830986
vt 0.107482 0.827604
vt 0.111636 0.825809
vt 0.108481 0.824549
vt 0.113264 0.822410
vt 0.109655 0.820964
vt 0.114893 0.819001
vt 0.110827 0.817376
vt 0.116312 0.816008
vt 0.111846 0.814245
vt 0.117500 0.813515
vt 0.112713 0.811574
vt 0.112705 0.807836
vt 0.116260 0.803432
vt 0.117458 0.805916
vt 0.111831 0.805207
vt 0.110811 0.802085
vt 0.114855 0.800467
vt 0.113235 0.797076
vt 0.118649 0.798345
vt 0.116611 0.795188
vt 0.114569 0.792034
vt 0.112825 0.789345
vt 0.117285 0.790016
vt 0.119720 0.792879
vt 0.115196 0.787576
vt 0.111470 0.787243
vt 0.113575 0.785668
vt 0.111465 0.832282
vt 0.115207 0.831960
vt 0.113576 0.833868
vt 0.112830 0.830179
vt 0.114591 0.827475
vt 0.117307 0.829516
vt 0.116650 0.824316
vt 0.119765 0.826649
vt 0.122225 0.823774
vt 0.118707 0.821149
vt 0.120512 0.818368
vt 0.124386 0.821263
vt 0.126232 0.819101
vt 0.122020 0.816010
vt 0.126067 0.800408
vt 0.120435 0.801114
vt 0.124288 0.798267
vt 0.121914 0.803421
vt 0.122153 0.795753
vt 0.125306 0.792707
vt 0.127752 0.794926
vt 0.122505 0.790176
vt 0.119713 0.787659
vt 0.124913 0.787124
vt 0.128030 0.789262
vt 0.121804 0.784992
vt 0.119150 0.783176
vt 0.117318 0.785508
vt 0.115457 0.783828
vt 0.117081 0.781754
vt 0.115459 0.835719
vt 0.119165 0.836380
vt 0.117081 0.837803
vt 0.117331 0.834038
vt 0.119739 0.831888
vt 0.121830 0.834570
vt 0.122551 0.829374
vt 0.124953 0.832444
vt 0.125377 0.826849
vt 0.128082 0.830315
vt 0.130823 0.828449
vt 0.127854 0.824638
vt 0.129959 0.822778
vt 0.133140 0.826889
vt 0.129848 0.796832
vt 0.130754 0.791147
vt 0.133073 0.792725
vt 0.133218 0.786998
vt 0.135711 0.788251
vt 0.130269 0.785488
vt 0.126900 0.783779
vt 0.135126 0.782567
vt 0.131995 0.781458
vt 0.128431 0.780204
vt 0.123540 0.782076
vt 0.124880 0.778955
vt 0.120665 0.780625
vt 0.121843 0.777891
vt 0.118419 0.779483
vt 0.119443 0.777054
vt 0.118412 0.840081
vt 0.121837 0.841694
vt 0.119449 0.842519
vt 0.120686 0.838941
vt 0.124890 0.840638
vt 0.123563 0.837500
vt 0.128458 0.839393
vt 0.126935 0.835802
vt 0.130321 0.834095
vt 0.132033 0.838145
vt 0.135167 0.837044
vt 0.133286 0.832596
vt 0.137806 0.836100
vt 0.135752 0.831348
vt 0.137738 0.783495
vt 0.139185 0.778504
vt 0.139243 0.841127
vt 0.133185 0.777233
vt 0.133219 0.842387
vt 0.133829 0.846752
vt 0.120157 0.845074
vt 0.120160 0.774505
vt 0.261642 0.765771
vt 0.260699 0.761024
vt 0.261987 0.765588
vt 0.262275 0.765240
vt 0.262503 0.764745
vt 0.262669 0.764122
vt 0.262772 0.763394
vt 0.262812 0.762583
vt 0.262795 0.761718
vt 0.262730 0.760828
vt 0.262623 0.759942
vt 0.262474 0.759089
vt 0.262278 0.758301
vt 0.262037 0.757606
vt 0.261755 0.757027
vt 0.261436 0.756584
vt 0.261087 0.756299
vt 0.260713 0.756184
vt 0.262030 0.751600
vt 0.261312 0.751267
vt 0.263848 0.746977
vt 0.262865 0.746297
vt 0.262663 0.752246
vt 0.264660 0.748052
vt 0.263219 0.753173
vt 0.265351 0.749488
vt 0.263705 0.754347
vt 0.265952 0.751248
vt 0.264119 0.755728
vt 0.266474 0.753279
vt 0.264459 0.757268
vt 0.266918 0.755521
vt 0.264726 0.758914
vt 0.267281 0.757904
vt 0.264924 0.760615
vt 0.267559 0.760360
vt 0.265056 0.762322
vt 0.267757 0.762823
vt 0.265111 0.763989
vt 0.267859 0.765231
vt 0.265072 0.765566
vt 0.267853 0.767517
vt 0.264930 0.767001
vt 0.267731 0.769611
vt 0.264679 0.768246
vt 0.267479 0.771453
vt 0.264311 0.769263
vt 0.267076 0.772996
vt 0.263815 0.770017
vt 0.266485 0.774206
vt 0.263174 0.770482
vt 0.265652 0.775062
vt 0.270023 0.777899
vt 0.269153 0.779198
vt 0.274315 0.780854
vt 0.273574 0.782567
vt 0.270583 0.776246
vt 0.274739 0.778828
vt 0.270929 0.774223
vt 0.274960 0.776410
vt 0.271117 0.771846
vt 0.275038 0.773596
vt 0.271176 0.769167
vt 0.275002 0.770436
vt 0.271122 0.766255
vt 0.274866 0.767007
vt 0.270960 0.763190
vt 0.274636 0.763398
vt 0.270699 0.760056
vt 0.274316 0.759705
vt 0.270353 0.756929
vt 0.273921 0.756019
vt 0.269924 0.753890
vt 0.273454 0.752434
vt 0.269419 0.751022
vt 0.272930 0.749042
vt 0.268846 0.748404
vt 0.272358 0.745934
vt 0.268206 0.746108
vt 0.271742 0.743188
vt 0.267478 0.744188
vt 0.271061 0.740857
vt 0.266611 0.742673
vt 0.270256 0.738949
vt 0.265507 0.741566
vt 0.269200 0.737411
vt 0.274621 0.736021
vt 0.273766 0.734124
vt 0.279488 0.734031
vt 0.278938 0.731905
vt 0.275276 0.738230
vt 0.279939 0.736422
vt 0.275849 0.740868
vt 0.280371 0.739248
vt 0.276394 0.743950
vt 0.280814 0.742537
vt 0.276923 0.747425
vt 0.281271 0.746242
vt 0.277431 0.751211
vt 0.281736 0.750274
vt 0.277906 0.755209
vt 0.282194 0.754530
vt 0.278332 0.759316
vt 0.282632 0.758900
vt 0.278702 0.763428
vt 0.283041 0.763272
vt 0.279004 0.767443
vt 0.283408 0.767537
vt 0.279231 0.771256
vt 0.283726 0.771583
vt 0.279379 0.774769
vt 0.283988 0.775307
vt 0.279436 0.777898
vt 0.284185 0.778620
vt 0.279380 0.780597
vt 0.284303 0.781476
vt 0.279162 0.782890
vt 0.284320 0.783909
vt 0.278686 0.784916
vt 0.284188 0.786101
vt 0.289546 0.783913
vt 0.289758 0.786101
vt 0.295225 0.785032
vt 0.294675 0.782906
vt 0.289308 0.781454
vt 0.294224 0.780515
vt 0.289028 0.778556
vt 0.293792 0.777690
vt 0.288701 0.775188
vt 0.293349 0.774400
vt 0.288334 0.771399
vt 0.292892 0.770695
vt 0.287935 0.767278
vt 0.292427 0.766663
vt 0.287514 0.762931
vt 0.291969 0.762407
vt 0.287082 0.758469
vt 0.291531 0.758038
vt 0.286649 0.754006
vt 0.291122 0.753665
vt 0.286228 0.749659
vt 0.290755 0.749401
vt 0.285829 0.745538
vt 0.290437 0.745354
vt 0.285462 0.741749
vt 0.290175 0.741630
vt 0.285136 0.738381
vt 0.289978 0.738317
vt 0.284855 0.735484
vt 0.289860 0.735461
vt 0.284617 0.733024
vt 0.289843 0.733028
vt 0.284405 0.730836
vt 0.289975 0.730836
vt 0.295477 0.732021
vt 0.295002 0.734047
vt 0.300589 0.734370
vt 0.299848 0.736083
vt 0.294783 0.736340
vt 0.299424 0.738109
vt 0.294727 0.739039
vt 0.299203 0.740528
vt 0.294784 0.742168
vt 0.299125 0.743341
vt 0.294932 0.745681
vt 0.299161 0.746501
vt 0.295160 0.749494
vt 0.299297 0.749930
vt 0.295461 0.753509
vt 0.299528 0.753539
vt 0.295831 0.757621
vt 0.299847 0.757232
vt 0.296257 0.761728
vt 0.300242 0.760918
vt 0.296732 0.765726
vt 0.300709 0.764504
vt 0.297241 0.769512
vt 0.301234 0.767895
vt 0.297770 0.772988
vt 0.301805 0.771003
vt 0.298314 0.776070
vt 0.302421 0.773749
vt 0.298887 0.778708
vt 0.303102 0.776080
vt 0.299542 0.780916
vt 0.303908 0.777988
vt 0.300397 0.782813
vt 0.304963 0.779526
vt 0.308656 0.775371
vt 0.307552 0.774264
vt 0.311298 0.770640
vt 0.310316 0.769960
vt 0.306685 0.772749
vt 0.309504 0.768886
vt 0.305957 0.770829
vt 0.308812 0.767449
vt 0.305317 0.768533
vt 0.308211 0.765690
vt 0.304745 0.765915
vt 0.307689 0.763658
vt 0.304239 0.763047
vt 0.307245 0.761416
vt 0.303810 0.760008
vt 0.306882 0.759033
vt 0.303464 0.756882
vt 0.306604 0.756577
vt 0.303203 0.753747
vt 0.306406 0.754114
vt 0.303042 0.750682
vt 0.306304 0.751706
vt 0.302987 0.747770
vt 0.306310 0.749420
vt 0.303046 0.745091
vt 0.306432 0.747326
vt 0.303234 0.742715
vt 0.306684 0.745484
vt 0.303580 0.740691
vt 0.307087 0.743942
vt 0.304140 0.739038
vt 0.307678 0.742732
vt 0.305011 0.737739
vt 0.308512 0.741875
vt 0.310990 0.746455
vt 0.310349 0.746920
vt 0.312522 0.751166
vt 0.312177 0.751350
vt 0.309852 0.747674
vt 0.311888 0.751697
vt 0.309484 0.748691
vt 0.311661 0.752192
vt 0.309233 0.749936
vt 0.311495 0.752815
vt 0.309091 0.751371
vt 0.311392 0.753543
vt 0.309053 0.752948
vt 0.311351 0.754354
vt 0.309107 0.754615
vt 0.311368 0.755219
vt 0.309239 0.756322
vt 0.311433 0.756110
vt 0.309437 0.758023
vt 0.311540 0.756996
vt 0.309704 0.759670
vt 0.311689 0.757849
vt 0.310044 0.761209
vt 0.311885 0.758636
vt 0.310459 0.762590
vt 0.312126 0.759331
vt 0.310944 0.763765
vt 0.312408 0.759911
vt 0.311500 0.764691
vt 0.312727 0.760353
vt 0.312133 0.765337
vt 0.313076 0.760639
vt 0.312851 0.765670
vt 0.313450 0.760753
vt 0.313464 0.755913
vt 0.374397 0.568748
vt 0.381283 0.560357
vt 0.386400 0.550783
vt 0.289198 0.560357
vt 0.296085 0.568748
vt 0.284081 0.550783
vt 0.389552 0.540395
vt 0.280930 0.540395
vt 0.390616 0.529592
vt 0.389552 0.518789
vt 0.279866 0.529592
vt 0.280930 0.518789
vt 0.386400 0.508401
vt 0.381283 0.498827
vt 0.284081 0.508401
vt 0.289198 0.498827
vt 0.374397 0.490436
vt 0.366005 0.483549
vt 0.296085 0.490436
vt 0.304476 0.483549
vt 0.356432 0.478432
vt 0.314050 0.478432
vt 0.324438 0.475281
vt 0.867121 0.165452
vt 0.803360 0.165452
vt 0.813281 0.170755
vt 0.060355 0.610126
vt 0.234491 0.234491
vt 0.925467 0.410004
s 0
usemtl マテリアル
f 2/1/1 52/2/1 53/3/1
f 17/4/1 4/5/1 32/6/1
f 23/7/2 14/8/2 21/9/2
f 10/10/3 16/11/3 22/12/3
f 6/13/4 8/14/4 3/15/4
f 11/16/5 20/17/5 9/18/5
f 1/19/6 2/20/6 3/21/6
f 4/22/7 5/23/7 6/24/7
f 7/25/8 8/26/8 9/27/8
f 10/10/9 11/28/9 12/29/9
f 13/30/10 14/31/10 15/32/10
f 16/11/11 17/33/11 18/34/11
f 19/35/12 20/36/12 21/37/12
f 22/12/13 23/38/13 24/39/13
f 1/19/14 8/26/14 7/25/14
f 4/40/15 3/15/15 2/1/15
f 10/10/16 6/24/16 5/23/16
f 9/18/17 12/41/17 11/16/17
f 7/25/18 20/17/18 19/35/18
f 22/12/19 11/42/19 10/10/19
f 21/43/20 24/44/20 23/45/20
f 19/35/21 14/31/21 13/30/21
f 16/11/22 23/38/22 22/12/22
f 15/46/23 18/47/23 17/48/23
f 13/30/24 2/1/24 1/19/24
f 5/23/25 17/4/25 16/11/25
f 19/35/26 1/19/26 7/25/26
f 52/49/27 25/50/27 53/51/27
f 25/50/28 52/49/28 51/52/28
f 25/50/29 51/52/29 50/53/29
f 39/54/30 25/50/30 50/53/30
f 25/50/31 39/54/31 38/55/31
f 25/50/32 38/55/32 40/56/32
f 25/50/33 40/56/33 35/57/33
f 34/58/34 25/50/34 35/57/34
f 36/59/35 25/50/35 34/58/35
f 37/60/36 25/50/36 36/59/36
f 41/61/37 25/50/37 37/60/37
f 42/62/38 25/50/38 41/61/38
f 29/63/39 25/50/39 42/62/39
f 30/64/40 25/50/40 29/63/40
f 31/65/41 25/50/41 30/64/41
f 31/65/42 32/6/42 25/50/42
f 32/6/43 33/66/43 25/50/43
f 25/50/44 33/66/44 26/67/44
f 25/50/45 26/67/45 27/68/45
f 25/50/46 27/68/46 28/69/46
f 48/70/47 25/50/47 28/69/47
f 25/50/48 48/70/48 49/71/48
f 25/50/49 49/71/49 45/72/49
f 45/72/50 44/73/50 25/50/50
f 44/73/51 43/74/51 25/50/51
f 47/75/52 25/50/52 43/74/52
f 46/76/53 25/50/53 47/75/53
f 57/77/54 25/50/54 46/76/54
f 56/78/55 25/50/55 57/77/55
f 55/79/56 25/50/56 56/78/56
f 54/80/57 25/50/57 55/79/57
f 53/51/58 25/50/58 54/80/58
f 60/81/59 59/82/59 58/83/59
f 62/84/60 59/82/60 64/85/60
f 629/86/61 58/87/61 61/88/61
f 61/88/62 62/89/62 65/90/62
f 63/91/63 64/85/63 77/92/63
f 65/90/64 63/93/64 67/94/64
f 66/95/65 67/94/65 68/96/65
f 66/95/66 61/88/66 65/90/66
f 70/97/67 67/94/67 69/98/67
f 67/94/68 72/99/68 69/98/68
f 112/100/69 69/98/69 71/101/69
f 71/101/70 72/99/70 73/102/70
f 73/103/71 74/104/71 75/105/71
f 72/106/72 77/92/72 74/104/72
f 74/104/73 124/107/73 75/105/73
f 77/92/74 76/108/74 74/104/74
f 77/92/75 80/109/75 78/110/75
f 76/108/76 79/111/76 127/112/76
f 78/110/77 81/113/77 79/111/77
f 59/82/78 80/109/78 64/85/78
f 82/114/79 81/113/79 80/109/79
f 59/82/80 83/115/80 82/114/80
f 82/114/81 85/116/81 84/117/81
f 85/116/82 86/118/82 84/117/82
f 84/117/83 89/119/83 81/113/83
f 87/120/84 88/121/84 86/118/84
f 86/118/85 91/122/85 89/119/85
f 79/111/86 89/119/86 90/123/86
f 90/123/87 91/122/87 92/124/87
f 91/122/88 94/125/88 92/124/88
f 88/121/89 93/126/89 91/122/89
f 94/125/90 95/127/90 135/128/90
f 93/126/91 98/129/91 95/127/91
f 88/121/92 97/130/92 96/131/92
f 97/130/93 98/129/93 96/131/93
f 99/132/94 100/133/94 98/134/94
f 98/134/95 103/135/95 95/136/95
f 100/133/96 631/137/96 102/138/96
f 100/133/97 105/139/97 103/135/97
f 95/136/98 104/140/98 135/141/98
f 104/140/99 105/139/99 106/142/99
f 105/139/100 68/96/100 106/142/100
f 102/138/101 66/95/101 105/139/101
f 104/140/102 107/143/102 108/144/102
f 106/142/103 70/97/103 107/143/103
f 108/144/104 109/145/104 110/146/104
f 107/143/105 112/100/105 109/145/105
f 139/147/106 109/145/106 111/148/106
f 111/148/107 112/100/107 113/149/107
f 112/100/108 115/150/108 113/149/108
f 111/148/109 114/151/109 142/152/109
f 113/149/110 116/153/110 114/151/110
f 116/153/111 117/154/111 118/155/111
f 71/101/112 117/154/112 115/150/112
f 117/156/113 120/157/113 118/158/113
f 117/156/114 75/105/114 119/159/114
f 120/157/115 121/160/115 122/161/115
f 119/159/116 124/107/116 121/160/116
f 121/160/117 158/162/117 122/161/117
f 124/107/118 123/163/118 121/160/118
f 76/108/119 125/164/119 124/107/119
f 125/164/120 161/165/120 123/163/120
f 127/112/121 126/166/121 125/164/121
f 127/112/122 90/123/122 128/167/122
f 126/166/123 129/168/123 130/169/123
f 128/167/124 92/124/124 129/168/124
f 129/168/125 132/170/125 130/169/125
f 92/124/126 131/171/126 129/168/126
f 132/170/127 133/172/127 134/173/127
f 131/171/128 135/128/128 133/172/128
f 133/174/129 110/146/129 134/175/129
f 135/141/130 108/144/130 133/174/130
f 137/176/131 134/173/131 136/177/131
f 134/175/132 139/147/132 136/178/132
f 164/179/133 136/177/133 138/180/133
f 136/178/134 140/181/134 138/182/134
f 140/181/135 111/148/135 142/152/135
f 138/182/136 141/183/136 167/184/136
f 140/181/137 143/185/137 141/183/137
f 142/152/138 145/186/138 143/185/138
f 170/187/139 143/185/139 144/188/139
f 143/185/140 146/189/140 144/188/140
f 146/189/141 147/190/141 148/191/141
f 114/151/142 147/190/142 145/186/142
f 147/190/143 150/192/143 148/191/143
f 147/190/144 118/155/144 149/193/144
f 150/194/145 151/195/145 152/196/145
f 118/158/146 151/195/146 149/197/146
f 151/195/147 154/198/147 152/196/147
f 151/195/148 122/161/148 153/199/148
f 154/198/149 155/200/149 156/201/149
f 122/161/150 155/200/150 153/199/150
f 155/200/151 190/202/151 156/201/151
f 155/200/152 159/203/152 157/204/152
f 123/163/153 159/203/153 158/162/153
f 157/204/154 160/205/154 163/206/154
f 161/165/155 160/205/155 159/203/155
f 161/165/156 130/169/156 162/207/156
f 162/207/157 164/179/157 160/205/157
f 130/169/158 137/176/158 162/207/158
f 160/205/159 165/208/159 163/206/159
f 164/179/160 167/209/160 165/208/160
f 191/210/161 165/208/161 166/211/161
f 165/208/162 168/212/162 166/211/162
f 168/213/163 141/183/163 170/187/163
f 166/211/164 169/214/164 193/215/164
f 169/216/165 170/187/165 171/217/165
f 171/217/166 144/188/166 173/218/166
f 169/216/167 172/219/167 196/220/167
f 171/217/168 174/221/168 172/219/168
f 173/218/169 176/222/169 174/221/169
f 144/188/170 175/223/170 173/218/170
f 176/222/171 177/224/171 178/225/171
f 146/189/172 177/224/172 175/223/172
f 178/225/173 179/226/173 180/227/173
f 148/191/174 179/226/174 177/224/174
f 179/228/175 182/229/175 180/230/175
f 179/228/176 152/196/176 181/231/176
f 181/231/177 184/232/177 182/229/177
f 181/231/178 154/198/178 183/233/178
f 184/232/179 185/234/179 186/235/179
f 154/198/180 185/234/180 183/233/180
f 186/235/181 187/236/181 188/237/181
f 185/234/182 190/202/182 187/236/182
f 188/237/183 189/238/183 192/239/183
f 190/202/184 189/238/184 187/236/184
f 157/204/185 191/210/185 190/202/185
f 189/238/186 166/211/186 193/215/186
f 192/239/187 193/215/187 194/240/187
f 194/240/188 169/214/188 196/241/188
f 192/239/189 195/242/189 217/243/189
f 194/240/190 197/244/190 195/242/190
f 196/220/191 199/245/191 197/246/191
f 220/247/192 197/244/192 198/248/192
f 198/249/193 199/245/193 200/250/193
f 200/250/194 201/251/194 202/252/194
f 199/245/195 174/221/195 201/251/195
f 201/251/196 204/253/196 202/252/196
f 201/251/197 176/222/197 203/254/197
f 203/254/198 206/255/198 204/253/198
f 203/254/199 178/225/199 205/256/199
f 205/256/200 208/257/200 206/255/200
f 178/225/201 207/258/201 205/256/201
f 207/259/202 210/260/202 208/261/202
f 207/259/203 182/229/203 209/262/203
f 210/260/204 211/263/204 212/264/204
f 182/229/205 211/263/205 209/262/205
f 212/264/206 213/265/206 214/266/206
f 184/232/207 213/265/207 211/263/207
f 213/265/208 216/267/208 214/266/208
f 186/235/209 215/268/209 213/265/209
f 215/268/210 218/269/210 216/267/210
f 188/237/211 217/243/211 215/268/211
f 217/243/212 220/247/212 218/269/212
f 241/270/213 218/269/213 219/271/213
f 219/271/214 220/247/214 221/272/214
f 220/247/215 223/273/215 221/272/215
f 244/274/216 221/272/216 222/275/216
f 221/272/217 224/276/217 222/275/217
f 223/277/218 226/278/218 224/279/218
f 198/249/219 225/280/219 223/277/219
f 226/278/220 227/281/220 228/282/220
f 200/250/221 227/281/221 225/280/221
f 228/282/222 229/283/222 230/284/222
f 227/281/223 204/253/223 229/283/223
f 230/284/224 231/285/224 232/286/224
f 229/283/225 206/255/225 231/285/225
f 231/285/226 234/287/226 232/286/226
f 231/285/227 208/257/227 233/288/227
f 234/289/228 235/290/228 236/291/228
f 208/261/229 235/290/229 233/292/229
f 235/290/230 238/293/230 236/291/230
f 210/260/231 237/294/231 235/290/231
f 237/294/232 240/295/232 238/293/232
f 212/264/233 239/296/233 237/294/233
f 239/296/234 242/297/234 240/295/234
f 239/296/235 216/267/235 241/270/235
f 242/297/236 219/271/236 244/274/236
f 265/298/237 242/297/237 243/299/237
f 243/299/238 244/274/238 245/300/238
f 245/300/239 222/275/239 247/301/239
f 268/302/240 245/300/240 246/303/240
f 246/303/241 247/301/241 248/304/241
f 248/304/242 249/305/242 250/306/242
f 222/275/243 249/305/243 247/301/243
f 249/307/244 252/308/244 250/309/244
f 224/279/245 251/310/245 249/307/245
f 252/308/246 253/311/246 254/312/246
f 226/278/247 253/311/247 251/310/247
f 254/312/248 255/313/248 256/314/248
f 228/282/249 255/313/249 253/311/249
f 256/314/250 257/315/250 258/316/250
f 255/313/251 232/286/251 257/315/251
f 257/315/252 260/317/252 258/316/252
f 232/286/253 259/318/253 257/315/253
f 260/319/254 261/320/254 262/321/254
f 259/322/255 236/291/255 261/320/255
f 261/320/256 264/323/256 262/321/256
f 236/291/257 263/324/257 261/320/257
f 263/324/258 266/325/258 264/323/258
f 263/324/259 240/295/259 265/298/259
f 265/298/260 268/302/260 266/325/260
f 289/326/261 266/325/261 267/327/261
f 267/327/262 268/302/262 269/328/262
f 269/328/263 246/303/263 271/329/263
f 292/330/264 269/328/264 270/331/264
f 270/331/265 271/329/265 272/332/265
f 271/329/266 274/333/266 272/332/266
f 246/303/267 273/334/267 271/329/267
f 274/333/268 275/335/268 276/336/268
f 273/334/269 250/306/269 275/335/269
f 275/337/270 278/338/270 276/339/270
f 250/309/271 277/340/271 275/337/271
f 277/340/272 280/341/272 278/338/272
f 252/308/273 279/342/273 277/340/273
f 279/342/274 282/343/274 280/341/274
f 254/312/275 281/344/275 279/342/275
f 281/344/276 284/345/276 282/343/276
f 281/344/277 258/316/277 283/346/277
f 283/346/278 286/347/278 284/345/278
f 283/346/279 260/317/279 285/348/279
f 285/349/280 288/350/280 286/351/280
f 285/349/281 262/321/281 287/352/281
f 288/350/282 289/326/282 290/353/282
f 262/321/283 289/326/283 287/352/283
f 290/353/284 267/327/284 292/330/284
f 313/354/285 290/353/285 291/355/285
f 290/353/286 293/356/286 291/355/286
f 292/330/287 295/357/287 293/356/287
f 291/355/288 294/358/288 316/359/288
f 294/358/289 295/357/289 296/360/289
f 295/357/290 298/361/290 296/360/290
f 270/331/291 297/362/291 295/357/291
f 298/361/292 299/363/292 300/364/292
f 272/332/293 299/363/293 297/362/293
f 299/363/294 302/365/294 300/364/294
f 299/363/295 276/336/295 301/366/295
f 302/367/296 303/368/296 304/369/296
f 276/339/297 303/368/297 301/370/297
f 303/368/298 306/371/298 304/369/298
f 303/368/299 280/341/299 305/372/299
f 306/371/300 307/373/300 308/374/300
f 305/372/301 282/343/301 307/373/301
f 307/373/302 310/375/302 308/374/302
f 282/343/303 309/376/303 307/373/303
f 310/375/304 311/377/304 312/378/304
f 309/376/305 286/347/305 311/377/305
f 311/379/306 314/380/306 312/381/306
f 286/351/307 313/354/307 311/379/307
f 314/380/308 291/355/308 316/359/308
f 312/381/309 315/382/309 337/383/309
f 315/382/310 316/359/310 317/384/310
f 316/359/311 319/385/311 317/384/311
f 340/386/312 317/384/312 318/387/312
f 318/387/313 319/385/313 320/388/313
f 319/385/314 322/389/314 320/388/314
f 319/385/315 296/360/315 321/390/315
f 322/389/316 323/391/316 324/392/316
f 296/360/317 323/391/317 321/390/317
f 323/391/318 326/393/318 324/392/318
f 323/391/319 300/364/319 325/394/319
f 325/394/320 328/395/320 326/393/320
f 300/364/321 327/396/321 325/394/321
f 327/397/322 330/398/322 328/399/322
f 302/367/323 329/400/323 327/397/323
f 330/398/324 331/401/324 332/402/324
f 304/369/325 331/401/325 329/400/325
f 332/402/326 333/403/326 334/404/326
f 331/401/327 308/374/327 333/403/327
f 334/404/328 335/405/328 336/406/328
f 308/374/329 335/405/329 333/403/329
f 335/405/330 338/407/330 336/406/330
f 335/405/331 312/378/331 337/408/331
f 338/409/332 315/382/332 340/386/332
f 339/410/333 340/386/333 341/411/333
f 336/406/334 339/412/334 361/413/334
f 340/386/335 343/414/335 341/411/335
f 339/410/92 342/415/92 364/416/92
f 342/415/84 343/414/84 344/417/84
f 344/417/82 345/418/82 346/419/82
f 343/414/336 320/388/336 345/418/336
f 345/418/81 348/420/81 346/419/81
f 320/388/337 347/421/337 345/418/337
f 347/421/80 350/422/80 348/420/80
f 347/421/338 324/392/338 349/423/338
f 350/422/59 351/424/59 352/425/59
f 324/392/339 351/424/339 349/423/339
f 352/425/61 353/426/61 354/427/61
f 351/424/340 328/395/340 353/426/340
f 353/428/341 356/429/341 354/430/341
f 328/399/342 355/431/342 353/428/342
f 356/429/343 357/432/343 358/433/343
f 330/398/344 357/432/344 355/431/344
f 357/432/96 360/434/96 358/433/96
f 332/402/345 359/435/345 357/432/345
f 360/434/94 361/413/94 362/436/94
f 359/435/346 336/406/346 361/413/346
f 361/413/93 364/437/93 362/436/93
f 360/434/95 363/438/95 385/439/95
f 362/436/91 365/440/91 363/438/91
f 365/441/89 342/415/89 367/442/89
f 365/441/88 368/443/88 366/444/88
f 388/445/90 365/440/90 366/446/90
f 368/443/87 369/447/87 370/448/87
f 342/415/85 369/447/85 367/442/85
f 369/447/86 372/449/86 370/448/86
f 344/417/83 371/450/83 369/447/83
f 372/449/77 373/451/77 374/452/77
f 346/419/79 373/451/79 371/450/79
f 373/451/75 376/453/75 374/452/75
f 348/420/78 375/454/78 373/451/78
f 375/454/63 378/455/63 376/453/63
f 350/422/60 377/456/60 375/454/60
f 378/455/64 379/457/64 380/458/64
f 352/425/62 379/457/62 377/456/62
f 380/459/65 381/460/65 382/461/65
f 354/430/66 381/460/66 379/462/66
f 382/461/100 383/463/100 384/464/100
f 356/429/101 383/463/101 381/460/101
f 384/464/99 385/439/99 386/465/99
f 358/433/97 385/439/97 383/463/97
f 385/439/98 388/445/98 386/465/98
f 384/464/102 387/466/102 409/467/102
f 386/465/130 389/468/130 387/466/130
f 389/468/128 366/446/128 391/469/128
f 412/470/129 389/468/129 390/471/129
f 389/468/127 392/472/127 390/471/127
f 392/473/125 393/474/125 394/475/125
f 366/444/126 393/474/126 391/476/126
f 393/474/123 396/477/123 394/475/123
f 393/474/124 370/448/124 395/478/124
f 396/477/121 397/479/121 398/480/121
f 395/478/122 372/449/122 397/479/122
f 397/479/119 400/481/119 398/480/119
f 372/449/76 399/482/76 397/479/76
f 400/481/73 401/483/73 402/484/73
f 374/452/74 401/483/74 399/482/74
f 401/483/71 404/485/71 402/484/71
f 376/453/72 403/486/72 401/483/72
f 404/485/70 405/487/70 406/488/70
f 403/486/68 380/458/68 405/487/68
f 405/489/69 408/490/69 406/491/69
f 405/489/67 382/461/67 407/492/67
f 408/490/105 409/467/105 410/493/105
f 382/461/103 409/467/103 407/492/103
f 409/467/104 412/470/104 410/493/104
f 433/494/107 410/493/107 411/495/107
f 410/493/106 413/496/106 411/495/106
f 413/496/132 390/471/132 415/497/132
f 436/498/135 413/496/135 414/499/135
f 414/499/134 415/497/134 416/500/134
f 415/497/133 418/501/133 416/500/133
f 415/497/131 392/472/131 417/502/131
f 418/503/157 419/504/157 420/505/157
f 392/473/158 419/504/158 417/506/158
f 419/504/155 422/507/155 420/505/155
f 394/475/156 421/508/156 419/504/156
f 421/508/153 424/509/153 422/507/153
f 421/508/120 398/480/120 423/510/120
f 424/509/117 425/511/117 426/512/117
f 423/510/118 400/481/118 425/511/118
f 425/511/115 428/513/115 426/512/115
f 400/481/116 427/514/116 425/511/116
f 428/513/113 429/515/113 430/516/113
f 402/484/114 429/515/114 427/514/114
f 430/516/111 431/517/111 432/518/111
f 404/485/112 431/517/112 429/515/112
f 432/519/110 433/494/110 434/520/110
f 406/491/108 433/494/108 431/521/108
f 433/494/109 436/498/109 434/520/109
f 457/522/142 434/520/142 435/523/142
f 434/520/138 437/524/138 435/523/138
f 436/498/137 439/525/137 437/524/137
f 435/523/140 438/526/140 460/527/140
f 438/526/139 439/525/139 440/528/139
f 439/525/347 442/529/347 440/528/347
f 414/499/136 441/530/136 439/525/136
f 441/530/348 444/531/348 442/529/348
f 416/500/349 443/532/349 441/530/349
f 444/533/350 445/534/350 446/535/350
f 443/536/351 420/505/351 445/534/351
f 445/534/352 448/537/352 446/535/352
f 445/534/353 422/507/353 447/538/353
f 447/538/151 450/539/151 448/537/151
f 447/538/152 424/509/152 449/540/152
f 450/539/149 451/541/149 452/542/149
f 449/540/150 426/512/150 451/541/150
f 452/542/147 453/543/147 454/544/147
f 426/512/148 453/543/148 451/541/148
f 453/543/145 456/545/145 454/544/145
f 428/513/146 455/546/146 453/543/146
f 456/545/143 457/547/143 458/548/143
f 455/546/144 432/518/144 457/547/144
f 457/522/141 460/527/141 458/549/141
f 481/550/174 458/548/174 459/551/174
f 459/552/172 460/527/172 461/553/172
f 460/527/170 463/554/170 461/553/170
f 459/552/171 462/555/171 484/556/171
f 461/553/169 464/557/169 462/555/169
f 463/554/168 466/558/168 464/557/168
f 438/526/166 465/559/166 463/554/166
f 465/559/167 468/560/167 466/558/167
f 465/559/354 442/529/354 467/561/354
f 467/561/355 470/562/355 468/560/355
f 467/561/356 444/531/356 469/563/356
f 470/564/357 471/565/357 472/566/357
f 444/533/358 471/565/358 469/567/358
f 472/566/183 473/568/183 474/569/183
f 446/535/359 473/568/359 471/565/359
f 473/568/181 476/570/181 474/569/181
f 473/568/182 450/539/182 475/571/182
f 476/570/179 477/572/179 478/573/179
f 475/571/180 452/542/180 477/572/180
f 477/572/177 480/574/177 478/573/177
f 452/542/178 479/575/178 477/572/178
f 479/575/175 482/576/175 480/574/175
f 454/544/176 481/550/176 479/575/176
f 482/576/173 459/551/173 484/577/173
f 480/574/203 483/578/203 505/579/203
f 483/578/201 484/577/201 485/580/201
f 484/556/199 487/581/199 485/582/199
f 483/578/200 486/583/200 508/584/200
f 486/585/198 487/581/198 488/586/198
f 487/581/196 490/587/196 488/586/196
f 487/581/197 464/557/197 489/588/197
f 489/588/194 492/589/194 490/587/194
f 489/588/195 466/558/195 491/590/195
f 491/590/193 494/591/193 492/589/193
f 491/590/191 468/560/191 493/592/191
f 493/592/192 496/593/192 494/591/192
f 468/560/190 495/594/190 493/592/190
f 496/593/212 497/595/212 498/596/212
f 495/597/189 472/566/189 497/595/189
f 498/596/210 499/598/210 500/599/210
f 472/566/211 499/598/211 497/595/211
f 500/599/208 501/600/208 502/601/208
f 474/569/209 501/600/209 499/598/209
f 502/601/206 503/602/206 504/603/206
f 476/570/207 503/602/207 501/600/207
f 503/602/204 506/604/204 504/603/204
f 503/602/205 480/574/205 505/579/205
f 506/604/202 483/578/202 508/584/202
f 504/603/231 507/605/231 529/606/231
f 506/604/229 509/607/229 507/605/229
f 509/607/227 486/583/227 511/608/227
f 532/609/228 509/607/228 510/610/228
f 510/610/226 511/608/226 512/611/226
f 511/612/224 514/613/224 512/614/224
f 486/585/225 513/615/225 511/612/225
f 514/613/222 515/616/222 516/617/222
f 488/586/223 515/616/223 513/615/223
f 516/617/220 517/618/220 518/619/220
f 515/616/221 492/589/221 517/618/221
f 517/618/218 520/620/218 518/619/218
f 517/618/219 494/591/219 519/621/219
f 519/621/217 522/622/217 520/620/217
f 519/621/215 496/593/215 521/623/215
f 522/624/216 523/625/216 524/626/216
f 496/593/214 523/625/214 521/623/214
f 524/626/236 525/627/236 526/628/236
f 498/596/213 525/627/213 523/625/213
f 525/627/234 528/629/234 526/628/234
f 500/599/235 527/630/235 525/627/235
f 528/629/232 529/606/232 530/631/232
f 502/601/233 529/606/233 527/630/233
f 530/631/230 507/605/230 532/609/230
f 553/632/259 530/631/259 531/633/259
f 531/633/257 532/609/257 533/634/257
f 533/634/255 510/610/255 535/635/255
f 531/633/256 534/636/256 556/637/256
f 533/634/254 536/638/254 534/636/254
f 536/638/252 537/639/252 538/640/252
f 535/635/253 512/611/253 537/639/253
f 538/641/250 539/642/250 540/643/250
f 512/614/251 539/642/251 537/644/251
f 539/642/248 542/645/248 540/643/248
f 514/613/249 541/646/249 539/642/249
f 541/646/246 544/647/246 542/645/246
f 516/617/247 543/648/247 541/646/247
f 543/648/244 546/649/244 544/647/244
f 543/648/245 520/620/245 545/650/245
f 545/650/242 548/651/242 546/649/242
f 545/650/243 522/622/243 547/652/243
f 547/653/241 550/654/241 548/655/241
f 522/624/239 549/656/239 547/653/239
f 550/654/240 551/657/240 552/658/240
f 524/626/238 551/657/238 549/656/238
f 552/658/260 553/632/260 554/659/260
f 551/657/237 528/629/237 553/632/237
f 554/659/258 531/633/258 556/637/258
f 552/658/262 555/660/262 577/661/262
f 554/659/261 557/662/261 555/660/261
f 557/662/283 534/636/283 559/663/283
f 580/664/284 557/662/284 558/665/284
f 558/665/282 559/663/282 560/666/282
f 559/663/280 562/667/280 560/666/280
f 534/636/281 561/668/281 559/663/281
f 562/667/278 563/669/278 564/670/278
f 561/668/279 538/640/279 563/669/279
f 563/671/276 566/672/276 564/673/276
f 538/641/277 565/674/277 563/671/277
f 565/674/274 568/675/274 566/672/274
f 565/674/275 542/645/275 567/676/275
f 568/675/272 569/677/272 570/678/272
f 567/676/273 544/647/273 569/677/273
f 569/677/270 572/679/270 570/678/270
f 544/647/271 571/680/271 569/677/271
f 571/680/268 574/681/268 572/679/268
f 571/680/269 548/651/269 573/682/269
f 574/683/266 575/684/266 576/685/266
f 548/655/267 575/684/267 573/686/267
f 576/685/265 577/661/265 578/687/265
f 575/684/263 552/658/263 577/661/263
f 577/661/264 580/664/264 578/687/264
f 576/685/291 579/688/291 601/689/291
f 578/687/287 581/690/287 579/688/287
f 581/690/286 558/665/286 583/691/286
f 579/688/289 582/692/289 604/693/289
f 582/692/288 583/691/288 584/694/288
f 584/694/308 585/695/308 586/696/308
f 558/665/285 585/695/285 583/691/285
f 585/695/306 588/697/306 586/696/306
f 560/666/307 587/698/307 585/695/307
f 588/697/304 589/699/304 590/700/304
f 587/698/305 564/670/305 589/699/305
f 589/701/302 592/702/302 590/703/302
f 589/701/303 566/672/303 591/704/303
f 591/704/300 594/705/300 592/702/300
f 566/672/301 593/706/301 591/704/301
f 594/705/298 595/707/298 596/708/298
f 593/706/299 570/678/299 595/707/299
f 596/708/296 597/709/296 598/710/296
f 570/678/297 597/709/297 595/707/297
f 597/709/294 600/711/294 598/710/294
f 572/679/295 599/712/295 597/709/295
f 599/713/292 602/714/292 600/715/292
f 599/713/293 576/685/293 601/689/293
f 601/689/290 604/693/290 602/714/290
f 600/715/319 603/716/319 625/717/319
f 603/716/317 604/693/317 605/718/317
f 605/718/315 582/692/315 607/719/315
f 627/720/316 605/718/316 606/721/316
f 606/721/314 607/719/314 608/722/314
f 607/719/313 610/723/313 608/722/313
f 607/719/311 584/694/311 609/724/311
f 609/724/312 612/725/312 610/723/312
f 584/694/310 611/726/310 609/724/310
f 612/725/332 613/727/332 614/728/332
f 586/696/309 613/727/309 611/726/309
f 613/727/330 616/729/330 614/728/330
f 613/727/331 590/700/331 615/730/331
f 616/731/328 617/732/328 618/733/328
f 615/734/329 592/702/329 617/732/329
f 618/733/326 619/735/326 620/736/326
f 592/702/327 619/735/327 617/732/327
f 619/735/324 622/737/324 620/736/324
f 594/705/325 621/738/325 619/735/325
f 621/738/322 624/739/322 622/737/322
f 621/738/323 598/710/323 623/740/323
f 623/740/320 626/741/320 624/739/320
f 623/740/321 600/711/321 625/742/321
f 626/743/318 603/716/318 627/720/318
f 60/81/339 627/720/339 628/744/339
f 624/739/340 60/745/340 629/86/340
f 627/720/338 83/115/338 628/744/338
f 630/746/342 624/739/342 629/86/342
f 630/746/341 61/88/341 632/747/341
f 631/137/343 632/747/343 102/138/343
f 620/736/344 630/746/344 631/137/344
f 101/748/345 620/736/345 631/137/345
f 616/731/346 101/748/346 99/132/346
f 614/728/334 99/749/334 97/130/334
f 633/750/333 614/728/333 97/130/333
f 87/120/335 612/725/335 633/750/335
f 608/722/336 87/120/336 85/116/336
f 83/115/337 608/722/337 85/116/337
f 634/751/360 1204/752/360 635/753/360
f 634/751/361 640/754/361 638/755/361
f 1205/756/362 634/757/362 637/758/362
f 641/759/363 634/757/363 638/760/363
f 638/755/364 653/761/364 639/762/364
f 643/763/365 638/760/365 639/764/365
f 642/765/366 643/763/366 644/766/366
f 642/765/367 637/758/367 641/759/367
f 646/767/368 643/763/368 645/768/368
f 645/768/369 639/764/369 648/769/369
f 688/770/370 645/768/370 647/771/370
f 645/768/371 649/772/371 647/771/371
f 649/773/372 650/774/372 651/775/372
f 639/762/373 650/774/373 648/776/373
f 650/774/374 700/777/374 651/775/374
f 653/761/375 652/778/375 650/774/375
f 640/754/376 654/779/376 653/761/376
f 652/778/377 655/780/377 703/781/377
f 654/779/378 657/782/378 655/780/378
f 635/753/379 656/783/379 640/754/379
f 658/784/380 657/782/380 656/783/380
f 1204/752/381 658/784/381 635/753/381
f 658/784/382 661/785/382 660/786/382
f 661/785/383 662/787/383 660/786/383
f 657/782/384 662/787/384 665/788/384
f 663/789/385 664/790/385 662/787/385
f 665/788/386 664/790/386 667/791/386
f 657/782/387 666/792/387 655/780/387
f 666/792/388 667/791/388 668/793/388
f 667/791/389 670/794/389 668/793/389
f 664/790/390 669/795/390 667/791/390
f 670/796/391 671/797/391 711/798/391
f 672/799/392 671/797/392 669/800/392
f 1209/801/393 672/802/393 664/790/393
f 672/799/394 675/803/394 674/804/394
f 674/804/395 677/805/395 676/806/395
f 674/804/396 679/807/396 671/797/396
f 676/806/397 1207/808/397 678/809/397
f 676/806/398 681/810/398 679/807/398
f 671/797/399 680/811/399 711/798/399
f 680/811/400 681/810/400 682/812/400
f 681/810/401 644/766/401 682/812/401
f 678/809/402 642/765/402 681/810/402
f 680/811/403 683/813/403 684/814/403
f 682/812/404 646/767/404 683/813/404
f 684/814/405 685/815/405 686/816/405
f 685/815/406 646/767/406 688/770/406
f 715/817/407 685/815/407 687/818/407
f 685/815/408 689/819/408 687/818/408
f 688/770/409 691/820/409 689/819/409
f 687/818/410 690/821/410 718/822/410
f 690/821/411 691/820/411 692/823/411
f 692/823/412 693/824/412 694/825/412
f 647/771/413 693/824/413 691/820/413
f 693/826/414 696/827/414 694/828/414
f 693/826/415 651/775/415 695/829/415
f 696/827/416 697/830/416 698/831/416
f 695/829/417 700/777/417 697/830/417
f 698/831/418 699/832/418 734/833/418
f 697/830/419 701/834/419 699/832/419
f 652/778/420 701/834/420 700/777/420
f 701/834/421 737/835/421 699/832/421
f 701/834/422 704/836/422 702/837/422
f 703/781/423 666/792/423 704/836/423
f 704/836/424 706/838/424 702/837/424
f 666/792/425 705/839/425 704/836/425
f 706/838/426 707/840/426 708/841/426
f 705/839/427 670/794/427 707/840/427
f 707/842/428 710/843/428 708/844/428
f 670/796/429 709/845/429 707/842/429
f 710/843/430 684/814/430 686/816/430
f 711/798/431 684/814/431 709/845/431
f 708/844/432 712/846/432 713/847/432
f 712/846/433 686/816/433 715/817/433
f 740/848/434 712/846/434 714/849/434
f 714/849/435 715/817/435 716/850/435
f 716/850/436 687/818/436 718/822/436
f 714/849/437 717/851/437 743/852/437
f 716/850/438 719/853/438 717/851/438
f 718/822/439 721/854/439 719/853/439
f 717/851/440 720/855/440 746/856/440
f 719/853/441 722/857/441 720/855/441
f 722/857/442 723/858/442 724/859/442
f 690/821/443 723/858/443 721/854/443
f 723/858/444 726/860/444 724/859/444
f 692/823/445 725/861/445 723/858/445
f 726/862/446 727/863/446 728/864/446
f 694/828/447 727/863/447 725/865/447
f 727/863/448 730/866/448 728/864/448
f 696/827/449 729/867/449 727/863/449
f 730/866/450 731/868/450 732/869/450
f 729/867/451 734/833/451 731/868/451
f 732/869/452 733/870/452 766/871/452
f 731/868/453 735/872/453 733/870/453
f 699/832/454 735/872/454 734/833/454
f 733/870/455 736/873/455 739/874/455
f 735/872/456 738/875/456 736/873/456
f 702/837/457 738/875/457 737/835/457
f 738/875/458 740/876/458 736/873/458
f 738/875/459 708/841/459 713/877/459
f 736/873/460 741/878/460 739/874/460
f 741/879/461 714/849/461 743/852/461
f 739/874/462 742/880/462 767/881/462
f 741/879/463 744/882/463 742/883/463
f 743/852/464 746/856/464 744/882/464
f 742/883/465 745/884/465 769/885/465
f 744/882/466 747/886/466 745/884/466
f 747/886/467 720/855/467 749/887/467
f 772/888/468 747/886/468 748/889/468
f 747/886/469 750/890/469 748/889/469
f 749/887/470 752/891/470 750/890/470
f 749/887/471 722/857/471 751/892/471
f 752/891/472 753/893/472 754/894/472
f 722/857/473 753/893/473 751/892/473
f 753/893/474 756/895/474 754/894/474
f 724/859/475 755/896/475 753/893/475
f 756/897/476 757/898/476 758/899/476
f 726/862/477 757/898/477 755/900/477
f 757/898/478 760/901/478 758/899/478
f 728/864/479 759/902/479 757/898/479
f 760/901/480 761/903/480 762/904/480
f 730/866/481 761/903/481 759/902/481
f 762/904/482 763/905/482 764/906/482
f 732/869/483 763/905/483 761/903/483
f 763/905/484 768/907/484 764/906/484
f 763/905/485 767/881/485 765/908/485
f 766/871/486 739/874/486 767/881/486
f 767/881/487 769/909/487 765/908/487
f 768/907/488 769/909/488 770/910/488
f 770/911/489 745/884/489 772/888/489
f 793/912/490 770/910/490 771/913/490
f 770/911/491 773/914/491 771/915/491
f 772/888/492 775/916/492 773/914/492
f 771/915/493 774/917/493 796/918/493
f 773/914/494 776/919/494 774/917/494
f 775/916/495 778/920/495 776/919/495
f 775/916/496 750/890/496 777/921/496
f 777/921/497 780/922/497 778/920/497
f 777/921/498 752/891/498 779/923/498
f 779/923/499 782/924/499 780/922/499
f 779/923/500 754/894/500 781/925/500
f 782/924/501 783/926/501 784/927/501
f 754/894/502 783/926/502 781/925/502
f 783/928/503 786/929/503 784/930/503
f 783/928/504 758/899/504 785/931/504
f 786/929/505 787/932/505 788/933/505
f 758/899/506 787/932/506 785/931/506
f 788/933/507 789/934/507 790/935/507
f 760/901/508 789/934/508 787/932/508
f 790/935/509 791/936/509 792/937/509
f 762/904/510 791/936/510 789/934/510
f 792/937/511 793/912/511 794/938/511
f 791/936/512 768/907/512 793/912/512
f 794/938/513 771/913/513 796/939/513
f 792/937/514 795/940/514 817/941/514
f 795/940/515 796/939/515 797/942/515
f 797/943/516 774/917/516 799/944/516
f 795/940/517 798/945/517 820/946/517
f 797/943/518 800/947/518 798/948/518
f 800/947/519 801/949/519 802/950/519
f 799/944/520 776/919/520 801/949/520
f 802/950/521 803/951/521 804/952/521
f 776/919/522 803/951/522 801/949/522
f 804/952/523 805/953/523 806/954/523
f 803/951/524 780/922/524 805/953/524
f 805/953/525 808/955/525 806/954/525
f 805/953/526 782/924/526 807/956/526
f 807/956/527 810/957/527 808/955/527
f 807/956/528 784/927/528 809/958/528
f 810/959/529 811/960/529 812/961/529
f 809/962/530 786/929/530 811/960/530
f 812/961/531 813/963/531 814/964/531
f 786/929/532 813/963/532 811/960/532
f 813/963/533 816/965/533 814/964/533
f 813/963/534 790/935/534 815/966/534
f 815/966/535 818/967/535 816/965/535
f 815/966/536 792/937/536 817/941/536
f 817/941/537 820/946/537 818/967/537
f 816/965/538 819/968/538 841/969/538
f 818/967/539 821/970/539 819/968/539
f 821/970/540 798/945/540 823/971/540
f 844/972/541 821/970/541 822/973/541
f 822/973/542 823/971/542 824/974/542
f 823/975/543 826/976/543 824/977/543
f 823/975/544 800/947/544 825/978/544
f 825/978/545 828/979/545 826/976/545
f 825/978/546 802/950/546 827/980/546
f 828/979/547 829/981/547 830/982/547
f 827/980/548 804/952/548 829/981/548
f 830/982/549 831/983/549 832/984/549
f 804/952/550 831/983/550 829/981/550
f 832/984/551 833/985/551 834/986/551
f 806/954/552 833/985/552 831/983/552
f 833/985/553 836/987/553 834/986/553
f 808/955/554 835/988/554 833/985/554
f 836/989/555 837/990/555 838/991/555
f 835/992/556 812/961/556 837/990/556
f 837/990/557 840/993/557 838/991/557
f 812/961/558 839/994/558 837/990/558
f 839/994/559 842/995/559 840/993/559
f 839/994/560 816/965/560 841/969/560
f 841/969/561 844/972/561 842/995/561
f 865/996/562 842/995/562 843/997/562
f 843/997/563 844/972/563 845/998/563
f 845/998/564 822/973/564 847/999/564
f 843/997/565 846/1000/565 868/1001/565
f 845/998/566 848/1002/566 846/1000/566
f 847/999/567 850/1003/567 848/1002/567
f 822/973/568 849/1004/568 847/999/568
f 849/1005/569 852/1006/569 850/1007/569
f 849/1005/570 826/976/570 851/1008/570
f 852/1006/571 853/1009/571 854/1010/571
f 826/976/572 853/1009/572 851/1008/572
f 854/1010/573 855/1011/573 856/1012/573
f 828/979/574 855/1011/574 853/1009/574
f 855/1011/575 858/1013/575 856/1012/575
f 830/982/576 857/1014/576 855/1011/576
f 857/1014/577 860/1015/577 858/1013/577
f 857/1014/578 834/986/578 859/1016/578
f 859/1016/579 862/1017/579 860/1015/579
f 859/1016/580 836/987/580 861/1018/580
f 861/1019/581 864/1020/581 862/1021/581
f 836/989/582 863/1022/582 861/1019/582
f 863/1022/583 866/1023/583 864/1020/583
f 863/1022/584 840/993/584 865/996/584
f 866/1023/585 843/997/585 868/1001/585
f 889/1024/586 866/1023/586 867/1025/586
f 867/1025/587 868/1001/587 869/1026/587
f 868/1001/588 871/1027/588 869/1026/588
f 867/1025/589 870/1028/589 892/1029/589
f 869/1026/590 872/1030/590 870/1028/590
f 871/1027/591 874/1031/591 872/1030/591
f 871/1027/592 848/1002/592 873/1032/592
f 874/1031/593 875/1033/593 876/1034/593
f 848/1002/594 875/1033/594 873/1032/594
f 875/1035/595 878/1036/595 876/1037/595
f 850/1007/596 877/1038/596 875/1035/596
f 877/1038/597 880/1039/597 878/1036/597
f 852/1006/598 879/1040/598 877/1038/598
f 879/1040/599 882/1041/599 880/1039/599
f 879/1040/600 856/1012/600 881/1042/600
f 882/1041/601 883/1043/601 884/1044/601
f 856/1012/602 883/1043/602 881/1042/602
f 883/1043/603 886/1045/603 884/1044/603
f 858/1013/604 885/1046/604 883/1043/604
f 886/1045/605 887/1047/605 888/1048/605
f 885/1046/606 862/1017/606 887/1047/606
f 888/1049/607 889/1024/607 890/1050/607
f 862/1021/608 889/1024/608 887/1051/608
f 890/1050/609 867/1025/609 892/1029/609
f 913/1052/610 890/1050/610 891/1053/610
f 891/1053/611 892/1029/611 893/1054/611
f 892/1029/612 895/1055/612 893/1054/612
f 891/1053/613 894/1056/613 916/1057/613
f 893/1054/614 896/1058/614 894/1056/614
f 895/1055/615 898/1059/615 896/1058/615
f 895/1055/616 872/1030/616 897/1060/616
f 898/1059/617 899/1061/617 900/1062/617
f 872/1030/618 899/1061/618 897/1060/618
f 899/1061/619 902/1063/619 900/1062/619
f 899/1061/620 876/1034/620 901/1064/620
f 901/1065/621 904/1066/621 902/1067/621
f 876/1037/622 903/1068/622 901/1065/622
f 903/1068/623 906/1069/623 904/1066/623
f 903/1068/624 880/1039/624 905/1070/624
f 905/1070/625 908/1071/625 906/1069/625
f 880/1039/626 907/1072/626 905/1070/626
f 907/1072/627 910/1073/627 908/1071/627
f 907/1072/628 884/1044/628 909/1074/628
f 910/1073/629 911/1075/629 912/1076/629
f 884/1044/630 911/1075/630 909/1074/630
f 911/1075/631 914/1077/631 912/1076/631
f 886/1045/632 913/1078/632 911/1075/632
f 914/1079/633 891/1053/633 916/1057/633
f 915/1080/634 916/1057/634 917/1081/634
f 912/1076/635 915/1082/635 937/1083/635
f 916/1057/636 919/1084/636 917/1081/636
f 940/1085/393 917/1081/393 918/1086/393
f 918/1086/385 919/1084/385 920/1087/385
f 920/1087/383 921/1088/383 922/1089/383
f 919/1084/637 896/1058/637 921/1088/637
f 921/1088/382 924/1090/382 922/1089/382
f 896/1058/638 923/1091/638 921/1088/638
f 923/1091/381 926/1092/381 924/1090/381
f 923/1091/639 900/1062/639 925/1093/639
f 925/1093/360 928/1094/360 926/1092/360
f 925/1093/640 902/1063/640 927/1095/640
f 927/1096/362 930/1097/362 928/1098/362
f 902/1067/641 929/1099/641 927/1096/641
f 930/1097/642 931/1100/642 932/1101/642
f 904/1066/643 931/1100/643 929/1099/643
f 932/1101/644 933/1102/644 934/1103/644
f 906/1069/645 933/1102/645 931/1100/645
f 934/1103/397 935/1104/397 936/1105/397
f 908/1071/646 935/1104/646 933/1102/646
f 935/1104/395 938/1106/395 936/1105/395
f 935/1104/647 912/1076/647 937/1083/647
f 937/1083/394 940/1107/394 938/1106/394
f 961/1108/396 938/1106/396 939/1109/396
f 939/1109/648 940/1107/648 941/1110/648
f 940/1085/390 943/1111/390 941/1112/390
f 941/1112/389 944/1113/389 942/1114/389
f 964/1115/391 941/1110/391 942/1116/391
f 943/1111/388 946/1117/388 944/1113/388
f 918/1086/386 945/1118/386 943/1111/386
f 946/1117/387 947/1119/387 948/1120/387
f 920/1087/384 947/1119/384 945/1118/384
f 947/1119/378 950/1121/378 948/1120/378
f 947/1119/380 924/1090/380 949/1122/380
f 949/1122/376 952/1123/376 950/1121/376
f 949/1122/379 926/1092/379 951/1124/379
f 951/1124/364 954/1125/364 952/1123/364
f 951/1124/649 928/1094/649 953/1126/649
f 954/1127/365 955/1128/365 956/1129/365
f 928/1098/650 955/1128/650 953/1130/650
f 956/1129/366 957/1131/366 958/1132/366
f 930/1097/367 957/1131/367 955/1128/367
f 958/1132/401 959/1133/401 960/1134/401
f 932/1101/402 959/1133/402 957/1131/402
f 959/1133/400 962/1135/400 960/1134/400
f 934/1103/398 961/1108/398 959/1133/398
f 962/1135/399 939/1109/399 964/1115/399
f 960/1134/403 963/1136/403 985/1137/403
f 963/1136/431 964/1115/431 965/1138/431
f 965/1138/429 942/1116/429 967/1139/429
f 988/1140/430 965/1138/430 966/1141/430
f 965/1138/428 968/1142/428 966/1141/428
f 968/1143/426 969/1144/426 970/1145/426
f 942/1114/427 969/1144/427 967/1146/427
f 969/1144/424 972/1147/424 970/1145/424
f 944/1113/425 971/1148/425 969/1144/425
f 972/1147/422 973/1149/422 974/1150/422
f 971/1148/423 948/1120/423 973/1149/423
f 973/1149/420 976/1151/420 974/1150/420
f 973/1149/377 950/1121/377 975/1152/377
f 976/1151/374 977/1153/374 978/1154/374
f 975/1152/375 952/1123/375 977/1153/375
f 977/1153/372 980/1155/372 978/1154/372
f 952/1123/373 979/1156/373 977/1153/373
f 980/1157/371 981/1158/371 982/1159/371
f 979/1160/369 956/1129/369 981/1158/369
f 981/1158/370 984/1161/370 982/1159/370
f 956/1129/368 983/1162/368 981/1158/368
f 984/1161/406 985/1137/406 986/1163/406
f 958/1132/404 985/1137/404 983/1162/404
f 985/1137/405 988/1140/405 986/1163/405
f 984/1161/408 987/1164/408 1009/1165/408
f 986/1163/407 989/1166/407 987/1164/407
f 989/1166/433 966/1141/433 991/1167/433
f 987/1164/436 990/1168/436 1012/1169/436
f 990/1168/435 991/1167/435 992/1170/435
f 991/1167/434 994/1171/434 992/1170/434
f 966/1141/432 993/1172/432 991/1167/432
f 994/1173/458 995/1174/458 996/1175/458
f 993/1176/459 970/1145/459 995/1174/459
f 995/1174/456 998/1177/456 996/1175/456
f 970/1145/457 997/1178/457 995/1174/457
f 997/1178/454 1000/1179/454 998/1177/454
f 997/1178/421 974/1150/421 999/1180/421
f 999/1180/418 1002/1181/418 1000/1179/418
f 999/1180/419 976/1151/419 1001/1182/419
f 1002/1181/416 1003/1183/416 1004/1184/416
f 1001/1182/417 978/1154/417 1003/1183/417
f 1004/1184/414 1005/1185/414 1006/1186/414
f 978/1154/415 1005/1185/415 1003/1183/415
f 1005/1187/412 1008/1188/412 1006/1189/412
f 1005/1187/413 982/1159/413 1007/1190/413
f 1007/1190/411 1010/1191/411 1008/1188/411
f 982/1159/409 1009/1165/409 1007/1190/409
f 1010/1191/410 987/1164/410 1012/1169/410
f 1033/1192/443 1010/1191/443 1011/1193/443
f 1011/1193/439 1012/1169/439 1013/1194/439
f 1012/1169/438 1015/1195/438 1013/1194/438
f 1011/1193/441 1014/1196/441 1036/1197/441
f 1013/1194/440 1016/1198/440 1014/1196/440
f 1016/1198/464 1017/1199/464 1018/1200/464
f 1015/1195/437 992/1170/437 1017/1199/437
f 1018/1200/463 1019/1201/463 1020/1202/463
f 992/1170/461 1019/1201/461 1017/1199/461
f 1019/1203/462 1022/1204/462 1020/1205/462
f 1019/1203/460 996/1175/460 1021/1206/460
f 1021/1206/486 1024/1207/486 1022/1204/486
f 996/1175/455 1023/1208/455 1021/1206/455
f 1024/1207/452 1025/1209/452 1026/1210/452
f 1023/1208/453 1000/1179/453 1025/1209/453
f 1026/1210/450 1027/1211/450 1028/1212/450
f 1000/1179/451 1027/1211/451 1025/1209/451
f 1028/1212/448 1029/1213/448 1030/1214/448
f 1002/1181/449 1029/1213/449 1027/1211/449
f 1029/1213/446 1032/1215/446 1030/1214/446
f 1029/1213/447 1006/1186/447 1031/1216/447
f 1032/1217/444 1033/1192/444 1034/1218/444
f 1006/1189/445 1033/1192/445 1031/1219/445
f 1033/1192/442 1036/1197/442 1034/1218/442
f 1057/1220/475 1034/1218/475 1035/1221/475
f 1034/1218/473 1037/1222/473 1035/1221/473
f 1037/1222/471 1014/1196/471 1039/1223/471
f 1035/1221/472 1038/1224/472 1060/1225/472
f 1037/1222/470 1040/1226/470 1038/1224/470
f 1039/1223/469 1042/1227/469 1040/1226/469
f 1039/1223/467 1016/1198/467 1041/1228/467
f 1042/1227/468 1043/1229/468 1044/1230/468
f 1016/1198/466 1043/1229/466 1041/1228/466
f 1043/1229/489 1046/1231/489 1044/1230/489
f 1043/1229/465 1020/1202/465 1045/1232/465
f 1045/1233/488 1048/1234/488 1046/1235/488
f 1020/1205/487 1047/1236/487 1045/1233/487
f 1047/1236/484 1050/1237/484 1048/1234/484
f 1022/1204/485 1049/1238/485 1047/1236/485
f 1050/1237/482 1051/1239/482 1052/1240/482
f 1024/1207/483 1051/1239/483 1049/1238/483
f 1052/1240/480 1053/1241/480 1054/1242/480
f 1026/1210/481 1053/1241/481 1051/1239/481
f 1054/1242/478 1055/1243/478 1056/1244/478
f 1053/1241/479 1030/1214/479 1055/1243/479
f 1055/1243/476 1058/1245/476 1056/1244/476
f 1030/1214/477 1057/1246/477 1055/1243/477
f 1057/1220/474 1060/1225/474 1058/1247/474
f 1056/1244/504 1059/1248/504 1081/1249/504
f 1058/1247/502 1061/1250/502 1059/1251/502
f 1061/1250/500 1038/1224/500 1063/1252/500
f 1059/1251/501 1062/1253/501 1084/1254/501
f 1061/1250/499 1064/1255/499 1062/1253/499
f 1063/1252/497 1066/1256/497 1064/1255/497
f 1038/1224/498 1065/1257/498 1063/1252/498
f 1066/1256/495 1067/1258/495 1068/1259/495
f 1040/1226/496 1067/1258/496 1065/1257/496
f 1068/1259/494 1069/1260/494 1070/1261/494
f 1042/1227/492 1069/1260/492 1067/1258/492
f 1069/1260/651 1072/1262/651 1070/1261/651
f 1044/1230/491 1071/1263/491 1069/1260/491
f 1071/1264/513 1074/1265/513 1072/1262/513
f 1071/1264/490 1048/1234/490 1073/1266/490
f 1073/1266/511 1076/1267/511 1074/1265/511
f 1048/1234/512 1075/1268/512 1073/1266/512
f 1075/1268/509 1078/1269/509 1076/1267/509
f 1075/1268/510 1052/1240/510 1077/1270/510
f 1078/1269/507 1079/1271/507 1080/1272/507
f 1052/1240/508 1079/1271/508 1077/1270/508
f 1080/1272/505 1081/1249/505 1082/1273/505
f 1054/1242/506 1081/1249/506 1079/1271/506
f 1082/1273/503 1059/1248/503 1084/1274/503
f 1080/1272/532 1083/1275/532 1105/1276/532
f 1082/1273/652 1085/1277/652 1083/1275/652
f 1085/1278/528 1062/1253/528 1087/1279/528
f 1108/1280/529 1085/1277/529 1086/1281/529
f 1086/1282/527 1087/1279/527 1088/1283/527
f 1088/1283/525 1089/1284/525 1090/1285/525
f 1087/1279/526 1064/1255/526 1089/1284/526
f 1089/1284/523 1092/1286/523 1090/1285/523
f 1089/1284/524 1066/1256/524 1091/1287/524
f 1092/1286/521 1093/1288/521 1094/1289/521
f 1066/1256/522 1093/1288/522 1091/1287/522
f 1093/1288/519 1096/1290/519 1094/1289/519
f 1068/1259/520 1095/1291/520 1093/1288/520
f 1095/1291/518 1098/1292/518 1096/1290/518
f 1070/1261/516 1097/1293/516 1095/1291/516
f 1098/1294/517 1099/1295/517 1100/1296/517
f 1072/1262/515 1099/1295/515 1097/1293/515
f 1100/1296/537 1101/1297/537 1102/1298/537
f 1099/1295/514 1076/1267/514 1101/1297/514
f 1101/1297/535 1104/1299/535 1102/1298/535
f 1101/1297/536 1078/1269/536 1103/1300/536
f 1103/1300/533 1106/1301/533 1104/1299/533
f 1078/1269/534 1105/1276/534 1103/1300/534
f 1105/1276/653 1108/1280/653 1106/1301/653
f 1104/1299/560 1107/1302/560 1129/1303/560
f 1106/1301/558 1109/1304/558 1107/1302/558
f 1108/1280/556 1111/1305/556 1109/1304/556
f 1107/1302/557 1110/1306/557 1132/1307/557
f 1110/1306/555 1111/1305/555 1112/1308/555
f 1111/1309/553 1114/1310/553 1112/1311/553
f 1086/1282/554 1113/1312/554 1111/1309/554
f 1113/1312/551 1116/1313/551 1114/1310/551
f 1113/1312/552 1090/1285/552 1115/1314/552
f 1115/1314/549 1118/1315/549 1116/1313/549
f 1115/1314/550 1092/1286/550 1117/1316/550
f 1117/1316/547 1120/1317/547 1118/1315/547
f 1092/1286/548 1119/1318/548 1117/1316/548
f 1119/1318/545 1122/1319/545 1120/1317/545
f 1119/1318/546 1096/1290/546 1121/1320/546
f 1121/1320/543 1124/1321/543 1122/1319/543
f 1096/1290/544 1123/1322/544 1121/1320/544
f 1123/1323/542 1126/1324/542 1124/1325/542
f 1098/1294/540 1125/1326/540 1123/1323/540
f 1126/1324/541 1127/1327/541 1128/1328/541
f 1100/1296/539 1127/1327/539 1125/1326/539
f 1128/1328/561 1129/1303/561 1130/1329/561
f 1127/1327/538 1104/1299/538 1129/1303/538
f 1129/1303/559 1132/1307/559 1130/1329/559
f 1153/1330/563 1130/1329/563 1131/1331/563
f 1130/1329/562 1133/1332/562 1131/1331/562
f 1132/1307/584 1135/1333/584 1133/1332/584
f 1131/1331/585 1134/1334/585 1156/1335/585
f 1133/1332/583 1136/1336/583 1134/1334/583
f 1136/1336/581 1137/1337/581 1138/1338/581
f 1135/1333/582 1112/1308/582 1137/1337/582
f 1137/1339/579 1140/1340/579 1138/1341/579
f 1112/1311/580 1139/1342/580 1137/1339/580
f 1140/1340/577 1141/1343/577 1142/1344/577
f 1139/1342/578 1116/1313/578 1141/1343/578
f 1142/1344/575 1143/1345/575 1144/1346/575
f 1141/1343/576 1118/1315/576 1143/1345/576
f 1143/1345/573 1146/1347/573 1144/1346/573
f 1118/1315/574 1145/1348/574 1143/1345/574
f 1146/1347/571 1147/1349/571 1148/1350/571
f 1120/1317/572 1147/1349/572 1145/1348/572
f 1147/1349/569 1150/1351/569 1148/1350/569
f 1147/1349/570 1124/1321/570 1149/1352/570
f 1150/1353/567 1151/1354/567 1152/1355/567
f 1124/1325/568 1151/1354/568 1149/1356/568
f 1151/1354/566 1154/1357/566 1152/1355/566
f 1151/1354/564 1128/1328/564 1153/1330/564
f 1154/1357/565 1131/1331/565 1156/1335/565
f 1152/1355/592 1155/1358/592 1177/1359/592
f 1155/1358/588 1156/1335/588 1157/1360/588
f 1156/1335/587 1159/1361/587 1157/1360/587
f 1155/1358/590 1158/1362/590 1180/1363/590
f 1157/1360/589 1160/1364/589 1158/1362/589
f 1159/1361/609 1162/1365/609 1160/1364/609
f 1159/1361/586 1136/1336/586 1161/1366/586
f 1162/1365/607 1163/1367/607 1164/1368/607
f 1136/1336/608 1163/1367/608 1161/1366/608
f 1163/1369/605 1166/1370/605 1164/1371/605
f 1138/1341/606 1165/1372/606 1163/1369/606
f 1166/1370/603 1167/1373/603 1168/1374/603
f 1140/1340/604 1167/1373/604 1165/1372/604
f 1168/1374/601 1169/1375/601 1170/1376/601
f 1167/1373/602 1144/1346/602 1169/1375/602
f 1170/1376/599 1171/1377/599 1172/1378/599
f 1144/1346/600 1171/1377/600 1169/1375/600
f 1171/1377/597 1174/1379/597 1172/1378/597
f 1146/1347/598 1173/1380/598 1171/1377/598
f 1174/1379/595 1175/1381/595 1176/1382/595
f 1173/1380/596 1150/1351/596 1175/1381/596
f 1175/1383/593 1178/1384/593 1176/1385/593
f 1150/1353/594 1177/1359/594 1175/1383/594
f 1178/1384/591 1155/1358/591 1180/1363/591
f 1176/1385/620 1179/1386/620 1201/1387/620
f 1179/1386/618 1180/1363/618 1181/1388/618
f 1181/1388/616 1158/1362/616 1183/1389/616
f 1203/1390/617 1181/1388/617 1182/1391/617
f 1181/1388/615 1184/1392/615 1182/1391/615
f 1184/1392/614 1185/1393/614 1186/1394/614
f 1183/1389/612 1160/1364/612 1185/1393/612
f 1186/1394/613 1187/1395/613 1188/1396/613
f 1185/1393/611 1162/1365/611 1187/1395/611
f 1188/1396/633 1189/1397/633 1190/1398/633
f 1187/1395/610 1164/1368/610 1189/1397/610
f 1189/1399/631 1192/1400/631 1190/1401/631
f 1164/1371/632 1191/1402/632 1189/1399/632
f 1191/1402/629 1194/1403/629 1192/1400/629
f 1166/1370/630 1193/1404/630 1191/1402/630
f 1193/1404/627 1196/1405/627 1194/1403/627
f 1168/1374/628 1195/1406/628 1193/1404/628
f 1196/1405/625 1197/1407/625 1198/1408/625
f 1170/1376/626 1197/1407/626 1195/1406/626
f 1197/1407/623 1200/1409/623 1198/1408/623
f 1172/1378/624 1199/1410/624 1197/1407/624
f 1199/1410/621 1202/1411/621 1200/1409/621
f 1199/1410/622 1176/1382/622 1201/1412/622
f 1201/1387/619 1203/1390/619 1202/1413/619
f 1202/1413/640 1204/752/640 636/1414/640
f 1200/1409/641 636/1415/641 1205/756/641
f 1203/1390/639 659/1416/639 1204/752/639
f 1206/1417/643 1200/1409/643 1205/756/643
f 1206/1417/642 637/758/642 1208/1418/642
f 1207/808/644 1208/1418/644 678/809/644
f 1207/808/645 1198/1408/645 1206/1417/645
f 1194/1403/646 1207/808/646 677/805/646
f 1192/1400/647 677/805/647 675/803/647
f 673/1419/635 1192/1400/635 675/803/635
f 1188/1396/634 673/1420/634 1209/801/634
f 663/789/636 1188/1396/636 1209/801/636
f 661/785/637 1186/1394/637 663/789/637
f 1182/1391/638 661/785/638 659/1416/638
f 1211/1421/654 1210/1422/654 1212/1423/654
f 1212/1423/655 1210/1422/655 1213/1424/655
f 1213/1424/656 1210/1422/656 1214/1425/656
f 1214/1425/657 1210/1422/657 1215/1426/657
f 1215/1426/658 1210/1422/658 1216/1427/658
f 1216/1427/659 1210/1422/659 1217/1428/659
f 1217/1428/660 1210/1422/660 1218/1429/660
f 1218/1429/661 1210/1422/661 1219/1430/661
f 1219/1430/662 1210/1422/662 1220/1431/662
f 1220/1431/663 1210/1422/663 1221/1432/663
f 1221/1432/664 1210/1422/664 1222/1433/664
f 1222/1433/665 1210/1422/665 1223/1434/665
f 1223/1434/666 1210/1422/666 1224/1435/666
f 1224/1435/667 1210/1422/667 1225/1436/667
f 1225/1436/668 1210/1422/668 1226/1437/668
f 1226/1437/669 1210/1422/669 1227/1438/669
f 1230/1439/670 1227/1438/670 1228/1440/670
f 1231/1441/671 1228/1440/671 1229/1442/671
f 1232/1443/672 1226/1437/672 1230/1439/672
f 1233/1444/673 1230/1439/673 1231/1441/673
f 1234/1445/674 1225/1436/674 1232/1443/674
f 1235/1446/675 1232/1443/675 1233/1444/675
f 1236/1447/676 1224/1435/676 1234/1445/676
f 1237/1448/677 1234/1445/677 1235/1446/677
f 1238/1449/678 1223/1434/678 1236/1447/678
f 1239/1450/679 1236/1447/679 1237/1448/679
f 1240/1451/680 1222/1433/680 1238/1449/680
f 1241/1452/681 1238/1449/681 1239/1450/681
f 1242/1453/682 1221/1432/682 1240/1451/682
f 1243/1454/683 1240/1451/683 1241/1452/683
f 1244/1455/684 1220/1431/684 1242/1453/684
f 1245/1456/685 1242/1453/685 1243/1454/685
f 1218/1429/686 1244/1455/686 1246/1457/686
f 1246/1457/687 1245/1456/687 1247/1458/687
f 1217/1428/688 1246/1457/688 1248/1459/688
f 1248/1459/689 1247/1458/689 1249/1460/689
f 1216/1427/690 1248/1459/690 1250/1461/690
f 1250/1461/691 1249/1460/691 1251/1462/691
f 1215/1426/692 1250/1461/692 1252/1463/692
f 1252/1463/693 1251/1462/693 1253/1464/693
f 1214/1425/694 1252/1463/694 1254/1465/694
f 1254/1465/695 1253/1464/695 1255/1466/695
f 1213/1424/696 1254/1465/696 1256/1467/696
f 1256/1467/697 1255/1466/697 1257/1468/697
f 1212/1423/698 1256/1467/698 1258/1469/698
f 1258/1469/699 1257/1468/699 1259/1470/699
f 1211/1421/700 1258/1469/700 1260/1471/700
f 1260/1471/701 1259/1470/701 1261/1472/701
f 1261/1472/702 1264/1473/702 1262/1474/702
f 1262/1474/703 1265/1475/703 1263/1476/703
f 1259/1470/704 1266/1477/704 1264/1473/704
f 1264/1473/705 1267/1478/705 1265/1475/705
f 1257/1468/706 1268/1479/706 1266/1477/706
f 1266/1477/707 1269/1480/707 1267/1478/707
f 1255/1466/708 1270/1481/708 1268/1479/708
f 1268/1479/709 1271/1482/709 1269/1480/709
f 1253/1464/710 1272/1483/710 1270/1481/710
f 1270/1481/711 1273/1484/711 1271/1482/711
f 1251/1462/712 1274/1485/712 1272/1483/712
f 1272/1483/713 1275/1486/713 1273/1484/713
f 1249/1460/714 1276/1487/714 1274/1485/714
f 1274/1485/715 1277/1488/715 1275/1486/715
f 1247/1458/716 1278/1489/716 1276/1487/716
f 1276/1487/717 1279/1490/717 1277/1488/717
f 1278/1489/718 1243/1454/718 1280/1491/718
f 1279/1490/719 1280/1491/719 1281/1492/719
f 1280/1491/720 1241/1452/720 1282/1493/720
f 1281/1492/721 1282/1493/721 1283/1494/721
f 1282/1493/722 1239/1450/722 1284/1495/722
f 1283/1494/723 1284/1495/723 1285/1496/723
f 1284/1495/724 1237/1448/724 1286/1497/724
f 1285/1496/725 1286/1497/725 1287/1498/725
f 1286/1497/726 1235/1446/726 1288/1499/726
f 1287/1498/727 1288/1499/727 1289/1500/727
f 1288/1499/728 1233/1444/728 1290/1501/728
f 1289/1500/729 1290/1501/729 1291/1502/729
f 1290/1501/730 1231/1441/730 1292/1503/730
f 1291/1502/731 1292/1503/731 1293/1504/731
f 1292/1503/732 1229/1442/732 1294/1505/732
f 1293/1504/733 1294/1505/733 1295/1506/733
f 1298/1507/734 1295/1506/734 1296/1508/734
f 1299/1509/735 1296/1508/735 1297/1510/735
f 1300/1511/736 1293/1504/736 1298/1507/736
f 1301/1512/737 1298/1507/737 1299/1509/737
f 1302/1513/738 1291/1502/738 1300/1511/738
f 1303/1514/739 1300/1511/739 1301/1512/739
f 1304/1515/740 1289/1500/740 1302/1513/740
f 1305/1516/741 1302/1513/741 1303/1514/741
f 1306/1517/742 1287/1498/742 1304/1515/742
f 1307/1518/743 1304/1515/743 1305/1516/743
f 1308/1519/744 1285/1496/744 1306/1517/744
f 1309/1520/745 1306/1517/745 1307/1518/745
f 1310/1521/746 1283/1494/746 1308/1519/746
f 1311/1522/747 1308/1519/747 1309/1520/747
f 1312/1523/748 1281/1492/748 1310/1521/748
f 1313/1524/749 1310/1521/749 1311/1522/749
f 1277/1488/750 1312/1523/750 1314/1525/750
f 1314/1525/751 1313/1524/751 1315/1526/751
f 1275/1486/752 1314/1525/752 1316/1527/752
f 1316/1527/753 1315/1526/753 1317/1528/753
f 1273/1484/754 1316/1527/754 1318/1529/754
f 1318/1529/755 1317/1528/755 1319/1530/755
f 1271/1482/756 1318/1529/756 1320/1531/756
f 1320/1531/757 1319/1530/757 1321/1532/757
f 1269/1480/758 1320/1531/758 1322/1533/758
f 1322/1533/759 1321/1532/759 1323/1534/759
f 1267/1478/760 1322/1533/760 1324/1535/760
f 1324/1535/761 1323/1534/761 1325/1536/761
f 1265/1475/762 1324/1535/762 1326/1537/762
f 1326/1537/763 1325/1536/763 1327/1538/763
f 1263/1476/764 1326/1537/764 1328/1539/764
f 1328/1539/765 1327/1538/765 1329/1540/765
f 1329/1540/766 1332/1541/766 1330/1542/766
f 1331/1543/767 1332/1541/767 1333/1544/767
f 1327/1538/768 1334/1545/768 1332/1541/768
f 1333/1544/769 1334/1545/769 1335/1546/769
f 1325/1536/770 1336/1547/770 1334/1545/770
f 1335/1546/771 1336/1547/771 1337/1548/771
f 1323/1534/772 1338/1549/772 1336/1547/772
f 1337/1548/773 1338/1549/773 1339/1550/773
f 1321/1532/774 1340/1551/774 1338/1549/774
f 1339/1550/775 1340/1551/775 1341/1552/775
f 1319/1530/776 1342/1553/776 1340/1551/776
f 1341/1552/777 1342/1553/777 1343/1554/777
f 1317/1528/778 1344/1555/778 1342/1553/778
f 1343/1554/779 1344/1555/779 1345/1556/779
f 1315/1526/780 1346/1557/780 1344/1555/780
f 1345/1556/781 1346/1557/781 1347/1558/781
f 1346/1557/782 1311/1522/782 1348/1559/782
f 1346/1557/783 1349/1560/783 1347/1558/783
f 1348/1559/784 1309/1520/784 1350/1561/784
f 1348/1559/785 1351/1562/785 1349/1560/785
f 1350/1561/786 1307/1518/786 1352/1563/786
f 1350/1561/787 1353/1564/787 1351/1562/787
f 1352/1563/788 1305/1516/788 1354/1565/788
f 1352/1563/789 1355/1566/789 1353/1564/789
f 1354/1565/790 1303/1514/790 1356/1567/790
f 1354/1565/791 1357/1568/791 1355/1566/791
f 1356/1567/792 1301/1512/792 1358/1569/792
f 1356/1567/793 1359/1570/793 1357/1568/793
f 1358/1569/794 1299/1509/794 1360/1571/794
f 1358/1569/795 1361/1572/795 1359/1570/795
f 1360/1571/796 1297/1510/796 1362/1573/796
f 1360/1571/797 1363/1574/797 1361/1572/797
f 1361/1572/798 1364/1575/798 1366/1576/798
f 1366/1576/799 1365/1577/799 1367/1578/799
f 1359/1570/800 1366/1576/800 1368/1579/800
f 1368/1579/801 1367/1578/801 1369/1580/801
f 1357/1568/802 1368/1579/802 1370/1581/802
f 1370/1581/803 1369/1580/803 1371/1582/803
f 1355/1566/804 1370/1581/804 1372/1583/804
f 1372/1583/805 1371/1582/805 1373/1584/805
f 1353/1564/806 1372/1583/806 1374/1585/806
f 1374/1585/807 1373/1584/807 1375/1586/807
f 1351/1562/808 1374/1585/808 1376/1587/808
f 1376/1587/809 1375/1586/809 1377/1588/809
f 1349/1560/810 1376/1587/810 1378/1589/810
f 1378/1589/811 1377/1588/811 1379/1590/811
f 1347/1558/812 1378/1589/812 1380/1591/812
f 1380/1591/813 1379/1590/813 1381/1592/813
f 1382/1593/814 1347/1558/814 1380/1591/814
f 1383/1594/815 1380/1591/815 1381/1592/815
f 1384/1595/816 1345/1556/816 1382/1593/816
f 1385/1596/817 1382/1593/817 1383/1594/817
f 1386/1597/818 1343/1554/818 1384/1595/818
f 1387/1598/819 1384/1595/819 1385/1596/819
f 1388/1599/820 1341/1552/820 1386/1597/820
f 1389/1600/821 1386/1597/821 1387/1598/821
f 1390/1601/822 1339/1550/822 1388/1599/822
f 1391/1602/823 1388/1599/823 1389/1600/823
f 1392/1603/824 1337/1548/824 1390/1601/824
f 1393/1604/825 1390/1601/825 1391/1602/825
f 1394/1605/826 1335/1546/826 1392/1603/826
f 1395/1606/827 1392/1603/827 1393/1604/827
f 1396/1607/828 1333/1544/828 1394/1605/828
f 1397/1608/829 1394/1605/829 1395/1606/829
f 1398/1609/830 1395/1606/830 1400/1610/830
f 1399/1611/831 1400/1610/831 1401/1612/831
f 1400/1610/832 1393/1604/832 1402/1613/832
f 1401/1612/833 1402/1613/833 1403/1614/833
f 1402/1613/834 1391/1602/834 1404/1615/834
f 1403/1614/835 1404/1615/835 1405/1616/835
f 1404/1615/836 1389/1600/836 1406/1617/836
f 1405/1616/837 1406/1617/837 1407/1618/837
f 1406/1617/838 1387/1598/838 1408/1619/838
f 1407/1618/839 1408/1619/839 1409/1620/839
f 1408/1619/840 1385/1596/840 1410/1621/840
f 1409/1620/841 1410/1621/841 1411/1622/841
f 1410/1621/842 1383/1594/842 1412/1623/842
f 1411/1622/843 1412/1623/843 1413/1624/843
f 1412/1623/844 1381/1592/844 1414/1625/844
f 1413/1624/845 1414/1625/845 1415/1626/845
f 1381/1592/846 1416/1627/846 1414/1625/846
f 1414/1625/847 1417/1628/847 1415/1626/847
f 1379/1590/848 1418/1629/848 1416/1627/848
f 1416/1627/849 1419/1630/849 1417/1628/849
f 1377/1588/850 1420/1631/850 1418/1629/850
f 1418/1629/851 1421/1632/851 1419/1630/851
f 1375/1586/852 1422/1633/852 1420/1631/852
f 1420/1631/853 1423/1634/853 1421/1632/853
f 1373/1584/854 1424/1635/854 1422/1633/854
f 1422/1633/855 1425/1636/855 1423/1634/855
f 1371/1582/856 1426/1637/856 1424/1635/856
f 1424/1635/857 1427/1638/857 1425/1636/857
f 1369/1580/858 1428/1639/858 1426/1637/858
f 1426/1637/859 1429/1640/859 1427/1638/859
f 1367/1578/860 1430/1641/860 1428/1639/860
f 1428/1639/861 1431/1642/861 1429/1640/861
f 1429/1640/862 1432/1643/862 1434/1644/862
f 1434/1644/863 1433/1645/863 1435/1646/863
f 1427/1638/864 1434/1644/864 1436/1647/864
f 1436/1647/865 1435/1646/865 1437/1648/865
f 1425/1636/866 1436/1647/866 1438/1649/866
f 1438/1649/867 1437/1648/867 1439/1650/867
f 1423/1634/868 1438/1649/868 1440/1651/868
f 1440/1651/869 1439/1650/869 1441/1652/869
f 1421/1632/870 1440/1651/870 1442/1653/870
f 1442/1653/871 1441/1652/871 1443/1654/871
f 1419/1630/872 1442/1653/872 1444/1655/872
f 1444/1655/873 1443/1654/873 1445/1656/873
f 1417/1628/874 1444/1655/874 1446/1657/874
f 1446/1657/875 1445/1656/875 1447/1658/875
f 1415/1626/876 1446/1657/876 1448/1659/876
f 1448/1659/877 1447/1658/877 1449/1660/877
f 1450/1661/878 1415/1626/878 1448/1659/878
f 1451/1662/879 1448/1659/879 1449/1660/879
f 1452/1663/880 1413/1624/880 1450/1661/880
f 1453/1664/881 1450/1661/881 1451/1662/881
f 1454/1665/882 1411/1622/882 1452/1663/882
f 1455/1666/883 1452/1663/883 1453/1664/883
f 1456/1667/884 1409/1620/884 1454/1665/884
f 1457/1668/885 1454/1665/885 1455/1666/885
f 1458/1669/886 1407/1618/886 1456/1667/886
f 1459/1670/887 1456/1667/887 1457/1668/887
f 1460/1671/888 1405/1616/888 1458/1669/888
f 1461/1672/889 1458/1669/889 1459/1670/889
f 1462/1673/890 1403/1614/890 1460/1671/890
f 1463/1674/891 1460/1671/891 1461/1672/891
f 1464/1675/892 1401/1612/892 1462/1673/892
f 1465/1676/893 1462/1673/893 1463/1674/893
f 1466/1677/894 1465/1676/894 1463/1674/894
f 1466/1677/895 1443/1654/895 1441/1652/895
f 1466/1677/896 1441/1652/896 1439/1650/896
f 1466/1677/897 1463/1674/897 1461/1672/897
f 1466/1677/898 1461/1672/898 1459/1670/898
f 1466/1677/899 1459/1670/899 1457/1668/899
f 1466/1677/900 1457/1668/900 1455/1666/900
f 1466/1677/901 1455/1666/901 1453/1664/901
f 1466/1677/902 1453/1664/902 1451/1662/902
f 1466/1677/903 1451/1662/903 1449/1660/903
f 1466/1677/904 1449/1660/904 1447/1658/904
f 1466/1677/905 1447/1658/905 1445/1656/905
f 1466/1677/906 1445/1656/906 1443/1654/906
f 1466/1677/907 1439/1650/907 1437/1648/907
f 1466/1677/908 1437/1648/908 1435/1646/908
f 1466/1677/909 1435/1646/909 1433/1645/909
f 17/48/1 42/1678/1 41/1679/1
f 17/48/1 41/1679/1 37/1680/1
f 48/1681/1 28/1682/1 4/40/1
f 49/1683/1 48/1681/1 4/40/1
f 15/46/1 17/48/1 37/1680/1
f 15/46/1 37/1680/1 36/1684/1
f 49/1683/1 4/40/1 2/1/1
f 45/1685/1 49/1683/1 2/1/1
f 15/46/1 36/1684/1 34/1686/1
f 15/46/1 34/1686/1 35/1687/1
f 44/1688/1 45/1685/1 2/1/1
f 43/1689/1 44/1688/1 2/1/1
f 15/46/1 35/1687/1 40/1690/1
f 15/46/1 40/1690/1 38/1691/1
f 47/1692/1 43/1689/1 2/1/1
f 46/1693/1 47/1692/1 2/1/1
f 15/46/1 38/1691/1 39/1694/1
f 15/46/1 39/1694/1 50/1695/1
f 57/1696/1 46/1693/1 2/1/1
f 56/1697/1 57/1696/1 2/1/1
f 15/46/1 50/1695/1 51/1698/1
f 15/46/1 51/1698/1 52/2/1
f 55/1699/1 56/1697/1 2/1/1
f 54/1700/1 55/1699/1 2/1/1
f 2/1/1 15/46/1 52/2/1
f 53/3/1 54/1700/1 2/1/1
f 29/1701/1 42/62/1 17/4/1
f 4/5/1 28/69/1 27/1702/1
f 4/5/1 27/1702/1 26/1703/1
f 30/64/1 29/1701/1 17/4/1
f 31/65/1 30/64/1 17/4/1
f 4/5/1 26/1703/1 33/66/1
f 32/6/1 31/65/1 17/4/1
f 4/5/1 33/66/1 32/6/1
f 23/7/2 18/47/2 14/8/2
f 10/10/3 5/23/3 16/11/3
f 6/13/4 12/1704/4 8/14/4
f 11/16/5 24/44/5 20/17/5
f 1/19/14 3/21/14 8/26/14
f 4/40/15 6/13/15 3/15/15
f 10/10/16 12/29/16 6/24/16
f 9/18/17 8/1705/17 12/41/17
f 7/25/18 9/18/18 20/17/18
f 22/12/19 24/1706/19 11/42/19
f 21/43/20 20/17/20 24/44/20
f 19/35/21 21/37/21 14/31/21
f 16/11/22 18/34/22 23/38/22
f 15/46/23 14/8/23 18/47/23
f 13/30/24 15/46/24 2/1/24
f 5/23/25 4/5/25 17/4/25
f 19/35/26 13/30/26 1/19/26
f 60/81/59 628/744/59 59/82/59
f 62/84/60 58/83/60 59/82/60
f 629/86/61 60/745/61 58/87/61
f 61/88/62 58/87/62 62/89/62
f 63/91/63 62/84/63 64/85/63
f 65/90/64 62/89/64 63/93/64
f 66/95/65 65/90/65 67/94/65
f 66/95/66 632/747/66 61/88/66
f 70/97/67 68/96/67 67/94/67
f 67/94/68 63/93/68 72/99/68
f 112/100/69 70/97/69 69/98/69
f 71/101/70 69/98/70 72/99/70
f 73/103/71 72/106/71 74/104/71
f 72/106/72 63/91/72 77/92/72
f 74/104/73 76/108/73 124/107/73
f 77/92/74 78/110/74 76/108/74
f 77/92/75 64/85/75 80/109/75
f 76/108/76 78/110/76 79/111/76
f 78/110/77 80/109/77 81/113/77
f 59/82/78 82/114/78 80/109/78
f 82/114/79 84/117/79 81/113/79
f 59/82/80 628/744/80 83/115/80
f 82/114/81 83/115/81 85/116/81
f 85/116/82 87/120/82 86/118/82
f 84/117/83 86/118/83 89/119/83
f 87/120/84 633/750/84 88/121/84
f 86/118/85 88/121/85 91/122/85
f 79/111/86 81/113/86 89/119/86
f 90/123/87 89/119/87 91/122/87
f 91/122/88 93/126/88 94/125/88
f 88/121/89 96/131/89 93/126/89
f 94/125/90 93/126/90 95/127/90
f 93/126/91 96/131/91 98/129/91
f 88/121/92 633/750/92 97/130/92
f 97/130/93 99/749/93 98/129/93
f 99/132/94 101/748/94 100/133/94
f 98/134/95 100/133/95 103/135/95
f 100/133/96 101/748/96 631/137/96
f 100/133/97 102/138/97 105/139/97
f 95/136/98 103/135/98 104/140/98
f 104/140/99 103/135/99 105/139/99
f 105/139/100 66/95/100 68/96/100
f 102/138/101 632/747/101 66/95/101
f 104/140/102 106/142/102 107/143/102
f 106/142/103 68/96/103 70/97/103
f 108/144/104 107/143/104 109/145/104
f 107/143/105 70/97/105 112/100/105
f 139/147/106 110/146/106 109/145/106
f 111/148/107 109/145/107 112/100/107
f 112/100/108 71/101/108 115/150/108
f 111/148/109 113/149/109 114/151/109
f 113/149/110 115/150/110 116/153/110
f 116/153/111 115/150/111 117/154/111
f 71/101/112 73/102/112 117/154/112
f 117/156/113 119/159/113 120/157/113
f 117/156/114 73/103/114 75/105/114
f 120/157/115 119/159/115 121/160/115
f 119/159/116 75/105/116 124/107/116
f 121/160/117 123/163/117 158/162/117
f 124/107/118 125/164/118 123/163/118
f 76/108/119 127/112/119 125/164/119
f 125/164/120 126/166/120 161/165/120
f 127/112/121 128/167/121 126/166/121
f 127/112/122 79/111/122 90/123/122
f 126/166/123 128/167/123 129/168/123
f 128/167/124 90/123/124 92/124/124
f 129/168/125 131/171/125 132/170/125
f 92/124/126 94/125/126 131/171/126
f 132/170/127 131/171/127 133/172/127
f 131/171/128 94/125/128 135/128/128
f 133/174/129 108/144/129 110/146/129
f 135/141/130 104/140/130 108/144/130
f 137/176/131 132/170/131 134/173/131
f 134/175/132 110/146/132 139/147/132
f 164/179/133 137/176/133 136/177/133
f 136/178/134 139/147/134 140/181/134
f 140/181/135 139/147/135 111/148/135
f 138/182/136 140/181/136 141/183/136
f 140/181/137 142/152/137 143/185/137
f 142/152/138 114/151/138 145/186/138
f 170/187/139 141/183/139 143/185/139
f 143/185/140 145/186/140 146/189/140
f 146/189/141 145/186/141 147/190/141
f 114/151/142 116/153/142 147/190/142
f 147/190/143 149/193/143 150/192/143
f 147/190/144 116/153/144 118/155/144
f 150/194/145 149/197/145 151/195/145
f 118/158/146 120/157/146 151/195/146
f 151/195/147 153/199/147 154/198/147
f 151/195/148 120/157/148 122/161/148
f 154/198/149 153/199/149 155/200/149
f 122/161/150 158/162/150 155/200/150
f 155/200/151 157/204/151 190/202/151
f 155/200/152 158/162/152 159/203/152
f 123/163/153 161/165/153 159/203/153
f 157/204/154 159/203/154 160/205/154
f 161/165/155 162/207/155 160/205/155
f 161/165/156 126/166/156 130/169/156
f 162/207/157 137/176/157 164/179/157
f 130/169/158 132/170/158 137/176/158
f 160/205/159 164/179/159 165/208/159
f 164/179/160 138/180/160 167/209/160
f 191/210/161 163/206/161 165/208/161
f 165/208/162 167/209/162 168/212/162
f 168/213/163 167/184/163 141/183/163
f 166/211/164 168/212/164 169/214/164
f 169/216/165 168/213/165 170/187/165
f 171/217/166 170/187/166 144/188/166
f 169/216/167 171/217/167 172/219/167
f 171/217/168 173/218/168 174/221/168
f 173/218/169 175/223/169 176/222/169
f 144/188/170 146/189/170 175/223/170
f 176/222/171 175/223/171 177/224/171
f 146/189/172 148/191/172 177/224/172
f 178/225/173 177/224/173 179/226/173
f 148/191/174 150/192/174 179/226/174
f 179/228/175 181/231/175 182/229/175
f 179/228/176 150/194/176 152/196/176
f 181/231/177 183/233/177 184/232/177
f 181/231/178 152/196/178 154/198/178
f 184/232/179 183/233/179 185/234/179
f 154/198/180 156/201/180 185/234/180
f 186/235/181 185/234/181 187/236/181
f 185/234/182 156/201/182 190/202/182
f 188/237/183 187/236/183 189/238/183
f 190/202/184 191/210/184 189/238/184
f 157/204/185 163/206/185 191/210/185
f 189/238/186 191/210/186 166/211/186
f 192/239/187 189/238/187 193/215/187
f 194/240/188 193/215/188 169/214/188
f 192/239/189 194/240/189 195/242/189
f 194/240/190 196/241/190 197/244/190
f 196/220/191 172/219/191 199/245/191
f 220/247/192 195/242/192 197/244/192
f 198/249/193 197/246/193 199/245/193
f 200/250/194 199/245/194 201/251/194
f 199/245/195 172/219/195 174/221/195
f 201/251/196 203/254/196 204/253/196
f 201/251/197 174/221/197 176/222/197
f 203/254/198 205/256/198 206/255/198
f 203/254/199 176/222/199 178/225/199
f 205/256/200 207/258/200 208/257/200
f 178/225/201 180/227/201 207/258/201
f 207/259/202 209/262/202 210/260/202
f 207/259/203 180/230/203 182/229/203
f 210/260/204 209/262/204 211/263/204
f 182/229/205 184/232/205 211/263/205
f 212/264/206 211/263/206 213/265/206
f 184/232/207 186/235/207 213/265/207
f 213/265/208 215/268/208 216/267/208
f 186/235/209 188/237/209 215/268/209
f 215/268/210 217/243/210 218/269/210
f 188/237/211 192/239/211 217/243/211
f 217/243/212 195/242/212 220/247/212
f 241/270/213 216/267/213 218/269/213
f 219/271/214 218/269/214 220/247/214
f 220/247/215 198/248/215 223/273/215
f 244/274/216 219/271/216 221/272/216
f 221/272/217 223/273/217 224/276/217
f 223/277/218 225/280/218 226/278/218
f 198/249/219 200/250/219 225/280/219
f 226/278/220 225/280/220 227/281/220
f 200/250/221 202/252/221 227/281/221
f 228/282/222 227/281/222 229/283/222
f 227/281/223 202/252/223 204/253/223
f 230/284/224 229/283/224 231/285/224
f 229/283/225 204/253/225 206/255/225
f 231/285/226 233/288/226 234/287/226
f 231/285/227 206/255/227 208/257/227
f 234/289/228 233/292/228 235/290/228
f 208/261/229 210/260/229 235/290/229
f 235/290/230 237/294/230 238/293/230
f 210/260/231 212/264/231 237/294/231
f 237/294/232 239/296/232 240/295/232
f 212/264/233 214/266/233 239/296/233
f 239/296/234 241/270/234 242/297/234
f 239/296/235 214/266/235 216/267/235
f 242/297/236 241/270/236 219/271/236
f 265/298/237 240/295/237 242/297/237
f 243/299/238 242/297/238 244/274/238
f 245/300/239 244/274/239 222/275/239
f 268/302/240 243/299/240 245/300/240
f 246/303/241 245/300/241 247/301/241
f 248/304/242 247/301/242 249/305/242
f 222/275/243 224/276/243 249/305/243
f 249/307/244 251/310/244 252/308/244
f 224/279/245 226/278/245 251/310/245
f 252/308/246 251/310/246 253/311/246
f 226/278/247 228/282/247 253/311/247
f 254/312/248 253/311/248 255/313/248
f 228/282/249 230/284/249 255/313/249
f 256/314/250 255/313/250 257/315/250
f 255/313/251 230/284/251 232/286/251
f 257/315/252 259/318/252 260/317/252
f 232/286/253 234/287/253 259/318/253
f 260/319/254 259/322/254 261/320/254
f 259/322/255 234/289/255 236/291/255
f 261/320/256 263/324/256 264/323/256
f 236/291/257 238/293/257 263/324/257
f 263/324/258 265/298/258 266/325/258
f 263/324/259 238/293/259 240/295/259
f 265/298/260 243/299/260 268/302/260
f 289/326/261 264/323/261 266/325/261
f 267/327/262 266/325/262 268/302/262
f 269/328/263 268/302/263 246/303/263
f 292/330/264 267/327/264 269/328/264
f 270/331/265 269/328/265 271/329/265
f 271/329/266 273/334/266 274/333/266
f 246/303/267 248/304/267 273/334/267
f 274/333/268 273/334/268 275/335/268
f 273/334/269 248/304/269 250/306/269
f 275/337/270 277/340/270 278/338/270
f 250/309/271 252/308/271 277/340/271
f 277/340/272 279/342/272 280/341/272
f 252/308/273 254/312/273 279/342/273
f 279/342/274 281/344/274 282/343/274
f 254/312/275 256/314/275 281/344/275
f 281/344/276 283/346/276 284/345/276
f 281/344/277 256/314/277 258/316/277
f 283/346/278 285/348/278 286/347/278
f 283/346/279 258/316/279 260/317/279
f 285/349/280 287/352/280 288/350/280
f 285/349/281 260/319/281 262/321/281
f 288/350/282 287/352/282 289/326/282
f 262/321/283 264/323/283 289/326/283
f 290/353/284 289/326/284 267/327/284
f 313/354/285 288/350/285 290/353/285
f 290/353/286 292/330/286 293/356/286
f 292/330/287 270/331/287 295/357/287
f 291/355/288 293/356/288 294/358/288
f 294/358/289 293/356/289 295/357/289
f 295/357/290 297/362/290 298/361/290
f 270/331/291 272/332/291 297/362/291
f 298/361/292 297/362/292 299/363/292
f 272/332/293 274/333/293 299/363/293
f 299/363/294 301/366/294 302/365/294
f 299/363/295 274/333/295 276/336/295
f 302/367/296 301/370/296 303/368/296
f 276/339/297 278/338/297 303/368/297
f 303/368/298 305/372/298 306/371/298
f 303/368/299 278/338/299 280/341/299
f 306/371/300 305/372/300 307/373/300
f 305/372/301 280/341/301 282/343/301
f 307/373/302 309/376/302 310/375/302
f 282/343/303 284/345/303 309/376/303
f 310/375/304 309/376/304 311/377/304
f 309/376/305 284/345/305 286/347/305
f 311/379/306 313/354/306 314/380/306
f 286/351/307 288/350/307 313/354/307
f 314/380/308 313/354/308 291/355/308
f 312/381/309 314/380/309 315/382/309
f 315/382/310 314/380/310 316/359/310
f 316/359/311 294/358/311 319/385/311
f 340/386/312 315/382/312 317/384/312
f 318/387/313 317/384/313 319/385/313
f 319/385/314 321/390/314 322/389/314
f 319/385/315 294/358/315 296/360/315
f 322/389/316 321/390/316 323/391/316
f 296/360/317 298/361/317 323/391/317
f 323/391/318 325/394/318 326/393/318
f 323/391/319 298/361/319 300/364/319
f 325/394/320 327/396/320 328/395/320
f 300/364/321 302/365/321 327/396/321
f 327/397/322 329/400/322 330/398/322
f 302/367/323 304/369/323 329/400/323
f 330/398/324 329/400/324 331/401/324
f 304/369/325 306/371/325 331/401/325
f 332/402/326 331/401/326 333/403/326
f 331/401/327 306/371/327 308/374/327
f 334/404/328 333/403/328 335/405/328
f 308/374/329 310/375/329 335/405/329
f 335/405/330 337/408/330 338/407/330
f 335/405/331 310/375/331 312/378/331
f 338/409/332 337/383/332 315/382/332
f 339/410/333 338/409/333 340/386/333
f 336/406/334 338/407/334 339/412/334
f 340/386/335 318/387/335 343/414/335
f 339/410/92 341/411/92 342/415/92
f 342/415/84 341/411/84 343/414/84
f 344/417/82 343/414/82 345/418/82
f 343/414/336 318/387/336 320/388/336
f 345/418/81 347/421/81 348/420/81
f 320/388/337 322/389/337 347/421/337
f 347/421/80 349/423/80 350/422/80
f 347/421/338 322/389/338 324/392/338
f 350/422/59 349/423/59 351/424/59
f 324/392/339 326/393/339 351/424/339
f 352/425/61 351/424/61 353/426/61
f 351/424/340 326/393/340 328/395/340
f 353/428/341 355/431/341 356/429/341
f 328/399/342 330/398/342 355/431/342
f 356/429/343 355/431/343 357/432/343
f 330/398/344 332/402/344 357/432/344
f 357/432/96 359/435/96 360/434/96
f 332/402/345 334/404/345 359/435/345
f 360/434/94 359/435/94 361/413/94
f 359/435/346 334/404/346 336/406/346
f 361/413/93 339/412/93 364/437/93
f 360/434/95 362/436/95 363/438/95
f 362/436/91 364/437/91 365/440/91
f 365/441/89 364/416/89 342/415/89
f 365/441/88 367/442/88 368/443/88
f 388/445/90 363/438/90 365/440/90
f 368/443/87 367/442/87 369/447/87
f 342/415/85 344/417/85 369/447/85
f 369/447/86 371/450/86 372/449/86
f 344/417/83 346/419/83 371/450/83
f 372/449/77 371/450/77 373/451/77
f 346/419/79 348/420/79 373/451/79
f 373/451/75 375/454/75 376/453/75
f 348/420/78 350/422/78 375/454/78
f 375/454/63 377/456/63 378/455/63
f 350/422/60 352/425/60 377/456/60
f 378/455/64 377/456/64 379/457/64
f 352/425/62 354/427/62 379/457/62
f 380/459/65 379/462/65 381/460/65
f 354/430/66 356/429/66 381/460/66
f 382/461/100 381/460/100 383/463/100
f 356/429/101 358/433/101 383/463/101
f 384/464/99 383/463/99 385/439/99
f 358/433/97 360/434/97 385/439/97
f 385/439/98 363/438/98 388/445/98
f 384/464/102 386/465/102 387/466/102
f 386/465/130 388/445/130 389/468/130
f 389/468/128 388/445/128 366/446/128
f 412/470/129 387/466/129 389/468/129
f 389/468/127 391/469/127 392/472/127
f 392/473/125 391/476/125 393/474/125
f 366/444/126 368/443/126 393/474/126
f 393/474/123 395/478/123 396/477/123
f 393/474/124 368/443/124 370/448/124
f 396/477/121 395/478/121 397/479/121
f 395/478/122 370/448/122 372/449/122
f 397/479/119 399/482/119 400/481/119
f 372/449/76 374/452/76 399/482/76
f 400/481/73 399/482/73 401/483/73
f 374/452/74 376/453/74 401/483/74
f 401/483/71 403/486/71 404/485/71
f 376/453/72 378/455/72 403/486/72
f 404/485/70 403/486/70 405/487/70
f 403/486/68 378/455/68 380/458/68
f 405/489/69 407/492/69 408/490/69
f 405/489/67 380/459/67 382/461/67
f 408/490/105 407/492/105 409/467/105
f 382/461/103 384/464/103 409/467/103
f 409/467/104 387/466/104 412/470/104
f 433/494/107 408/490/107 410/493/107
f 410/493/106 412/470/106 413/496/106
f 413/496/132 412/470/132 390/471/132
f 436/498/135 411/495/135 413/496/135
f 414/499/134 413/496/134 415/497/134
f 415/497/133 417/502/133 418/501/133
f 415/497/131 390/471/131 392/472/131
f 418/503/157 417/506/157 419/504/157
f 392/473/158 394/475/158 419/504/158
f 419/504/155 421/508/155 422/507/155
f 394/475/156 396/477/156 421/508/156
f 421/508/153 423/510/153 424/509/153
f 421/508/120 396/477/120 398/480/120
f 424/509/117 423/510/117 425/511/117
f 423/510/118 398/480/118 400/481/118
f 425/511/115 427/514/115 428/513/115
f 400/481/116 402/484/116 427/514/116
f 428/513/113 427/514/113 429/515/113
f 402/484/114 404/485/114 429/515/114
f 430/516/111 429/515/111 431/517/111
f 404/485/112 406/488/112 431/517/112
f 432/519/110 431/521/110 433/494/110
f 406/491/108 408/490/108 433/494/108
f 433/494/109 411/495/109 436/498/109
f 457/522/142 432/519/142 434/520/142
f 434/520/138 436/498/138 437/524/138
f 436/498/137 414/499/137 439/525/137
f 435/523/140 437/524/140 438/526/140
f 438/526/139 437/524/139 439/525/139
f 439/525/910 441/530/910 442/529/910
f 414/499/136 416/500/136 441/530/136
f 441/530/911 443/532/911 444/531/911
f 416/500/912 418/501/912 443/532/912
f 444/533/350 443/536/350 445/534/350
f 443/536/913 418/503/913 420/505/913
f 445/534/914 447/538/914 448/537/914
f 445/534/915 420/505/915 422/507/915
f 447/538/151 449/540/151 450/539/151
f 447/538/152 422/507/152 424/509/152
f 450/539/149 449/540/149 451/541/149
f 449/540/150 424/509/150 426/512/150
f 452/542/147 451/541/147 453/543/147
f 426/512/148 428/513/148 453/543/148
f 453/543/145 455/546/145 456/545/145
f 428/513/146 430/516/146 455/546/146
f 456/545/143 455/546/143 457/547/143
f 455/546/144 430/516/144 432/518/144
f 457/522/141 435/523/141 460/527/141
f 481/550/174 456/545/174 458/548/174
f 459/552/172 458/549/172 460/527/172
f 460/527/170 438/526/170 463/554/170
f 459/552/171 461/553/171 462/555/171
f 461/553/169 463/554/169 464/557/169
f 463/554/168 465/559/168 466/558/168
f 438/526/166 440/528/166 465/559/166
f 465/559/916 467/561/916 468/560/916
f 465/559/917 440/528/917 442/529/917
f 467/561/918 469/563/918 470/562/918
f 467/561/356 442/529/356 444/531/356
f 470/564/919 469/567/919 471/565/919
f 444/533/358 446/535/358 471/565/358
f 472/566/920 471/565/920 473/568/920
f 446/535/921 448/537/921 473/568/921
f 473/568/181 475/571/181 476/570/181
f 473/568/182 448/537/182 450/539/182
f 476/570/179 475/571/179 477/572/179
f 475/571/180 450/539/180 452/542/180
f 477/572/177 479/575/177 480/574/177
f 452/542/178 454/544/178 479/575/178
f 479/575/175 481/550/175 482/576/175
f 454/544/176 456/545/176 481/550/176
f 482/576/173 481/550/173 459/551/173
f 480/574/203 482/576/203 483/578/203
f 483/578/201 482/576/201 484/577/201
f 484/556/199 462/555/199 487/581/199
f 483/578/200 485/580/200 486/583/200
f 486/585/198 485/582/198 487/581/198
f 487/581/196 489/588/196 490/587/196
f 487/581/197 462/555/197 464/557/197
f 489/588/194 491/590/194 492/589/194
f 489/588/195 464/557/195 466/558/195
f 491/590/193 493/592/193 494/591/193
f 491/590/191 466/558/191 468/560/191
f 493/592/192 495/594/192 496/593/192
f 468/560/190 470/562/190 495/594/190
f 496/593/212 495/597/212 497/595/212
f 495/597/189 470/564/189 472/566/189
f 498/596/210 497/595/210 499/598/210
f 472/566/211 474/569/211 499/598/211
f 500/599/208 499/598/208 501/600/208
f 474/569/209 476/570/209 501/600/209
f 502/601/206 501/600/206 503/602/206
f 476/570/207 478/573/207 503/602/207
f 503/602/204 505/579/204 506/604/204
f 503/602/205 478/573/205 480/574/205
f 506/604/202 505/579/202 483/578/202
f 504/603/231 506/604/231 507/605/231
f 506/604/229 508/584/229 509/607/229
f 509/607/227 508/584/227 486/583/227
f 532/609/228 507/605/228 509/607/228
f 510/610/226 509/607/226 511/608/226
f 511/612/224 513/615/224 514/613/224
f 486/585/225 488/586/225 513/615/225
f 514/613/222 513/615/222 515/616/222
f 488/586/223 490/587/223 515/616/223
f 516/617/220 515/616/220 517/618/220
f 515/616/221 490/587/221 492/589/221
f 517/618/218 519/621/218 520/620/218
f 517/618/219 492/589/219 494/591/219
f 519/621/217 521/623/217 522/622/217
f 519/621/215 494/591/215 496/593/215
f 522/624/216 521/623/216 523/625/216
f 496/593/214 498/596/214 523/625/214
f 524/626/236 523/625/236 525/627/236
f 498/596/213 500/599/213 525/627/213
f 525/627/234 527/630/234 528/629/234
f 500/599/235 502/601/235 527/630/235
f 528/629/232 527/630/232 529/606/232
f 502/601/233 504/603/233 529/606/233
f 530/631/230 529/606/230 507/605/230
f 553/632/259 528/629/259 530/631/259
f 531/633/257 530/631/257 532/609/257
f 533/634/255 532/609/255 510/610/255
f 531/633/256 533/634/256 534/636/256
f 533/634/254 535/635/254 536/638/254
f 536/638/252 535/635/252 537/639/252
f 535/635/253 510/610/253 512/611/253
f 538/641/250 537/644/250 539/642/250
f 512/614/251 514/613/251 539/642/251
f 539/642/248 541/646/248 542/645/248
f 514/613/249 516/617/249 541/646/249
f 541/646/246 543/648/246 544/647/246
f 516/617/247 518/619/247 543/648/247
f 543/648/244 545/650/244 546/649/244
f 543/648/245 518/619/245 520/620/245
f 545/650/242 547/652/242 548/651/242
f 545/650/243 520/620/243 522/622/243
f 547/653/241 549/656/241 550/654/241
f 522/624/239 524/626/239 549/656/239
f 550/654/240 549/656/240 551/657/240
f 524/626/238 526/628/238 551/657/238
f 552/658/260 551/657/260 553/632/260
f 551/657/237 526/628/237 528/629/237
f 554/659/258 553/632/258 531/633/258
f 552/658/262 554/659/262 555/660/262
f 554/659/261 556/637/261 557/662/261
f 557/662/283 556/637/283 534/636/283
f 580/664/284 555/660/284 557/662/284
f 558/665/282 557/662/282 559/663/282
f 559/663/280 561/668/280 562/667/280
f 534/636/281 536/638/281 561/668/281
f 562/667/278 561/668/278 563/669/278
f 561/668/279 536/638/279 538/640/279
f 563/671/276 565/674/276 566/672/276
f 538/641/277 540/643/277 565/674/277
f 565/674/274 567/676/274 568/675/274
f 565/674/275 540/643/275 542/645/275
f 568/675/272 567/676/272 569/677/272
f 567/676/273 542/645/273 544/647/273
f 569/677/270 571/680/270 572/679/270
f 544/647/271 546/649/271 571/680/271
f 571/680/268 573/682/268 574/681/268
f 571/680/269 546/649/269 548/651/269
f 574/683/266 573/686/266 575/684/266
f 548/655/267 550/654/267 575/684/267
f 576/685/265 575/684/265 577/661/265
f 575/684/263 550/654/263 552/658/263
f 577/661/264 555/660/264 580/664/264
f 576/685/291 578/687/291 579/688/291
f 578/687/287 580/664/287 581/690/287
f 581/690/286 580/664/286 558/665/286
f 579/688/289 581/690/289 582/692/289
f 582/692/288 581/690/288 583/691/288
f 584/694/308 583/691/308 585/695/308
f 558/665/285 560/666/285 585/695/285
f 585/695/306 587/698/306 588/697/306
f 560/666/307 562/667/307 587/698/307
f 588/697/304 587/698/304 589/699/304
f 587/698/305 562/667/305 564/670/305
f 589/701/302 591/704/302 592/702/302
f 589/701/303 564/673/303 566/672/303
f 591/704/300 593/706/300 594/705/300
f 566/672/301 568/675/301 593/706/301
f 594/705/298 593/706/298 595/707/298
f 593/706/299 568/675/299 570/678/299
f 596/708/296 595/707/296 597/709/296
f 570/678/297 572/679/297 597/709/297
f 597/709/294 599/712/294 600/711/294
f 572/679/295 574/681/295 599/712/295
f 599/713/292 601/689/292 602/714/292
f 599/713/293 574/683/293 576/685/293
f 601/689/290 579/688/290 604/693/290
f 600/715/319 602/714/319 603/716/319
f 603/716/317 602/714/317 604/693/317
f 605/718/315 604/693/315 582/692/315
f 627/720/316 603/716/316 605/718/316
f 606/721/314 605/718/314 607/719/314
f 607/719/313 609/724/313 610/723/313
f 607/719/311 582/692/311 584/694/311
f 609/724/312 611/726/312 612/725/312
f 584/694/310 586/696/310 611/726/310
f 612/725/332 611/726/332 613/727/332
f 586/696/309 588/697/309 613/727/309
f 613/727/330 615/730/330 616/729/330
f 613/727/331 588/697/331 590/700/331
f 616/731/328 615/734/328 617/732/328
f 615/734/329 590/703/329 592/702/329
f 618/733/326 617/732/326 619/735/326
f 592/702/327 594/705/327 619/735/327
f 619/735/324 621/738/324 622/737/324
f 594/705/325 596/708/325 621/738/325
f 621/738/322 623/740/322 624/739/322
f 621/738/323 596/708/323 598/710/323
f 623/740/320 625/742/320 626/741/320
f 623/740/321 598/710/321 600/711/321
f 626/743/318 625/717/318 603/716/318
f 60/81/339 626/743/339 627/720/339
f 624/739/340 626/741/340 60/745/340
f 627/720/338 606/721/338 83/115/338
f 630/746/342 622/737/342 624/739/342
f 630/746/341 629/86/341 61/88/341
f 631/137/343 630/746/343 632/747/343
f 620/736/344 622/737/344 630/746/344
f 101/748/345 618/733/345 620/736/345
f 616/731/346 618/733/346 101/748/346
f 614/728/334 616/729/334 99/749/334
f 633/750/333 612/725/333 614/728/333
f 87/120/335 610/723/335 612/725/335
f 608/722/336 610/723/336 87/120/336
f 83/115/337 606/721/337 608/722/337
f 634/751/922 636/1414/922 1204/752/922
f 634/751/649 635/753/649 640/754/649
f 1205/756/923 636/1415/923 634/757/923
f 641/759/650 637/758/650 634/757/650
f 638/755/364 640/754/364 653/761/364
f 643/763/365 641/759/365 638/760/365
f 642/765/366 641/759/366 643/763/366
f 642/765/367 1208/1418/367 637/758/367
f 646/767/368 644/766/368 643/763/368
f 645/768/369 643/763/369 639/764/369
f 688/770/370 646/767/370 645/768/370
f 645/768/371 648/769/371 649/772/371
f 649/773/372 648/776/372 650/774/372
f 639/762/373 653/761/373 650/774/373
f 650/774/374 652/778/374 700/777/374
f 653/761/375 654/779/375 652/778/375
f 640/754/376 656/783/376 654/779/376
f 652/778/377 654/779/377 655/780/377
f 654/779/378 656/783/378 657/782/378
f 635/753/379 658/784/379 656/783/379
f 658/784/380 660/786/380 657/782/380
f 1204/752/381 659/1416/381 658/784/381
f 658/784/382 659/1416/382 661/785/382
f 661/785/383 663/789/383 662/787/383
f 657/782/384 660/786/384 662/787/384
f 663/789/385 1209/801/385 664/790/385
f 665/788/386 662/787/386 664/790/386
f 657/782/387 665/788/387 666/792/387
f 666/792/388 665/788/388 667/791/388
f 667/791/389 669/795/389 670/794/389
f 664/790/390 672/802/390 669/795/390
f 670/796/391 669/800/391 671/797/391
f 672/799/392 674/804/392 671/797/392
f 1209/801/393 673/1420/393 672/802/393
f 672/799/394 673/1419/394 675/803/394
f 674/804/395 675/803/395 677/805/395
f 674/804/396 676/806/396 679/807/396
f 676/806/397 677/805/397 1207/808/397
f 676/806/398 678/809/398 681/810/398
f 671/797/399 679/807/399 680/811/399
f 680/811/400 679/807/400 681/810/400
f 681/810/401 642/765/401 644/766/401
f 678/809/402 1208/1418/402 642/765/402
f 680/811/403 682/812/403 683/813/403
f 682/812/404 644/766/404 646/767/404
f 684/814/405 683/813/405 685/815/405
f 685/815/406 683/813/406 646/767/406
f 715/817/407 686/816/407 685/815/407
f 685/815/408 688/770/408 689/819/408
f 688/770/409 647/771/409 691/820/409
f 687/818/410 689/819/410 690/821/410
f 690/821/411 689/819/411 691/820/411
f 692/823/412 691/820/412 693/824/412
f 647/771/413 649/772/413 693/824/413
f 693/826/414 695/829/414 696/827/414
f 693/826/415 649/773/415 651/775/415
f 696/827/416 695/829/416 697/830/416
f 695/829/417 651/775/417 700/777/417
f 698/831/418 697/830/418 699/832/418
f 697/830/419 700/777/419 701/834/419
f 652/778/420 703/781/420 701/834/420
f 701/834/421 702/837/421 737/835/421
f 701/834/422 703/781/422 704/836/422
f 703/781/423 655/780/423 666/792/423
f 704/836/424 705/839/424 706/838/424
f 666/792/425 668/793/425 705/839/425
f 706/838/426 705/839/426 707/840/426
f 705/839/427 668/793/427 670/794/427
f 707/842/428 709/845/428 710/843/428
f 670/796/429 711/798/429 709/845/429
f 710/843/430 709/845/430 684/814/430
f 711/798/431 680/811/431 684/814/431
f 708/844/432 710/843/432 712/846/432
f 712/846/433 710/843/433 686/816/433
f 740/848/434 713/847/434 712/846/434
f 714/849/435 712/846/435 715/817/435
f 716/850/436 715/817/436 687/818/436
f 714/849/437 716/850/437 717/851/437
f 716/850/438 718/822/438 719/853/438
f 718/822/439 690/821/439 721/854/439
f 717/851/440 719/853/440 720/855/440
f 719/853/441 721/854/441 722/857/441
f 722/857/442 721/854/442 723/858/442
f 690/821/443 692/823/443 723/858/443
f 723/858/444 725/861/444 726/860/444
f 692/823/445 694/825/445 725/861/445
f 726/862/446 725/865/446 727/863/446
f 694/828/447 696/827/447 727/863/447
f 727/863/448 729/867/448 730/866/448
f 696/827/449 698/831/449 729/867/449
f 730/866/450 729/867/450 731/868/450
f 729/867/451 698/831/451 734/833/451
f 732/869/452 731/868/452 733/870/452
f 731/868/453 734/833/453 735/872/453
f 699/832/454 737/835/454 735/872/454
f 733/870/455 735/872/455 736/873/455
f 735/872/456 737/835/456 738/875/456
f 702/837/457 706/838/457 738/875/457
f 738/875/458 713/877/458 740/876/458
f 738/875/459 706/838/459 708/841/459
f 736/873/460 740/876/460 741/878/460
f 741/879/461 740/848/461 714/849/461
f 739/874/462 741/878/462 742/880/462
f 741/879/463 743/852/463 744/882/463
f 743/852/464 717/851/464 746/856/464
f 742/883/465 744/882/465 745/884/465
f 744/882/466 746/856/466 747/886/466
f 747/886/467 746/856/467 720/855/467
f 772/888/468 745/884/468 747/886/468
f 747/886/469 749/887/469 750/890/469
f 749/887/470 751/892/470 752/891/470
f 749/887/471 720/855/471 722/857/471
f 752/891/472 751/892/472 753/893/472
f 722/857/473 724/859/473 753/893/473
f 753/893/474 755/896/474 756/895/474
f 724/859/475 726/860/475 755/896/475
f 756/897/476 755/900/476 757/898/476
f 726/862/477 728/864/477 757/898/477
f 757/898/478 759/902/478 760/901/478
f 728/864/479 730/866/479 759/902/479
f 760/901/480 759/902/480 761/903/480
f 730/866/481 732/869/481 761/903/481
f 762/904/482 761/903/482 763/905/482
f 732/869/483 766/871/483 763/905/483
f 763/905/484 765/908/484 768/907/484
f 763/905/485 766/871/485 767/881/485
f 766/871/486 733/870/486 739/874/486
f 767/881/487 742/880/487 769/909/487
f 768/907/488 765/908/488 769/909/488
f 770/911/489 769/885/489 745/884/489
f 793/912/490 768/907/490 770/910/490
f 770/911/491 772/888/491 773/914/491
f 772/888/492 748/889/492 775/916/492
f 771/915/651 773/914/651 774/917/651
f 773/914/494 775/916/494 776/919/494
f 775/916/495 777/921/495 778/920/495
f 775/916/496 748/889/496 750/890/496
f 777/921/497 779/923/497 780/922/497
f 777/921/498 750/890/498 752/891/498
f 779/923/499 781/925/499 782/924/499
f 779/923/500 752/891/500 754/894/500
f 782/924/501 781/925/501 783/926/501
f 754/894/502 756/895/502 783/926/502
f 783/928/924 785/931/924 786/929/924
f 783/928/504 756/897/504 758/899/504
f 786/929/505 785/931/505 787/932/505
f 758/899/925 760/901/925 787/932/925
f 788/933/507 787/932/507 789/934/507
f 760/901/508 762/904/508 789/934/508
f 790/935/509 789/934/509 791/936/509
f 762/904/510 764/906/510 791/936/510
f 792/937/511 791/936/511 793/912/511
f 791/936/512 764/906/512 768/907/512
f 794/938/513 793/912/513 771/913/513
f 792/937/514 794/938/514 795/940/514
f 795/940/926 794/938/926 796/939/926
f 797/943/516 796/918/516 774/917/516
f 795/940/517 797/942/517 798/945/517
f 797/943/518 799/944/518 800/947/518
f 800/947/519 799/944/519 801/949/519
f 799/944/520 774/917/520 776/919/520
f 802/950/521 801/949/521 803/951/521
f 776/919/522 778/920/522 803/951/522
f 804/952/523 803/951/523 805/953/523
f 803/951/524 778/920/524 780/922/524
f 805/953/525 807/956/525 808/955/525
f 805/953/526 780/922/526 782/924/526
f 807/956/527 809/958/527 810/957/527
f 807/956/528 782/924/528 784/927/528
f 810/959/529 809/962/529 811/960/529
f 809/962/652 784/930/652 786/929/652
f 812/961/653 811/960/653 813/963/653
f 786/929/532 788/933/532 813/963/532
f 813/963/533 815/966/533 816/965/533
f 813/963/534 788/933/534 790/935/534
f 815/966/535 817/941/535 818/967/535
f 815/966/536 790/935/536 792/937/536
f 817/941/537 795/940/537 820/946/537
f 816/965/538 818/967/538 819/968/538
f 818/967/539 820/946/539 821/970/539
f 821/970/540 820/946/540 798/945/540
f 844/972/541 819/968/541 821/970/541
f 822/973/542 821/970/542 823/971/542
f 823/975/543 825/978/543 826/976/543
f 823/975/544 798/948/544 800/947/544
f 825/978/545 827/980/545 828/979/545
f 825/978/546 800/947/546 802/950/546
f 828/979/547 827/980/547 829/981/547
f 827/980/548 802/950/548 804/952/548
f 830/982/549 829/981/549 831/983/549
f 804/952/550 806/954/550 831/983/550
f 832/984/551 831/983/551 833/985/551
f 806/954/552 808/955/552 833/985/552
f 833/985/553 835/988/553 836/987/553
f 808/955/554 810/957/554 835/988/554
f 836/989/555 835/992/555 837/990/555
f 835/992/556 810/959/556 812/961/556
f 837/990/557 839/994/557 840/993/557
f 812/961/558 814/964/558 839/994/558
f 839/994/559 841/969/559 842/995/559
f 839/994/560 814/964/560 816/965/560
f 841/969/561 819/968/561 844/972/561
f 865/996/562 840/993/562 842/995/562
f 843/997/563 842/995/563 844/972/563
f 845/998/564 844/972/564 822/973/564
f 843/997/565 845/998/565 846/1000/565
f 845/998/566 847/999/566 848/1002/566
f 847/999/567 849/1004/567 850/1003/567
f 822/973/568 824/974/568 849/1004/568
f 849/1005/569 851/1008/569 852/1006/569
f 849/1005/570 824/977/570 826/976/570
f 852/1006/571 851/1008/571 853/1009/571
f 826/976/572 828/979/572 853/1009/572
f 854/1010/573 853/1009/573 855/1011/573
f 828/979/574 830/982/574 855/1011/574
f 855/1011/575 857/1014/575 858/1013/575
f 830/982/576 832/984/576 857/1014/576
f 857/1014/577 859/1016/577 860/1015/577
f 857/1014/578 832/984/578 834/986/578
f 859/1016/579 861/1018/579 862/1017/579
f 859/1016/580 834/986/580 836/987/580
f 861/1019/581 863/1022/581 864/1020/581
f 836/989/582 838/991/582 863/1022/582
f 863/1022/583 865/996/583 866/1023/583
f 863/1022/584 838/991/584 840/993/584
f 866/1023/585 865/996/585 843/997/585
f 889/1024/586 864/1020/586 866/1023/586
f 867/1025/587 866/1023/587 868/1001/587
f 868/1001/588 846/1000/588 871/1027/588
f 867/1025/589 869/1026/589 870/1028/589
f 869/1026/590 871/1027/590 872/1030/590
f 871/1027/591 873/1032/591 874/1031/591
f 871/1027/592 846/1000/592 848/1002/592
f 874/1031/593 873/1032/593 875/1033/593
f 848/1002/594 850/1003/594 875/1033/594
f 875/1035/595 877/1038/595 878/1036/595
f 850/1007/596 852/1006/596 877/1038/596
f 877/1038/597 879/1040/597 880/1039/597
f 852/1006/598 854/1010/598 879/1040/598
f 879/1040/599 881/1042/599 882/1041/599
f 879/1040/600 854/1010/600 856/1012/600
f 882/1041/601 881/1042/601 883/1043/601
f 856/1012/602 858/1013/602 883/1043/602
f 883/1043/603 885/1046/603 886/1045/603
f 858/1013/604 860/1015/604 885/1046/604
f 886/1045/605 885/1046/605 887/1047/605
f 885/1046/606 860/1015/606 862/1017/606
f 888/1049/607 887/1051/607 889/1024/607
f 862/1021/608 864/1020/608 889/1024/608
f 890/1050/609 889/1024/609 867/1025/609
f 913/1052/610 888/1049/610 890/1050/610
f 891/1053/611 890/1050/611 892/1029/611
f 892/1029/612 870/1028/612 895/1055/612
f 891/1053/613 893/1054/613 894/1056/613
f 893/1054/614 895/1055/614 896/1058/614
f 895/1055/615 897/1060/615 898/1059/615
f 895/1055/616 870/1028/616 872/1030/616
f 898/1059/617 897/1060/617 899/1061/617
f 872/1030/618 874/1031/618 899/1061/618
f 899/1061/619 901/1064/619 902/1063/619
f 899/1061/620 874/1031/620 876/1034/620
f 901/1065/621 903/1068/621 904/1066/621
f 876/1037/622 878/1036/622 903/1068/622
f 903/1068/623 905/1070/623 906/1069/623
f 903/1068/624 878/1036/624 880/1039/624
f 905/1070/625 907/1072/625 908/1071/625
f 880/1039/626 882/1041/626 907/1072/626
f 907/1072/627 909/1074/627 910/1073/627
f 907/1072/628 882/1041/628 884/1044/628
f 910/1073/629 909/1074/629 911/1075/629
f 884/1044/630 886/1045/630 911/1075/630
f 911/1075/631 913/1078/631 914/1077/631
f 886/1045/632 888/1048/632 913/1078/632
f 914/1079/633 913/1052/633 891/1053/633
f 915/1080/634 914/1079/634 916/1057/634
f 912/1076/635 914/1077/635 915/1082/635
f 916/1057/636 894/1056/636 919/1084/636
f 940/1085/393 915/1080/393 917/1081/393
f 918/1086/385 917/1081/385 919/1084/385
f 920/1087/383 919/1084/383 921/1088/383
f 919/1084/637 894/1056/637 896/1058/637
f 921/1088/382 923/1091/382 924/1090/382
f 896/1058/638 898/1059/638 923/1091/638
f 923/1091/381 925/1093/381 926/1092/381
f 923/1091/639 898/1059/639 900/1062/639
f 925/1093/360 927/1095/360 928/1094/360
f 925/1093/640 900/1062/640 902/1063/640
f 927/1096/362 929/1099/362 930/1097/362
f 902/1067/641 904/1066/641 929/1099/641
f 930/1097/642 929/1099/642 931/1100/642
f 904/1066/643 906/1069/643 931/1100/643
f 932/1101/644 931/1100/644 933/1102/644
f 906/1069/645 908/1071/645 933/1102/645
f 934/1103/397 933/1102/397 935/1104/397
f 908/1071/646 910/1073/646 935/1104/646
f 935/1104/395 937/1083/395 938/1106/395
f 935/1104/647 910/1073/647 912/1076/647
f 937/1083/927 915/1082/927 940/1107/927
f 961/1108/396 936/1105/396 938/1106/396
f 939/1109/392 938/1106/392 940/1107/392
f 940/1085/390 918/1086/390 943/1111/390
f 941/1112/389 943/1111/389 944/1113/389
f 964/1115/391 939/1109/391 941/1110/391
f 943/1111/388 945/1118/388 946/1117/388
f 918/1086/386 920/1087/386 945/1118/386
f 946/1117/387 945/1118/387 947/1119/387
f 920/1087/384 922/1089/384 947/1119/384
f 947/1119/378 949/1122/378 950/1121/378
f 947/1119/380 922/1089/380 924/1090/380
f 949/1122/376 951/1124/376 952/1123/376
f 949/1122/379 924/1090/379 926/1092/379
f 951/1124/364 953/1126/364 954/1125/364
f 951/1124/649 926/1092/649 928/1094/649
f 954/1127/365 953/1130/365 955/1128/365
f 928/1098/650 930/1097/650 955/1128/650
f 956/1129/366 955/1128/366 957/1131/366
f 930/1097/367 932/1101/367 957/1131/367
f 958/1132/401 957/1131/401 959/1133/401
f 932/1101/402 934/1103/402 959/1133/402
f 959/1133/400 961/1108/400 962/1135/400
f 934/1103/398 936/1105/398 961/1108/398
f 962/1135/399 961/1108/399 939/1109/399
f 960/1134/403 962/1135/403 963/1136/403
f 963/1136/431 962/1135/431 964/1115/431
f 965/1138/429 964/1115/429 942/1116/429
f 988/1140/430 963/1136/430 965/1138/430
f 965/1138/428 967/1139/428 968/1142/428
f 968/1143/426 967/1146/426 969/1144/426
f 942/1114/427 944/1113/427 969/1144/427
f 969/1144/424 971/1148/424 972/1147/424
f 944/1113/425 946/1117/425 971/1148/425
f 972/1147/422 971/1148/422 973/1149/422
f 971/1148/423 946/1117/423 948/1120/423
f 973/1149/420 975/1152/420 976/1151/420
f 973/1149/377 948/1120/377 950/1121/377
f 976/1151/374 975/1152/374 977/1153/374
f 975/1152/375 950/1121/375 952/1123/375
f 977/1153/372 979/1156/372 980/1155/372
f 952/1123/373 954/1125/373 979/1156/373
f 980/1157/371 979/1160/371 981/1158/371
f 979/1160/369 954/1127/369 956/1129/369
f 981/1158/370 983/1162/370 984/1161/370
f 956/1129/368 958/1132/368 983/1162/368
f 984/1161/406 983/1162/406 985/1137/406
f 958/1132/404 960/1134/404 985/1137/404
f 985/1137/405 963/1136/405 988/1140/405
f 984/1161/408 986/1163/408 987/1164/408
f 986/1163/407 988/1140/407 989/1166/407
f 989/1166/433 988/1140/433 966/1141/433
f 987/1164/436 989/1166/436 990/1168/436
f 990/1168/435 989/1166/435 991/1167/435
f 991/1167/434 993/1172/434 994/1171/434
f 966/1141/432 968/1142/432 993/1172/432
f 994/1173/458 993/1176/458 995/1174/458
f 993/1176/459 968/1143/459 970/1145/459
f 995/1174/456 997/1178/456 998/1177/456
f 970/1145/457 972/1147/457 997/1178/457
f 997/1178/454 999/1180/454 1000/1179/454
f 997/1178/421 972/1147/421 974/1150/421
f 999/1180/418 1001/1182/418 1002/1181/418
f 999/1180/419 974/1150/419 976/1151/419
f 1002/1181/416 1001/1182/416 1003/1183/416
f 1001/1182/417 976/1151/417 978/1154/417
f 1004/1184/414 1003/1183/414 1005/1185/414
f 978/1154/415 980/1155/415 1005/1185/415
f 1005/1187/412 1007/1190/412 1008/1188/412
f 1005/1187/413 980/1157/413 982/1159/413
f 1007/1190/411 1009/1165/411 1010/1191/411
f 982/1159/409 984/1161/409 1009/1165/409
f 1010/1191/410 1009/1165/410 987/1164/410
f 1033/1192/443 1008/1188/443 1010/1191/443
f 1011/1193/439 1010/1191/439 1012/1169/439
f 1012/1169/438 990/1168/438 1015/1195/438
f 1011/1193/441 1013/1194/441 1014/1196/441
f 1013/1194/440 1015/1195/440 1016/1198/440
f 1016/1198/464 1015/1195/464 1017/1199/464
f 1015/1195/437 990/1168/437 992/1170/437
f 1018/1200/463 1017/1199/463 1019/1201/463
f 992/1170/461 994/1171/461 1019/1201/461
f 1019/1203/462 1021/1206/462 1022/1204/462
f 1019/1203/460 994/1173/460 996/1175/460
f 1021/1206/486 1023/1208/486 1024/1207/486
f 996/1175/455 998/1177/455 1023/1208/455
f 1024/1207/452 1023/1208/452 1025/1209/452
f 1023/1208/453 998/1177/453 1000/1179/453
f 1026/1210/450 1025/1209/450 1027/1211/450
f 1000/1179/451 1002/1181/451 1027/1211/451
f 1028/1212/448 1027/1211/448 1029/1213/448
f 1002/1181/449 1004/1184/449 1029/1213/449
f 1029/1213/446 1031/1216/446 1032/1215/446
f 1029/1213/447 1004/1184/447 1006/1186/447
f 1032/1217/444 1031/1219/444 1033/1192/444
f 1006/1189/445 1008/1188/445 1033/1192/445
f 1033/1192/442 1011/1193/442 1036/1197/442
f 1057/1220/475 1032/1217/475 1034/1218/475
f 1034/1218/473 1036/1197/473 1037/1222/473
f 1037/1222/471 1036/1197/471 1014/1196/471
f 1035/1221/472 1037/1222/472 1038/1224/472
f 1037/1222/470 1039/1223/470 1040/1226/470
f 1039/1223/469 1041/1228/469 1042/1227/469
f 1039/1223/467 1014/1196/467 1016/1198/467
f 1042/1227/468 1041/1228/468 1043/1229/468
f 1016/1198/466 1018/1200/466 1043/1229/466
f 1043/1229/489 1045/1232/489 1046/1231/489
f 1043/1229/465 1018/1200/465 1020/1202/465
f 1045/1233/488 1047/1236/488 1048/1234/488
f 1020/1205/487 1022/1204/487 1047/1236/487
f 1047/1236/484 1049/1238/484 1050/1237/484
f 1022/1204/485 1024/1207/485 1049/1238/485
f 1050/1237/482 1049/1238/482 1051/1239/482
f 1024/1207/483 1026/1210/483 1051/1239/483
f 1052/1240/480 1051/1239/480 1053/1241/480
f 1026/1210/481 1028/1212/481 1053/1241/481
f 1054/1242/478 1053/1241/478 1055/1243/478
f 1053/1241/479 1028/1212/479 1030/1214/479
f 1055/1243/476 1057/1246/476 1058/1245/476
f 1030/1214/477 1032/1215/477 1057/1246/477
f 1057/1220/474 1035/1221/474 1060/1225/474
f 1056/1244/504 1058/1245/504 1059/1248/504
f 1058/1247/502 1060/1225/502 1061/1250/502
f 1061/1250/500 1060/1225/500 1038/1224/500
f 1059/1251/501 1061/1250/501 1062/1253/501
f 1061/1250/499 1063/1252/499 1064/1255/499
f 1063/1252/497 1065/1257/497 1066/1256/497
f 1038/1224/498 1040/1226/498 1065/1257/498
f 1066/1256/495 1065/1257/495 1067/1258/495
f 1040/1226/496 1042/1227/496 1067/1258/496
f 1068/1259/494 1067/1258/494 1069/1260/494
f 1042/1227/492 1044/1230/492 1069/1260/492
f 1069/1260/493 1071/1263/493 1072/1262/493
f 1044/1230/491 1046/1231/491 1071/1263/491
f 1071/1264/928 1073/1266/928 1074/1265/928
f 1071/1264/490 1046/1235/490 1048/1234/490
f 1073/1266/511 1075/1268/511 1076/1267/511
f 1048/1234/512 1050/1237/512 1075/1268/512
f 1075/1268/509 1077/1270/509 1078/1269/509
f 1075/1268/510 1050/1237/510 1052/1240/510
f 1078/1269/507 1077/1270/507 1079/1271/507
f 1052/1240/508 1054/1242/508 1079/1271/508
f 1080/1272/505 1079/1271/505 1081/1249/505
f 1054/1242/925 1056/1244/925 1081/1249/925
f 1082/1273/503 1081/1249/503 1059/1248/503
f 1080/1272/532 1082/1273/532 1083/1275/532
f 1082/1273/652 1084/1274/652 1085/1277/652
f 1085/1278/528 1084/1254/528 1062/1253/528
f 1108/1280/529 1083/1275/529 1085/1277/529
f 1086/1282/527 1085/1278/527 1087/1279/527
f 1088/1283/525 1087/1279/525 1089/1284/525
f 1087/1279/526 1062/1253/526 1064/1255/526
f 1089/1284/523 1091/1287/523 1092/1286/523
f 1089/1284/524 1064/1255/524 1066/1256/524
f 1092/1286/521 1091/1287/521 1093/1288/521
f 1066/1256/522 1068/1259/522 1093/1288/522
f 1093/1288/519 1095/1291/519 1096/1290/519
f 1068/1259/520 1070/1261/520 1095/1291/520
f 1095/1291/518 1097/1293/518 1098/1292/518
f 1070/1261/516 1072/1262/516 1097/1293/516
f 1098/1294/517 1097/1293/517 1099/1295/517
f 1072/1262/515 1074/1265/515 1099/1295/515
f 1100/1296/537 1099/1295/537 1101/1297/537
f 1099/1295/514 1074/1265/514 1076/1267/514
f 1101/1297/535 1103/1300/535 1104/1299/535
f 1101/1297/536 1076/1267/536 1078/1269/536
f 1103/1300/533 1105/1276/533 1106/1301/533
f 1078/1269/534 1080/1272/534 1105/1276/534
f 1105/1276/653 1083/1275/653 1108/1280/653
f 1104/1299/560 1106/1301/560 1107/1302/560
f 1106/1301/558 1108/1280/558 1109/1304/558
f 1108/1280/556 1086/1281/556 1111/1305/556
f 1107/1302/557 1109/1304/557 1110/1306/557
f 1110/1306/555 1109/1304/555 1111/1305/555
f 1111/1309/553 1113/1312/553 1114/1310/553
f 1086/1282/554 1088/1283/554 1113/1312/554
f 1113/1312/551 1115/1314/551 1116/1313/551
f 1113/1312/552 1088/1283/552 1090/1285/552
f 1115/1314/549 1117/1316/549 1118/1315/549
f 1115/1314/550 1090/1285/550 1092/1286/550
f 1117/1316/547 1119/1318/547 1120/1317/547
f 1092/1286/548 1094/1289/548 1119/1318/548
f 1119/1318/545 1121/1320/545 1122/1319/545
f 1119/1318/546 1094/1289/546 1096/1290/546
f 1121/1320/543 1123/1322/543 1124/1321/543
f 1096/1290/544 1098/1292/544 1123/1322/544
f 1123/1323/542 1125/1326/542 1126/1324/542
f 1098/1294/540 1100/1296/540 1125/1326/540
f 1126/1324/541 1125/1326/541 1127/1327/541
f 1100/1296/539 1102/1298/539 1127/1327/539
f 1128/1328/561 1127/1327/561 1129/1303/561
f 1127/1327/538 1102/1298/538 1104/1299/538
f 1129/1303/559 1107/1302/559 1132/1307/559
f 1153/1330/563 1128/1328/563 1130/1329/563
f 1130/1329/562 1132/1307/562 1133/1332/562
f 1132/1307/584 1110/1306/584 1135/1333/584
f 1131/1331/585 1133/1332/585 1134/1334/585
f 1133/1332/583 1135/1333/583 1136/1336/583
f 1136/1336/581 1135/1333/581 1137/1337/581
f 1135/1333/582 1110/1306/582 1112/1308/582
f 1137/1339/579 1139/1342/579 1140/1340/579
f 1112/1311/580 1114/1310/580 1139/1342/580
f 1140/1340/577 1139/1342/577 1141/1343/577
f 1139/1342/578 1114/1310/578 1116/1313/578
f 1142/1344/575 1141/1343/575 1143/1345/575
f 1141/1343/576 1116/1313/576 1118/1315/576
f 1143/1345/573 1145/1348/573 1146/1347/573
f 1118/1315/574 1120/1317/574 1145/1348/574
f 1146/1347/571 1145/1348/571 1147/1349/571
f 1120/1317/572 1122/1319/572 1147/1349/572
f 1147/1349/569 1149/1352/569 1150/1351/569
f 1147/1349/570 1122/1319/570 1124/1321/570
f 1150/1353/567 1149/1356/567 1151/1354/567
f 1124/1325/568 1126/1324/568 1151/1354/568
f 1151/1354/566 1153/1330/566 1154/1357/566
f 1151/1354/564 1126/1324/564 1128/1328/564
f 1154/1357/565 1153/1330/565 1131/1331/565
f 1152/1355/592 1154/1357/592 1155/1358/592
f 1155/1358/588 1154/1357/588 1156/1335/588
f 1156/1335/587 1134/1334/587 1159/1361/587
f 1155/1358/590 1157/1360/590 1158/1362/590
f 1157/1360/589 1159/1361/589 1160/1364/589
f 1159/1361/609 1161/1366/609 1162/1365/609
f 1159/1361/586 1134/1334/586 1136/1336/586
f 1162/1365/607 1161/1366/607 1163/1367/607
f 1136/1336/608 1138/1338/608 1163/1367/608
f 1163/1369/605 1165/1372/605 1166/1370/605
f 1138/1341/606 1140/1340/606 1165/1372/606
f 1166/1370/603 1165/1372/603 1167/1373/603
f 1140/1340/604 1142/1344/604 1167/1373/604
f 1168/1374/601 1167/1373/601 1169/1375/601
f 1167/1373/602 1142/1344/602 1144/1346/602
f 1170/1376/599 1169/1375/599 1171/1377/599
f 1144/1346/600 1146/1347/600 1171/1377/600
f 1171/1377/597 1173/1380/597 1174/1379/597
f 1146/1347/598 1148/1350/598 1173/1380/598
f 1174/1379/595 1173/1380/595 1175/1381/595
f 1173/1380/596 1148/1350/596 1150/1351/596
f 1175/1383/593 1177/1359/593 1178/1384/593
f 1150/1353/594 1152/1355/594 1177/1359/594
f 1178/1384/591 1177/1359/591 1155/1358/591
f 1176/1385/620 1178/1384/620 1179/1386/620
f 1179/1386/618 1178/1384/618 1180/1363/618
f 1181/1388/616 1180/1363/616 1158/1362/616
f 1203/1390/617 1179/1386/617 1181/1388/617
f 1181/1388/615 1183/1389/615 1184/1392/615
f 1184/1392/614 1183/1389/614 1185/1393/614
f 1183/1389/612 1158/1362/612 1160/1364/612
f 1186/1394/613 1185/1393/613 1187/1395/613
f 1185/1393/611 1160/1364/611 1162/1365/611
f 1188/1396/633 1187/1395/633 1189/1397/633
f 1187/1395/610 1162/1365/610 1164/1368/610
f 1189/1399/631 1191/1402/631 1192/1400/631
f 1164/1371/632 1166/1370/632 1191/1402/632
f 1191/1402/629 1193/1404/629 1194/1403/629
f 1166/1370/630 1168/1374/630 1193/1404/630
f 1193/1404/627 1195/1406/627 1196/1405/627
f 1168/1374/628 1170/1376/628 1195/1406/628
f 1196/1405/625 1195/1406/625 1197/1407/625
f 1170/1376/626 1172/1378/626 1197/1407/626
f 1197/1407/623 1199/1410/623 1200/1409/623
f 1172/1378/624 1174/1379/624 1199/1410/624
f 1199/1410/621 1201/1412/621 1202/1411/621
f 1199/1410/622 1174/1379/622 1176/1382/622
f 1201/1387/619 1179/1386/619 1203/1390/619
f 1202/1413/640 1203/1390/640 1204/752/640
f 1200/1409/641 1202/1411/641 636/1415/641
f 1203/1390/639 1182/1391/639 659/1416/639
f 1206/1417/643 1198/1408/643 1200/1409/643
f 1206/1417/642 1205/756/642 637/758/642
f 1207/808/644 1206/1417/644 1208/1418/644
f 1207/808/645 1196/1405/645 1198/1408/645
f 1194/1403/646 1196/1405/646 1207/808/646
f 1192/1400/647 1194/1403/647 677/805/647
f 673/1419/635 1190/1401/635 1192/1400/635
f 1188/1396/634 1190/1398/634 673/1420/634
f 663/789/636 1186/1394/636 1188/1396/636
f 661/785/637 1184/1392/637 1186/1394/637
f 1182/1391/638 1184/1392/638 661/785/638
f 1230/1439/670 1226/1437/670 1227/1438/670
f 1231/1441/671 1230/1439/671 1228/1440/671
f 1232/1443/672 1225/1436/672 1226/1437/672
f 1233/1444/929 1232/1443/929 1230/1439/929
f 1234/1445/674 1224/1435/674 1225/1436/674
f 1235/1446/675 1234/1445/675 1232/1443/675
f 1236/1447/676 1223/1434/676 1224/1435/676
f 1237/1448/677 1236/1447/677 1234/1445/677
f 1238/1449/678 1222/1433/678 1223/1434/678
f 1239/1450/679 1238/1449/679 1236/1447/679
f 1240/1451/680 1221/1432/680 1222/1433/680
f 1241/1452/681 1240/1451/681 1238/1449/681
f 1242/1453/682 1220/1431/682 1221/1432/682
f 1243/1454/683 1242/1453/683 1240/1451/683
f 1244/1455/684 1219/1430/684 1220/1431/684
f 1245/1456/685 1244/1455/685 1242/1453/685
f 1218/1429/686 1219/1430/686 1244/1455/686
f 1246/1457/687 1244/1455/687 1245/1456/687
f 1217/1428/688 1218/1429/688 1246/1457/688
f 1248/1459/689 1246/1457/689 1247/1458/689
f 1216/1427/690 1217/1428/690 1248/1459/690
f 1250/1461/691 1248/1459/691 1249/1460/691
f 1215/1426/692 1216/1427/692 1250/1461/692
f 1252/1463/693 1250/1461/693 1251/1462/693
f 1214/1425/694 1215/1426/694 1252/1463/694
f 1254/1465/695 1252/1463/695 1253/1464/695
f 1213/1424/696 1214/1425/696 1254/1465/696
f 1256/1467/697 1254/1465/697 1255/1466/697
f 1212/1423/698 1213/1424/698 1256/1467/698
f 1258/1469/699 1256/1467/699 1257/1468/699
f 1211/1421/700 1212/1423/700 1258/1469/700
f 1260/1471/701 1258/1469/701 1259/1470/701
f 1261/1472/930 1259/1470/930 1264/1473/930
f 1262/1474/703 1264/1473/703 1265/1475/703
f 1259/1470/704 1257/1468/704 1266/1477/704
f 1264/1473/705 1266/1477/705 1267/1478/705
f 1257/1468/706 1255/1466/706 1268/1479/706
f 1266/1477/707 1268/1479/707 1269/1480/707
f 1255/1466/708 1253/1464/708 1270/1481/708
f 1268/1479/709 1270/1481/709 1271/1482/709
f 1253/1464/710 1251/1462/710 1272/1483/710
f 1270/1481/711 1272/1483/711 1273/1484/711
f 1251/1462/712 1249/1460/712 1274/1485/712
f 1272/1483/713 1274/1485/713 1275/1486/713
f 1249/1460/714 1247/1458/714 1276/1487/714
f 1274/1485/715 1276/1487/715 1277/1488/715
f 1247/1458/716 1245/1456/716 1278/1489/716
f 1276/1487/717 1278/1489/717 1279/1490/717
f 1278/1489/718 1245/1456/718 1243/1454/718
f 1279/1490/719 1278/1489/719 1280/1491/719
f 1280/1491/720 1243/1454/720 1241/1452/720
f 1281/1492/721 1280/1491/721 1282/1493/721
f 1282/1493/722 1241/1452/722 1239/1450/722
f 1283/1494/723 1282/1493/723 1284/1495/723
f 1284/1495/724 1239/1450/724 1237/1448/724
f 1285/1496/725 1284/1495/725 1286/1497/725
f 1286/1497/726 1237/1448/726 1235/1446/726
f 1287/1498/727 1286/1497/727 1288/1499/727
f 1288/1499/728 1235/1446/728 1233/1444/728
f 1289/1500/729 1288/1499/729 1290/1501/729
f 1290/1501/730 1233/1444/730 1231/1441/730
f 1291/1502/731 1290/1501/731 1292/1503/731
f 1292/1503/931 1231/1441/931 1229/1442/931
f 1293/1504/733 1292/1503/733 1294/1505/733
f 1298/1507/734 1293/1504/734 1295/1506/734
f 1299/1509/735 1298/1507/735 1296/1508/735
f 1300/1511/736 1291/1502/736 1293/1504/736
f 1301/1512/737 1300/1511/737 1298/1507/737
f 1302/1513/738 1289/1500/738 1291/1502/738
f 1303/1514/739 1302/1513/739 1300/1511/739
f 1304/1515/740 1287/1498/740 1289/1500/740
f 1305/1516/741 1304/1515/741 1302/1513/741
f 1306/1517/742 1285/1496/742 1287/1498/742
f 1307/1518/743 1306/1517/743 1304/1515/743
f 1308/1519/744 1283/1494/744 1285/1496/744
f 1309/1520/745 1308/1519/745 1306/1517/745
f 1310/1521/746 1281/1492/746 1283/1494/746
f 1311/1522/747 1310/1521/747 1308/1519/747
f 1312/1523/748 1279/1490/748 1281/1492/748
f 1313/1524/749 1312/1523/749 1310/1521/749
f 1277/1488/750 1279/1490/750 1312/1523/750
f 1314/1525/751 1312/1523/751 1313/1524/751
f 1275/1486/752 1277/1488/752 1314/1525/752
f 1316/1527/753 1314/1525/753 1315/1526/753
f 1273/1484/754 1275/1486/754 1316/1527/754
f 1318/1529/755 1316/1527/755 1317/1528/755
f 1271/1482/756 1273/1484/756 1318/1529/756
f 1320/1531/757 1318/1529/757 1319/1530/757
f 1269/1480/758 1271/1482/758 1320/1531/758
f 1322/1533/759 1320/1531/759 1321/1532/759
f 1267/1478/760 1269/1480/760 1322/1533/760
f 1324/1535/761 1322/1533/761 1323/1534/761
f 1265/1475/762 1267/1478/762 1324/1535/762
f 1326/1537/932 1324/1535/932 1325/1536/932
f 1263/1476/764 1265/1475/764 1326/1537/764
f 1328/1539/765 1326/1537/765 1327/1538/765
f 1329/1540/766 1327/1538/766 1332/1541/766
f 1331/1543/767 1330/1542/767 1332/1541/767
f 1327/1538/768 1325/1536/768 1334/1545/768
f 1333/1544/769 1332/1541/769 1334/1545/769
f 1325/1536/770 1323/1534/770 1336/1547/770
f 1335/1546/771 1334/1545/771 1336/1547/771
f 1323/1534/772 1321/1532/772 1338/1549/772
f 1337/1548/773 1336/1547/773 1338/1549/773
f 1321/1532/774 1319/1530/774 1340/1551/774
f 1339/1550/775 1338/1549/775 1340/1551/775
f 1319/1530/776 1317/1528/776 1342/1553/776
f 1341/1552/777 1340/1551/777 1342/1553/777
f 1317/1528/778 1315/1526/778 1344/1555/778
f 1343/1554/779 1342/1553/779 1344/1555/779
f 1315/1526/780 1313/1524/780 1346/1557/780
f 1345/1556/781 1344/1555/781 1346/1557/781
f 1346/1557/782 1313/1524/782 1311/1522/782
f 1346/1557/783 1348/1559/783 1349/1560/783
f 1348/1559/784 1311/1522/784 1309/1520/784
f 1348/1559/785 1350/1561/785 1351/1562/785
f 1350/1561/786 1309/1520/786 1307/1518/786
f 1350/1561/787 1352/1563/787 1353/1564/787
f 1352/1563/788 1307/1518/788 1305/1516/788
f 1352/1563/789 1354/1565/789 1355/1566/789
f 1354/1565/790 1305/1516/790 1303/1514/790
f 1354/1565/791 1356/1567/791 1357/1568/791
f 1356/1567/792 1303/1514/792 1301/1512/792
f 1356/1567/793 1358/1569/793 1359/1570/793
f 1358/1569/933 1301/1512/933 1299/1509/933
f 1358/1569/934 1360/1571/934 1361/1572/934
f 1360/1571/796 1299/1509/796 1297/1510/796
f 1360/1571/797 1362/1573/797 1363/1574/797
f 1361/1572/798 1363/1574/798 1364/1575/798
f 1366/1576/799 1364/1575/799 1365/1577/799
f 1359/1570/800 1361/1572/800 1366/1576/800
f 1368/1579/801 1366/1576/801 1367/1578/801
f 1357/1568/802 1359/1570/802 1368/1579/802
f 1370/1581/803 1368/1579/803 1369/1580/803
f 1355/1566/804 1357/1568/804 1370/1581/804
f 1372/1583/805 1370/1581/805 1371/1582/805
f 1353/1564/806 1355/1566/806 1372/1583/806
f 1374/1585/807 1372/1583/807 1373/1584/807
f 1351/1562/808 1353/1564/808 1374/1585/808
f 1376/1587/809 1374/1585/809 1375/1586/809
f 1349/1560/810 1351/1562/810 1376/1587/810
f 1378/1589/811 1376/1587/811 1377/1588/811
f 1347/1558/812 1349/1560/812 1378/1589/812
f 1380/1591/813 1378/1589/813 1379/1590/813
f 1382/1593/814 1345/1556/814 1347/1558/814
f 1383/1594/815 1382/1593/815 1380/1591/815
f 1384/1595/816 1343/1554/816 1345/1556/816
f 1385/1596/817 1384/1595/817 1382/1593/817
f 1386/1597/818 1341/1552/818 1343/1554/818
f 1387/1598/819 1386/1597/819 1384/1595/819
f 1388/1599/820 1339/1550/820 1341/1552/820
f 1389/1600/821 1388/1599/821 1386/1597/821
f 1390/1601/822 1337/1548/822 1339/1550/822
f 1391/1602/823 1390/1601/823 1388/1599/823
f 1392/1603/824 1335/1546/824 1337/1548/824
f 1393/1604/825 1392/1603/825 1390/1601/825
f 1394/1605/935 1333/1544/935 1335/1546/935
f 1395/1606/827 1394/1605/827 1392/1603/827
f 1396/1607/828 1331/1543/828 1333/1544/828
f 1397/1608/829 1396/1607/829 1394/1605/829
f 1398/1609/830 1397/1608/830 1395/1606/830
f 1399/1611/936 1398/1609/936 1400/1610/936
f 1400/1610/832 1395/1606/832 1393/1604/832
f 1401/1612/833 1400/1610/833 1402/1613/833
f 1402/1613/834 1393/1604/834 1391/1602/834
f 1403/1614/835 1402/1613/835 1404/1615/835
f 1404/1615/836 1391/1602/836 1389/1600/836
f 1405/1616/837 1404/1615/837 1406/1617/837
f 1406/1617/838 1389/1600/838 1387/1598/838
f 1407/1618/839 1406/1617/839 1408/1619/839
f 1408/1619/840 1387/1598/840 1385/1596/840
f 1409/1620/841 1408/1619/841 1410/1621/841
f 1410/1621/842 1385/1596/842 1383/1594/842
f 1411/1622/843 1410/1621/843 1412/1623/843
f 1412/1623/844 1383/1594/844 1381/1592/844
f 1413/1624/845 1412/1623/845 1414/1625/845
f 1381/1592/846 1379/1590/846 1416/1627/846
f 1414/1625/847 1416/1627/847 1417/1628/847
f 1379/1590/848 1377/1588/848 1418/1629/848
f 1416/1627/849 1418/1629/849 1419/1630/849
f 1377/1588/850 1375/1586/850 1420/1631/850
f 1418/1629/851 1420/1631/851 1421/1632/851
f 1375/1586/852 1373/1584/852 1422/1633/852
f 1420/1631/853 1422/1633/853 1423/1634/853
f 1373/1584/854 1371/1582/854 1424/1635/854
f 1422/1633/855 1424/1635/855 1425/1636/855
f 1371/1582/856 1369/1580/856 1426/1637/856
f 1424/1635/857 1426/1637/857 1427/1638/857
f 1369/1580/858 1367/1578/858 1428/1639/858
f 1426/1637/859 1428/1639/859 1429/1640/859
f 1367/1578/860 1365/1577/860 1430/1641/860
f 1428/1639/937 1430/1641/937 1431/1642/937
f 1429/1640/862 1431/1642/862 1432/1643/862
f 1434/1644/863 1432/1643/863 1433/1645/863
f 1427/1638/938 1429/1640/938 1434/1644/938
f 1436/1647/865 1434/1644/865 1435/1646/865
f 1425/1636/866 1427/1638/866 1436/1647/866
f 1438/1649/867 1436/1647/867 1437/1648/867
f 1423/1634/868 1425/1636/868 1438/1649/868
f 1440/1651/869 1438/1649/869 1439/1650/869
f 1421/1632/870 1423/1634/870 1440/1651/870
f 1442/1653/871 1440/1651/871 1441/1652/871
f 1419/1630/872 1421/1632/872 1442/1653/872
f 1444/1655/873 1442/1653/873 1443/1654/873
f 1417/1628/874 1419/1630/874 1444/1655/874
f 1446/1657/875 1444/1655/875 1445/1656/875
f 1415/1626/876 1417/1628/876 1446/1657/876
f 1448/1659/877 1446/1657/877 1447/1658/877
f 1450/1661/878 1413/1624/878 1415/1626/878
f 1451/1662/879 1450/1661/879 1448/1659/879
f 1452/1663/880 1411/1622/880 1413/1624/880
f 1453/1664/881 1452/1663/881 1450/1661/881
f 1454/1665/882 1409/1620/882 1411/1622/882
f 1455/1666/883 1454/1665/883 1452/1663/883
f 1456/1667/884 1407/1618/884 1409/1620/884
f 1457/1668/885 1456/1667/885 1454/1665/885
f 1458/1669/886 1405/1616/886 1407/1618/886
f 1459/1670/887 1458/1669/887 1456/1667/887
f 1460/1671/888 1403/1614/888 1405/1616/888
f 1461/1672/889 1460/1671/889 1458/1669/889
f 1462/1673/890 1401/1612/890 1403/1614/890
f 1463/1674/891 1462/1673/891 1460/1671/891
f 1464/1675/892 1399/1611/892 1401/1612/892
f 1465/1676/893 1464/1675/893 1462/1673/893
