# Blender 4.1.1
# www.blender.org
mtllib TackleEnemy02.mtl
o Fish_Blob.002
v 0.385333 -0.355960 0.965110
v 0.432544 -0.131862 1.043335
v 0.269810 -0.320746 1.104486
v 0.437793 -0.009139 0.987045
v 0.430139 -0.128389 0.988581
v 0.381153 -0.112905 1.048028
v 0.378749 -0.109431 0.993274
v 0.266806 -0.305752 0.976193
v 0.388338 -0.370955 1.093402
v 0.233913 -0.451901 1.117223
v 0.226805 -0.206913 1.314853
v 0.037973 -0.428491 1.230407
v 0.255285 -0.045726 1.315638
v 0.251445 -0.188178 1.254084
v 0.168466 -0.173557 1.303235
v 0.193106 -0.154823 1.242465
v 0.096759 -0.374402 1.092492
v 0.175127 -0.505991 1.255139
v 0.443270 -0.134579 1.015897
v 0.327391 -0.327734 0.936081
v 0.331898 -0.350225 1.128520
v 0.236604 -0.300070 1.045607
v 0.441872 -0.040845 1.005747
v 0.326633 -0.209681 0.996749
v 0.360165 -0.489373 1.096439
v 0.408368 -0.123539 1.058258
v 0.440295 -0.040574 0.981927
v 0.419217 -0.033458 1.007792
v 0.417640 -0.033188 0.983972
v 0.366185 -0.106142 1.022937
v 0.329414 -0.218369 1.087133
v 0.413476 -0.251973 1.079367
v 0.410695 -0.243284 0.988984
v 0.357014 -0.467527 0.929098
v 0.206274 -0.421578 1.110963
v 0.404761 -0.118328 0.976127
v 0.414395 -0.375383 1.028982
v 0.203123 -0.399733 0.943622
v 0.252156 -0.205613 1.288292
v 0.183541 -0.400051 1.068355
v 0.095362 -0.481186 1.275228
v 0.029570 -0.381649 1.157290
v 0.251195 -0.088951 1.321429
v 0.140959 -0.267194 1.174372
v 0.169109 -0.556468 1.238650
v 0.193029 -0.195190 1.323318
v 0.260604 -0.082446 1.296531
v 0.227302 -0.076578 1.316256
v 0.236710 -0.070072 1.291358
v 0.164647 -0.155579 1.270863
v 0.098711 -0.302312 1.275107
v 0.196615 -0.359347 1.293546
v 0.238863 -0.324229 1.192810
v 0.233514 -0.495262 1.088167
v 0.018228 -0.472347 1.211801
v 0.229989 -0.167088 1.232163
v 0.235300 -0.497898 1.194388
v 0.082634 -0.411141 1.061319
v 0.286594 -0.461718 1.142421
v 0.444586 -0.066066 0.999481
v 0.422678 -0.057933 0.977690
v 0.425149 -0.059718 1.023198
v 0.394476 -0.494618 1.012252
v 0.401608 -0.051075 1.003384
v 0.305481 -0.205160 1.045723
v 0.373667 -0.237808 1.104005
v 0.369496 -0.224774 0.968429
v 0.431573 -0.255565 1.034075
v 0.281867 -0.428950 0.891409
v 0.163639 -0.392926 1.034039
v 0.081355 -0.530113 1.260675
v 0.258032 -0.118580 1.304492
v 0.245486 -0.098855 1.274225
v 0.226172 -0.112964 1.323365
v 0.235244 -0.546491 1.172293
v 0.210864 -0.092757 1.294730
v 0.092738 -0.270083 1.221667
v 0.139722 -0.340020 1.307973
v 0.203094 -0.287342 1.156870
v 0.239593 -0.355636 1.249324
v 0.177963 -0.438305 1.034951
v 0.008922 -0.420310 1.132019
v -0.385360 -0.355960 0.965110
v -0.432570 -0.131862 1.043335
v -0.269837 -0.320746 1.104486
v -0.437819 -0.009139 0.987045
v -0.430166 -0.128389 0.988581
v -0.381180 -0.112905 1.048028
v -0.378776 -0.109431 0.993274
v -0.266833 -0.305752 0.976193
v -0.388365 -0.370955 1.093402
v -0.233939 -0.451901 1.117223
v -0.226832 -0.206913 1.314853
v -0.038000 -0.428491 1.230407
v -0.255312 -0.045726 1.315638
v -0.251472 -0.188178 1.254084
v -0.168493 -0.173557 1.303235
v -0.193133 -0.154823 1.242465
v -0.096786 -0.374402 1.092492
v -0.175154 -0.505991 1.255139
v -0.443297 -0.134579 1.015897
v -0.327418 -0.327734 0.936081
v -0.331925 -0.350225 1.128520
v -0.236631 -0.300070 1.045607
v -0.441899 -0.040845 1.005747
v -0.326660 -0.209681 0.996749
v -0.360192 -0.489373 1.096439
v -0.408395 -0.123539 1.058258
v -0.440322 -0.040574 0.981927
v -0.419243 -0.033458 1.007792
v -0.417667 -0.033188 0.983972
v -0.366212 -0.106142 1.022937
v -0.329441 -0.218369 1.087133
v -0.413503 -0.251973 1.079367
v -0.410722 -0.243284 0.988984
v -0.357041 -0.467527 0.929098
v -0.206301 -0.421578 1.110963
v -0.404788 -0.118328 0.976127
v -0.414422 -0.375383 1.028982
v -0.203150 -0.399733 0.943622
v -0.252183 -0.205613 1.288292
v -0.183568 -0.400051 1.068355
v -0.095389 -0.481186 1.275228
v -0.029597 -0.381649 1.157290
v -0.251222 -0.088951 1.321429
v -0.140986 -0.267194 1.174372
v -0.168044 -0.565626 1.235659
v -0.193056 -0.195190 1.323318
v -0.260631 -0.082446 1.296531
v -0.227328 -0.076578 1.316256
v -0.236737 -0.070072 1.291358
v -0.164674 -0.155579 1.270863
v -0.098738 -0.302312 1.275107
v -0.196642 -0.359347 1.293546
v -0.238889 -0.324229 1.192810
v -0.233469 -0.503130 1.082896
v -0.014672 -0.480304 1.208425
v -0.230016 -0.167088 1.232163
v -0.235327 -0.497898 1.194388
v -0.080098 -0.417807 1.055663
v -0.286620 -0.461718 1.142421
v -0.444613 -0.066066 0.999481
v -0.422705 -0.057933 0.977690
v -0.425176 -0.059718 1.023198
v -0.394502 -0.494618 1.012252
v -0.401635 -0.051075 1.003384
v -0.305508 -0.205160 1.045723
v -0.373694 -0.237808 1.104005
v -0.369523 -0.224774 0.968429
v -0.431600 -0.255565 1.034075
v -0.281894 -0.428950 0.891409
v -0.163666 -0.392926 1.034039
v -0.078841 -0.538990 1.258034
v -0.258059 -0.118580 1.304492
v -0.245513 -0.098855 1.274225
v -0.226199 -0.112964 1.323365
v -0.235261 -0.555307 1.168284
v -0.210891 -0.092757 1.294730
v -0.092765 -0.270083 1.221667
v -0.139749 -0.340020 1.307973
v -0.203121 -0.287342 1.156870
v -0.239620 -0.355636 1.249324
v -0.176978 -0.445245 1.028890
v -0.005203 -0.427324 1.127434
v 0.313543 -0.565761 1.095731
v 0.310937 -0.547693 0.957332
v 0.186268 -0.509691 1.107743
v 0.183662 -0.491624 0.969344
v 0.252697 -0.542889 1.133760
v 0.341920 -0.570099 1.026104
v 0.248787 -0.515788 0.926162
v 0.151008 -0.485995 1.044123
v 0.457039 -0.563682 0.958795
v 1.265426 0.409619 0.226290
v 0.399511 -0.103724 0.758585
v 0.606381 0.598164 -0.032708
v 0.070989 0.546902 -0.916736
v 0.080425 0.044328 1.193455
v 0.063548 0.582731 -1.001954
v 0.175397 0.429244 0.757058
v 0.646961 0.442518 0.334022
v 0.366768 0.301035 0.707183
v 0.517583 -0.823398 0.387794
v 0.295005 -0.175539 -0.667293
v 0.276708 0.572513 0.567946
v 0.612418 -0.785607 -0.018044
v 0.517381 -0.552552 -0.436751
v 0.378237 0.118828 -0.609137
v 0.733658 -0.464628 0.175759
v 0.607438 -0.542311 0.603393
v 0.201022 -0.834288 0.575545
v 0.120409 -0.227380 1.200671
v 0.662694 -0.179812 -0.299609
v 0.181381 -0.682997 1.218244
v 0.115172 -0.307622 1.191442
v 0.658383 0.355035 -0.121147
v 0.070921 0.597135 -0.891034
v 0.512555 -0.232032 0.610645
v 0.690973 -0.130516 0.288883
v 0.489922 -0.397626 0.964662
v 0.123944 -0.290675 1.204288
v 0.488982 -0.147823 0.636199
v 0.653167 0.189100 0.490633
v 0.612303 0.305697 0.487566
v 0.466404 0.404237 0.561227
v 0.328919 0.169742 0.556380
v 0.321385 0.263160 0.534347
v 0.161585 0.060904 1.088439
v 0.177818 0.038436 1.079503
v 0.154411 0.037604 1.091434
v 0.240834 -0.258546 0.635141
v 0.236757 -0.399345 1.004891
v 0.492187 -0.256542 0.623780
v 0.563199 -0.288405 0.659762
v 0.273025 -0.289420 0.656132
v 0.212828 -0.486894 1.283230
v 0.198187 -0.586313 1.277381
v 0.435844 -0.466100 1.117702
v 0.211234 -0.469147 1.231649
v 0.310992 -0.283332 1.017617
v 0.300453 -0.302387 1.015231
v 0.203874 -0.740092 0.988773
v 0.261313 -0.000488 1.036613
v 0.096607 -0.033529 1.190219
v 0.395855 0.278876 -0.572076
v 0.364526 0.798898 0.011422
v 0.389257 0.713440 0.331461
v 0.357020 0.665173 -0.286280
v 0.067215 1.304665 -0.018275
v 0.130573 0.116978 1.107417
v 0.020173 0.921866 -1.261093
v 0.038848 1.755977 -0.375086
v 0.024534 0.738641 -1.168832
v 0.024565 0.709875 -1.179708
v 0.031995 1.278986 0.149260
v 0.067555 0.859316 0.414174
v 0.139320 0.898645 0.244595
v 0.128689 0.742982 -0.337573
v 0.111563 0.003788 -0.747310
v 0.141642 0.390330 -0.620753
v 0.405991 -0.570409 1.128626
v 0.141819 0.336357 -0.650729
v 0.131037 0.905456 -0.069574
v 0.013682 1.895779 -0.555242
v 0.016386 1.773708 -0.306410
v 0.016616 1.750524 -0.445028
v 0.040520 0.828447 -1.293481
v 0.020378 0.820385 -1.313631
v 0.016176 0.906847 -1.463561
v 0.389438 0.488760 -0.440715
v 0.327115 0.130009 0.558354
v 0.643248 0.124874 0.497140
v 0.703969 0.255532 0.322060
v 0.371072 0.184210 0.776940
v 0.693754 0.164166 0.344438
v 0.108508 -0.130359 1.195445
v 0.253288 0.076483 1.040947
v 0.724873 -0.063311 0.148360
v 1.025276 0.354372 0.163369
v 0.684149 0.059049 -0.116674
v 1.023696 0.431525 0.200670
v 1.027505 -0.095175 0.207273
v 1.031356 -0.171254 0.170479
v 1.024669 0.308011 0.227908
v 1.026087 0.106563 0.217590
v 1.032653 -0.046618 0.143749
v 1.028965 0.153984 0.153559
v 0.680069 -0.067664 0.329071
v 0.686911 0.048753 0.336755
v 0.594048 -0.074553 0.515055
v 0.628135 0.026577 0.507053
v 0.321617 0.008373 0.564372
v 0.324366 0.069300 0.561363
v 0.395338 0.330594 -0.543491
v 0.392393 0.409619 -0.492103
v 0.016213 0.888640 -1.464788
v 0.016195 0.897743 -1.464175
v 0.040395 0.890604 -1.262160
v 0.040457 0.859525 -1.277820
v 0.139631 0.553456 -0.513241
v 0.140640 0.472014 -0.566997
v 0.305216 -0.213623 1.020470
v 0.283264 -0.106976 1.028541
v 0.070255 0.734789 -0.807302
v 0.070599 0.666124 -0.849168
v 0.666497 0.161463 -0.178959
v 0.662440 0.258409 -0.150053
v 0.060412 0.748178 0.536706
v 0.376400 0.116031 0.772658
v 0.384516 0.011957 0.766135
v 1.263539 -0.113787 0.164230
v 1.270458 0.217391 0.197132
v 1.383255 0.500208 0.197390
v 1.269878 0.346975 0.192026
v 1.256730 0.526616 0.200611
v 1.261182 0.464006 0.166347
v 1.397563 0.139403 0.199017
v 1.270306 0.120197 0.222418
v 1.273002 0.157360 0.162417
v 1.272850 0.060161 0.187702
v 1.375384 -0.168010 0.195936
v 1.262643 -0.210320 0.182687
v 1.259984 -0.151367 0.208093
v 1.260880 -0.054784 0.189636
v 0.829621 0.128544 0.147790
v 0.833903 -0.026682 0.136402
v 0.826281 0.091612 0.222123
v 0.824634 0.247390 0.234100
v 0.832397 -0.122905 0.167432
v 0.827927 -0.064444 0.210146
v 0.823505 0.342347 0.202481
v 0.825339 0.283126 0.159179
v 0.148029 0.045442 1.047932
v 0.066917 0.387789 -0.973158
v 0.060874 0.126262 -1.038926
v 0.024561 0.530874 -1.209036
v 0.024644 0.195182 -1.286602
v 0.063232 1.302293 -0.381973
v 0.064986 1.017411 -0.696632
v 0.023092 1.187247 -0.941049
v 0.020274 1.564206 -0.531839
v 0.028377 -0.032041 -1.077033
v 0.046490 -0.110892 -0.774268
v 0.114224 -0.322009 -0.691280
v 0.218655 -0.825417 -0.074234
v 0.202712 -0.863354 0.238471
v 0.190112 -0.663220 -0.456162
v 0.147556 -0.300528 1.039992
v 0.135924 0.220746 -0.687089
v 0.071016 0.567326 -0.907926
v 0.511962 0.635475 -0.213005
v 0.349081 -0.029000 -0.640761
v 0.622287 -0.405689 -0.392760
v 0.596125 -0.739037 0.528503
v 0.069631 0.820465 -0.774715
v 0.369103 -0.689807 0.963445
v 0.554663 0.598459 0.333006
v 0.648613 0.538658 0.175879
v 0.626494 0.350741 0.438868
v 0.689596 0.307967 0.329320
v 0.310938 0.342019 0.725554
v 0.649190 0.462540 -0.057758
v 1.143433 0.404882 0.164934
v 0.067571 1.339089 -0.150845
v 0.417212 0.464580 0.558131
v 0.730281 -0.694239 0.058502
v 0.519582 0.733892 0.002833
v 0.369362 0.221529 0.760011
v 0.077287 0.801322 0.464634
v 0.389481 0.788759 0.183944
v 0.216531 -0.285571 -0.685283
v 0.366985 -0.634645 -0.451309
v 0.382786 -0.848440 0.263653
v 0.426424 -0.808447 -0.060186
v 0.380673 -0.828163 0.520296
v 0.599061 -0.811311 0.200770
v 0.424620 -0.349355 -0.586386
v 0.578307 -0.715252 -0.240074
v 0.427286 -0.252233 0.742830
v 0.611529 -0.194330 0.452146
v 0.696053 -0.226516 0.272847
v 0.504932 -0.248788 0.615716
v 0.672136 0.009357 -0.195010
v 0.099738 0.405541 -0.734694
v 0.157985 0.076876 1.107814
v 0.232678 -0.291051 1.129324
v 0.585227 -0.350666 0.638475
v 0.489906 -0.439934 0.963106
v 1.024071 0.389196 0.223678
v 0.570546 0.211858 -0.436361
v 0.374995 -0.477753 1.173502
v 0.219078 -0.308689 1.121378
v 0.396569 -0.156281 0.783672
v 0.634797 -0.097620 0.437101
v 0.226816 -0.226327 1.125169
v 0.834597 -0.089390 0.141312
v 0.396202 0.297948 -0.563484
v 0.509193 -0.200242 0.615246
v 1.023959 0.423701 0.175147
v 0.312148 -0.257519 1.017738
v 0.515354 -0.558536 0.801321
v 0.693477 -0.511608 0.387407
v 0.530186 -0.342757 0.826334
v 0.414234 -0.274893 0.747632
v 0.724543 -0.367917 -0.047822
v 0.547456 0.007577 -0.509936
v 0.349231 -0.577310 1.182107
v 0.576246 0.287868 0.497146
v 0.363863 0.284258 0.687358
v 0.449486 0.374258 0.561141
v 0.381377 -0.049442 0.735248
v 0.543540 -0.032693 0.552338
v 0.449993 -0.092892 0.645613
v 0.390159 0.377075 0.635306
v 0.427347 -0.146627 0.725845
v 0.554517 -0.118957 0.546863
v 0.644132 0.225896 0.489092
v 0.554215 0.380896 0.505222
v 0.392447 0.270648 0.485296
v 0.292976 0.260684 0.600257
v 0.334976 0.328348 0.525424
v 0.327250 0.197861 0.550636
v 0.293189 -0.001981 0.628211
v 0.388866 0.008600 0.525056
v 0.338100 -0.022399 0.577931
v 0.202953 0.046940 1.083330
v 0.139134 0.038127 1.131959
v 0.177346 0.055700 1.080240
v 0.421696 -0.258788 0.631401
v 0.479687 -0.289649 0.666050
v 0.418426 -0.397298 0.974808
v 0.560140 -0.253078 0.560420
v 0.328224 -0.648719 1.150991
v 0.435069 -0.494154 1.125935
v 0.373003 -0.464936 1.140687
v 0.069087 0.547989 -0.940426
v 0.454458 -0.442556 1.065025
v 0.423562 -0.565825 1.069877
v 0.259559 -0.303077 1.019637
v 0.224084 0.098487 1.057714
v 0.305758 -0.296483 1.017612
v 0.127052 0.115249 -0.718775
v 0.212289 -0.791374 0.789350
v 0.390977 0.232764 -0.582786
v 0.379639 0.578070 -0.372795
v 0.354703 0.623886 0.458089
v 0.201516 0.520449 0.665959
v 0.343890 0.754452 -0.155516
v 0.172044 0.329720 0.844441
v 0.190891 -0.861911 0.380778
v 0.183463 -0.657839 1.251648
v 0.212369 -0.514097 1.289792
v 0.120543 -0.302470 1.201578
v 0.124268 -0.267294 1.202882
v 0.124224 0.829506 -0.202577
v 0.119260 0.850108 0.378071
v 0.209228 -0.480148 1.262310
v 0.120090 -0.306753 1.146655
v 0.204176 -0.275473 0.753887
v 0.272754 -0.255367 0.572117
v 0.256181 -0.343344 0.822089
v 0.220019 -0.445103 1.157193
v 0.189123 -0.698214 1.142256
v 0.140186 0.300811 -0.661368
v 0.229724 0.305526 -0.613604
v 0.175201 -0.050933 -0.710569
v 0.211580 0.840507 -0.011271
v 0.225781 0.806342 0.308839
v 0.207346 0.697415 -0.308985
v 0.219639 0.181223 -0.650444
v 0.087847 0.077206 1.174869
v 0.024551 0.722418 -1.174883
v 0.023167 0.930384 -1.102260
v 0.021599 1.581936 -0.077287
v 0.018770 1.646171 -0.350671
v 0.023484 0.768111 -1.201699
v 0.024563 0.696840 -1.180922
v 0.048272 0.683548 -1.095301
v 0.048209 1.574053 -0.196385
v 0.046422 0.671203 -1.124710
v 0.141935 0.356391 -0.641686
v 0.136313 0.666971 -0.441167
v 0.139343 0.939116 0.074972
v 0.068732 0.532713 -0.946436
v 0.085881 -0.082244 -0.767529
v 0.058074 1.274087 0.108712
v 0.047575 0.994680 0.328118
v 0.097442 1.046580 0.136350
v 0.095815 0.786737 -0.362488
v 0.084462 0.022332 -0.775649
v 0.100678 0.241776 -0.717074
v 0.097093 0.965757 -0.131885
v 0.014323 1.872321 -0.483824
v 0.014458 1.852405 -0.536899
v 0.030175 1.860030 -0.509623
v 0.033344 1.747800 -0.424854
v 0.033160 1.767224 -0.325634
v 0.017165 0.915794 -1.412594
v 0.017260 0.869300 -1.427152
v 0.035304 0.916147 -1.252960
v 0.035500 0.818662 -1.302433
v 0.557629 0.443466 -0.343091
v 1.144735 -0.124379 0.206916
v 0.351398 0.176078 0.816077
v 0.676093 0.205583 0.434130
v 0.367888 0.182104 0.747725
v 0.611236 0.188113 0.501516
v 0.283088 0.171180 0.644474
v 0.420687 0.172685 0.487842
v 0.226000 0.516635 -0.476579
v 0.051919 0.843673 -1.049516
v 0.098384 0.619508 -0.605287
v 0.030297 0.902649 -1.411439
v 0.040369 0.903473 -1.255675
v 0.016169 0.910616 -1.463307
v 0.139210 0.590922 -0.491483
v 0.388207 0.521472 -0.419437
v 0.070101 0.767189 -0.790467
v 1.141185 0.485002 0.200301
v 1.148167 -0.202714 0.174127
v 0.089586 0.010090 1.189722
v 0.748031 -0.059100 0.170062
v 0.730598 0.266268 0.241254
v 0.740335 0.295909 0.199560
v 0.724543 0.276189 0.092427
v 0.731561 -0.025744 0.236430
v 0.671925 0.111541 -0.170614
v 0.681085 -0.112695 0.317103
v 0.660839 0.389621 -0.092352
v 1.028822 -0.164493 0.195495
v 1.149323 -0.074466 0.150306
v 1.149039 0.160817 0.156902
v 0.362134 0.094772 0.808134
v 0.378492 -0.029226 0.796031
v 0.665593 0.127596 0.441714
v 0.652567 0.015700 0.439647
v 0.186086 -0.028983 1.114769
v 0.206451 -0.127837 1.119969
v 0.368672 0.129278 0.745023
v 0.369866 0.048688 0.740905
v 0.601542 0.134620 0.514782
v 0.586771 0.052795 0.534994
v 0.285159 0.129255 0.640519
v 0.288314 0.065202 0.634493
v 0.413997 0.132447 0.497155
v 0.403803 0.070930 0.511344
v 0.565596 0.276225 -0.431431
v 0.561613 0.359903 -0.387261
v 1.144058 0.352536 0.226292
v 1.146297 0.111918 0.217911
v 0.229419 0.357880 -0.583734
v 0.227714 0.437328 -0.530156
v 0.052227 0.740865 -1.109082
v 0.052078 0.792277 -1.079299
v 0.099626 0.459602 -0.706027
v 0.099012 0.539715 -0.655657
v 0.030356 0.873368 -1.420094
v 0.030326 0.888009 -1.415766
v 0.731856 0.052598 0.063920
v 0.728199 0.164667 0.078174
v 0.732951 0.208480 0.255052
v 0.732256 0.091561 0.245741
v 0.129574 0.682228 0.568271
v 1.206904 0.011608 0.184885
v 1.207359 0.269012 0.192555
v 1.350472 0.504765 0.174777
v 1.345648 0.537853 0.200130
v 1.356062 0.463950 0.219467
v 1.360886 0.430863 0.194114
v 1.269630 0.348913 0.215530
v 1.260161 0.483901 0.222064
v 1.266839 0.389958 0.170668
v 1.256586 0.524432 0.177012
v 1.367097 0.148576 0.174867
v 1.365074 0.129916 0.219868
v 1.366983 0.099789 0.193831
v 1.365188 0.178703 0.200904
v 1.270012 0.183879 0.218513
v 1.271502 0.211572 0.173394
v 1.271274 0.065777 0.211322
v 1.273829 0.093855 0.166440
v 1.345963 -0.168434 0.206025
v 1.347482 -0.197563 0.191507
v 1.347995 -0.149864 0.180959
v 1.346475 -0.120738 0.195478
v 1.262238 -0.060240 0.172274
v 1.263952 -0.176693 0.167150
v 1.260893 -0.205079 0.199960
v 1.259963 -0.088223 0.205259
v 0.823940 0.309851 0.229190
v 1.033251 -0.127857 0.147979
v 0.823810 0.336374 0.172851
v 0.829456 -0.117753 0.196473
v 0.920064 0.141634 0.150988
v 0.924017 -0.030582 0.140475
v 0.916980 0.100863 0.219610
v 0.915460 0.273768 0.230667
v 0.922627 -0.137468 0.169121
v 0.918500 -0.072310 0.208553
v 0.914417 0.379511 0.201477
v 0.916111 0.313471 0.161502
v 0.148088 0.054676 1.095153
v 0.168379 0.026572 1.083982
v 0.050388 0.008192 -1.064133
v 0.024599 0.382762 -1.248765
v 0.025627 0.035017 -1.252655
v 0.047199 0.493211 -1.141011
v 0.045744 0.179792 -1.216981
v 0.064754 0.270086 -1.006804
v 0.021717 1.409593 -0.770374
v 0.043117 1.491826 -0.491118
v 0.045623 1.139613 -0.875442
v 0.062811 1.182545 -0.553415
v 0.036126 -0.093889 -0.802039
v 0.070218 -0.171300 -0.736935
v 0.160296 -0.504983 -0.607592
v 0.208092 -0.772469 -0.268030
v 0.218097 -0.846607 0.102256
v 0.695927 -0.603449 -0.178034
v 0.507343 -0.181632 -0.556671
v 0.429992 -0.749883 0.760651
v 0.534207 0.469344 0.462434
v 0.692436 0.383715 0.169007
v 0.321540 0.230439 0.805623
v 0.555322 0.702923 0.183544
v 0.545469 0.537294 -0.279177
v 0.463761 0.714997 -0.128354
v 0.704098 -0.726330 0.299723
v 0.338122 0.427369 0.643242
v 0.664158 0.249056 0.437958
v 0.404692 -0.755615 -0.261041
v 0.306524 -0.466087 -0.602291
v 0.321787 -0.848106 0.384123
v 0.422386 -0.830691 0.123847
v 0.714158 -0.137650 0.077946
v 0.421036 -0.268118 0.745167
v 0.562632 0.158766 -0.463919
v 0.614501 -0.260110 0.472710
v 0.295346 -0.632786 1.190526
v 0.227118 -0.303346 1.128115
v 0.195237 0.067681 1.088171
v 0.535988 -0.396574 0.815947
v 0.374228 -0.504794 1.182312
v 0.567835 0.239225 -0.443706
v 1.145909 -0.195746 0.196420
v 0.421312 -0.215598 0.750521
v 0.609913 -0.163332 0.463565
v 0.233372 -0.266985 1.127508
v 0.603643 0.219440 0.498844
v 0.525906 0.352871 0.512540
v 0.383350 0.351483 0.625298
v 0.366789 0.213946 0.732955
v 0.403987 -0.089200 0.711041
v 0.502231 -0.070314 0.579276
v 0.414423 0.202010 0.486096
v 0.388469 0.317775 0.498162
v 0.316579 0.310598 0.573397
v 0.285313 0.198571 0.633891
v 0.319816 -0.026118 0.625437
v 0.385847 -0.016631 0.549028
v 0.177766 0.014234 1.109042
v 0.135423 0.061404 1.130587
v 0.477388 -0.255185 0.571220
v 0.358180 -0.276187 0.750461
v 0.329889 -0.474356 1.185935
v 0.203525 -0.307041 1.100446
v 0.452174 -0.343011 0.829406
v 0.342295 -0.658904 1.086820
v 0.453944 -0.474965 1.069815
v 0.388638 -0.441641 1.084489
v 0.203732 0.067324 -0.682355
v 0.226930 0.268191 -0.624354
v 0.220357 0.611778 -0.404747
v 0.180168 0.755140 0.451058
v 0.199764 0.787567 -0.172028
v 0.225895 0.849132 0.155084
v 0.131518 -0.141204 -0.730343
v 0.229920 0.324879 -0.604596
v 0.047807 0.671765 -1.105711
v 0.046787 0.904033 -1.030450
v 0.041412 1.575011 -0.109162
v 0.042968 1.584988 -0.294895
v 0.047287 0.728227 -1.131805
v 0.047715 0.649181 -1.111894
v 0.099806 0.426051 -0.725786
v 0.094084 0.739865 -0.527848
v 0.095005 1.091580 -0.052993
v 0.093158 0.375721 -0.737681
v 0.094773 0.135319 -0.747810
v 0.066114 -0.064855 -0.795442
v 0.092803 0.867552 -0.233804
v 0.083988 0.990273 0.285339
v 0.026863 1.841427 -0.448843
v 0.026974 1.826519 -0.501128
v 0.028254 0.914568 -1.368942
v 0.028373 0.856428 -1.391869
v 0.557011 0.476858 -0.320594
v 1.149856 -0.158051 0.154076
v 0.225288 0.550365 -0.454519
v 0.051847 0.865957 -1.037309
v 0.098117 0.658404 -0.585181
v 0.030284 0.908711 -1.409647
v 0.734255 -0.015004 0.096527
v 0.731965 -0.068833 0.213715
v 0.724370 0.310308 0.132254
v 1.142312 0.438943 0.222196
v 1.141338 0.477919 0.176062
v 1.162097 0.040559 0.156625
v 1.159694 0.282419 0.164451
v 1.158648 0.236011 0.218404
v 1.158816 -0.005331 0.208886
v 1.333164 0.443466 0.178052
v 1.323296 0.530819 0.182592
v 1.326897 0.500708 0.215817
v 1.336418 0.413127 0.211193
v 1.343135 0.112443 0.176824
v 1.341570 0.182357 0.182010
v 1.340308 0.165895 0.215397
v 1.341401 0.095801 0.210105
v 1.323706 -0.126164 0.203709
v 1.324372 -0.194956 0.200361
v 1.326239 -0.178262 0.179512
v 1.325225 -0.109650 0.182783
v 0.914820 0.343284 0.226134
v 0.924658 -0.100270 0.145008
v 0.914699 0.372824 0.174124
v 0.919912 -0.131692 0.195931
v 0.041463 0.066982 -1.192502
v 0.046683 0.355714 -1.179756
v 0.044075 1.346606 -0.711778
v -0.457039 -0.563683 0.958795
v -1.265426 0.409619 0.226290
v -0.399511 -0.103730 0.758585
v -0.606335 0.598080 -0.032708
v -0.070025 0.546724 -0.916736
v -0.080425 0.044317 1.193455
v -0.062589 0.582556 -1.001954
v -0.175397 0.429241 0.757058
v -0.646961 0.442517 0.334022
v -0.366768 0.301030 0.707183
v -0.517583 -0.823398 0.387794
v -0.295005 -0.175539 -0.667293
v -0.276674 0.572485 0.567946
v -0.612418 -0.785607 -0.018044
v -0.517381 -0.552552 -0.436751
v -0.378108 0.118768 -0.609137
v -0.733658 -0.464628 0.175759
v -0.607438 -0.542312 0.603393
v -0.201022 -0.834288 0.575545
v -0.120409 -0.227387 1.200671
v -0.662694 -0.179813 -0.299609
v -0.181381 -0.682997 1.218244
v -0.115172 -0.307627 1.191442
v -0.658383 0.355035 -0.121147
v -0.069993 0.596938 -0.891034
v -0.512555 -0.232034 0.610645
v -0.690973 -0.130517 0.288883
v -0.489922 -0.397626 0.964662
v -0.123944 -0.290680 1.204288
v -0.488982 -0.147826 0.636199
v -0.653167 0.189099 0.490633
v -0.612303 0.305695 0.487566
v -0.466404 0.404235 0.561227
v -0.328919 0.169738 0.556380
v -0.321385 0.263157 0.534347
v -0.161585 0.060868 1.088439
v -0.177818 0.038394 1.079503
v -0.154411 0.037563 1.091434
v -0.240834 -0.258547 0.635141
v -0.236757 -0.399345 1.004891
v -0.492187 -0.256544 0.623780
v -0.563199 -0.288407 0.659762
v -0.273025 -0.289421 0.656132
v -0.212828 -0.486894 1.283230
v -0.198187 -0.586313 1.277381
v -0.435844 -0.466101 1.117702
v -0.211234 -0.469147 1.231649
v -0.310992 -0.283340 1.017617
v -0.300453 -0.302395 1.015231
v -0.203874 -0.740092 0.988773
v -0.261313 -0.000507 1.036613
v -0.096607 -0.033544 1.190219
v -0.395607 0.278724 -0.572076
v -0.364393 0.798526 0.011422
v -0.389146 0.713238 0.331461
v -0.356761 0.664823 -0.286280
v -0.072559 1.303669 -0.018275
v -0.130573 0.116960 1.107417
v -0.020143 0.921783 -1.261093
v -0.050305 1.755359 -0.375086
v -0.023837 0.738553 -1.168832
v -0.023806 0.709791 -1.179708
v -0.036680 1.278525 0.149260
v -0.067440 0.859204 0.414174
v -0.139255 0.898350 0.244595
v -0.128229 0.742665 -0.337573
v -0.110972 0.003717 -0.747310
v -0.140955 0.390149 -0.620753
v -0.405991 -0.570409 1.128626
v -0.141134 0.336193 -0.650729
v -0.130954 0.904998 -0.069574
v -0.027101 1.895496 -0.555242
v -0.028191 1.773396 -0.306410
v -0.027960 1.750216 -0.445028
v -0.040113 0.828284 -1.293481
v -0.019938 0.820303 -1.313631
v -0.016085 0.906781 -1.463561
v -0.389116 0.488475 -0.440715
v -0.327115 0.130006 0.558354
v -0.643248 0.124873 0.497140
v -0.703969 0.255532 0.322060
v -0.371072 0.184203 0.776940
v -0.693754 0.164165 0.344438
v -0.108508 -0.130371 1.195445
v -0.253288 0.076462 1.040947
v -0.724873 -0.063312 0.148360
v -1.025276 0.354372 0.163369
v -0.684149 0.059049 -0.116674
v -1.023696 0.431524 0.200670
v -1.027505 -0.095176 0.207273
v -1.031356 -0.171255 0.170479
v -1.024669 0.308011 0.227908
v -1.026087 0.106562 0.217590
v -1.032653 -0.046618 0.143749
v -1.028965 0.153984 0.153559
v -0.680069 -0.067665 0.329071
v -0.686911 0.048752 0.336755
v -0.594048 -0.074555 0.515055
v -0.628135 0.026575 0.507053
v -0.321617 0.008369 0.564372
v -0.324366 0.069296 0.561363
v -0.395061 0.330410 -0.543491
v -0.392083 0.409385 -0.492103
v -0.016048 0.888574 -1.464788
v -0.016066 0.897678 -1.464175
v -0.040237 0.890439 -1.262160
v -0.040175 0.859362 -1.277820
v -0.138996 0.553221 -0.513241
v -0.139972 0.471809 -0.566997
v -0.305216 -0.213633 1.020470
v -0.283264 -0.106991 1.028541
v -0.069536 0.734531 -0.807302
v -0.069754 0.665898 -0.849168
v -0.666497 0.161463 -0.178959
v -0.662440 0.258409 -0.150053
v -0.060261 0.748127 0.536706
v -0.376400 0.116023 0.772658
v -0.384516 0.011950 0.766135
v -1.263539 -0.113788 0.164230
v -1.270458 0.217390 0.197132
v -1.383255 0.500208 0.197390
v -1.269878 0.346974 0.192026
v -1.256730 0.526616 0.200611
v -1.261182 0.464005 0.166347
v -1.397563 0.139403 0.199017
v -1.270306 0.120196 0.222418
v -1.273002 0.157359 0.162417
v -1.272850 0.060161 0.187702
v -1.375384 -0.168011 0.195936
v -1.262643 -0.210320 0.182687
v -1.259984 -0.151368 0.208093
v -1.260880 -0.054784 0.189636
v -0.829621 0.128544 0.147790
v -0.833903 -0.026683 0.136402
v -0.826281 0.091612 0.222123
v -0.824634 0.247390 0.234100
v -0.832397 -0.122905 0.167432
v -0.827927 -0.064445 0.210146
v -0.823505 0.342346 0.202481
v -0.825339 0.283126 0.159179
v -0.148029 0.045402 1.047932
v -0.065886 0.387662 -0.973158
v -0.059789 0.126180 -1.038926
v -0.023568 0.530814 -1.209036
v -0.023486 0.195144 -1.286602
v -0.067646 1.301518 -0.381973
v -0.065598 1.016957 -0.696632
v -0.024927 1.187076 -0.941049
v -0.027948 1.563914 -0.531839
v -0.027199 -0.032076 -1.077033
v -0.046020 -0.110913 -0.774268
v -0.114224 -0.322009 -0.691280
v -0.218655 -0.825417 -0.074234
v -0.202712 -0.863354 0.238471
v -0.190112 -0.663220 -0.456162
v -0.147556 -0.300533 1.039992
v -0.135260 0.220618 -0.687089
v -0.070063 0.567140 -0.907926
v -0.511811 0.635212 -0.213005
v -0.349070 -0.029004 -0.640761
v -0.622287 -0.405689 -0.392760
v -0.596125 -0.739037 0.528503
v -0.069146 0.820156 -0.774715
v -0.369103 -0.689807 0.963445
v -0.554652 0.598440 0.333006
v -0.648613 0.538657 0.175879
v -0.626494 0.350740 0.438868
v -0.689596 0.307966 0.329320
v -0.310938 0.342015 0.725554
v -0.649190 0.462540 -0.057758
v -1.143433 0.404881 0.164934
v -0.073406 1.338084 -0.150845
v -0.417212 0.464579 0.558131
v -0.730281 -0.694239 0.058502
v -0.519475 0.733606 0.002833
v -0.369362 0.221523 0.760011
v -0.077135 0.801230 0.464634
v -0.389359 0.788423 0.183944
v -0.216531 -0.285571 -0.685283
v -0.366985 -0.634645 -0.451309
v -0.382786 -0.848440 0.263653
v -0.426424 -0.808447 -0.060186
v -0.380673 -0.828163 0.520296
v -0.599061 -0.811311 0.200770
v -0.424620 -0.349355 -0.586386
v -0.578307 -0.715252 -0.240074
v -0.427286 -0.252237 0.742830
v -0.611529 -0.194331 0.452146
v -0.696053 -0.226516 0.272847
v -0.504932 -0.248790 0.615716
v -0.672136 0.009357 -0.195010
v -0.098897 0.405381 -0.734694
v -0.157985 0.076847 1.107814
v -0.232678 -0.291060 1.129324
v -0.585227 -0.350667 0.638475
v -0.489906 -0.439934 0.963106
v -1.024071 0.389195 0.223678
v -0.570546 0.211858 -0.436361
v -0.374995 -0.477753 1.173502
v -0.219078 -0.308697 1.121378
v -0.396569 -0.156287 0.783672
v -0.634797 -0.097621 0.437101
v -0.226816 -0.226340 1.125169
v -0.834597 -0.089391 0.141312
v -0.395943 0.297785 -0.563484
v -0.509193 -0.200244 0.615246
v -1.023959 0.423701 0.175147
v -0.312148 -0.257528 1.017738
v -0.515354 -0.558537 0.801321
v -0.693477 -0.511608 0.387407
v -0.530186 -0.342758 0.826334
v -0.414234 -0.274897 0.747632
v -0.724543 -0.367917 -0.047822
v -0.547456 0.007577 -0.509936
v -0.349231 -0.577310 1.182107
v -0.576246 0.287867 0.497146
v -0.363863 0.284253 0.687358
v -0.449486 0.374256 0.561141
v -0.381377 -0.049447 0.735248
v -0.543540 -0.032695 0.552338
v -0.449993 -0.092896 0.645613
v -0.390159 0.377072 0.635306
v -0.427347 -0.146632 0.725845
v -0.554517 -0.118959 0.546863
v -0.644132 0.225894 0.489092
v -0.554215 0.380895 0.505222
v -0.392447 0.270646 0.485296
v -0.292976 0.260680 0.600257
v -0.334976 0.328345 0.525424
v -0.327250 0.197858 0.550636
v -0.293189 -0.001985 0.628211
v -0.388866 0.008597 0.525056
v -0.338100 -0.022402 0.577931
v -0.202953 0.046897 1.083330
v -0.139134 0.038092 1.131959
v -0.177346 0.055662 1.080240
v -0.421696 -0.258790 0.631401
v -0.479687 -0.289650 0.666050
v -0.418426 -0.397299 0.974808
v -0.560140 -0.253080 0.560420
v -0.328224 -0.648719 1.150991
v -0.435069 -0.494154 1.125935
v -0.373003 -0.464936 1.140687
v -0.068118 0.547814 -0.940426
v -0.454458 -0.442557 1.065025
v -0.423562 -0.565825 1.069877
v -0.259559 -0.303084 1.019637
v -0.224084 0.098466 1.057714
v -0.305758 -0.296491 1.017612
v -0.126403 0.115148 -0.718775
v -0.212289 -0.791374 0.789350
v -0.390756 0.232639 -0.582786
v -0.379343 0.577750 -0.372795
v -0.354636 0.623806 0.458089
v -0.201516 0.520448 0.665959
v -0.343695 0.754068 -0.155516
v -0.172044 0.329716 0.844441
v -0.190891 -0.861911 0.380778
v -0.183463 -0.657839 1.251648
v -0.212369 -0.514097 1.289792
v -0.120543 -0.302475 1.201578
v -0.124268 -0.267300 1.202882
v -0.123914 0.829120 -0.202577
v -0.119128 0.849910 0.378071
v -0.209228 -0.480148 1.262310
v -0.120090 -0.306757 1.146655
v -0.204176 -0.275475 0.753887
v -0.272754 -0.255369 0.572117
v -0.256181 -0.343344 0.822089
v -0.220019 -0.445103 1.157193
v -0.189123 -0.698214 1.142256
v -0.139506 0.300659 -0.661368
v -0.229189 0.305328 -0.613604
v -0.174898 -0.050987 -0.710569
v -0.211419 0.840125 -0.011271
v -0.225633 0.806070 0.308839
v -0.206959 0.697070 -0.308985
v -0.219108 0.181067 -0.650444
v -0.087847 0.077193 1.174869
v -0.023820 0.722333 -1.174883
v -0.023172 0.930280 -1.102260
v -0.030899 1.581563 -0.077287
v -0.028633 1.645845 -0.350671
v -0.022873 0.768023 -1.201699
v -0.023778 0.696758 -1.180922
v -0.047445 0.683387 -1.095301
v -0.057393 1.573300 -0.196385
v -0.045576 0.671052 -1.124710
v -0.141247 0.356220 -0.641686
v -0.135755 0.666681 -0.441167
v -0.139379 0.938600 0.074972
v -0.067752 0.532544 -0.946436
v -0.085390 -0.082286 -0.767529
v -0.062713 1.273274 0.108712
v -0.047833 0.994493 0.328118
v -0.098550 1.045652 0.136350
v -0.095366 0.786436 -0.362488
v -0.083771 0.022268 -0.775649
v -0.099934 0.241667 -0.717074
v -0.097467 0.964750 -0.131885
v -0.027409 1.872031 -0.483824
v -0.027273 1.852115 -0.536899
v -0.043093 1.859522 -0.509623
v -0.044665 1.747261 -0.424854
v -0.044849 1.766680 -0.325634
v -0.017110 0.915725 -1.412594
v -0.017015 0.869230 -1.427152
v -0.035250 0.916002 -1.252960
v -0.035053 0.818519 -1.302433
v -0.557549 0.443374 -0.343091
v -1.144735 -0.124379 0.206916
v -0.351398 0.176070 0.816077
v -0.676093 0.205582 0.434130
v -0.367888 0.182098 0.747725
v -0.611236 0.188111 0.501516
v -0.283088 0.171176 0.644474
v -0.420687 0.172683 0.487842
v -0.225501 0.516362 -0.476579
v -0.051558 0.843455 -1.049516
v -0.097642 0.619273 -0.605287
v -0.030188 0.902526 -1.411439
v -0.040263 0.903308 -1.255675
v -0.016093 0.910551 -1.463307
v -0.138594 0.590669 -0.491483
v -0.387894 0.521173 -0.419437
v -0.069458 0.766912 -0.790467
v -1.141185 0.485002 0.200301
v -1.148167 -0.202714 0.174127
v -0.089586 0.010074 1.189722
v -0.748031 -0.059100 0.170062
v -0.730598 0.266267 0.241254
v -0.740335 0.295908 0.199560
v -0.724543 0.276189 0.092427
v -0.731561 -0.025745 0.236430
v -0.671925 0.111541 -0.170614
v -0.681085 -0.112695 0.317103
v -0.660839 0.389620 -0.092352
v -1.028822 -0.164494 0.195495
v -1.149323 -0.074466 0.150306
v -1.149039 0.160816 0.156902
v -0.362134 0.094764 0.808134
v -0.378492 -0.029234 0.796031
v -0.665593 0.127595 0.441714
v -0.652567 0.015699 0.439647
v -0.186086 -0.029025 1.114769
v -0.206451 -0.127858 1.119969
v -0.368672 0.129271 0.745023
v -0.369866 0.048681 0.740905
v -0.601542 0.134618 0.514782
v -0.586771 0.052793 0.534994
v -0.285159 0.129250 0.640519
v -0.288314 0.065198 0.634493
v -0.413997 0.132445 0.497155
v -0.403803 0.070927 0.511344
v -0.565596 0.276225 -0.431431
v -0.561572 0.359863 -0.387261
v -1.144058 0.352535 0.226292
v -1.146297 0.111918 0.217911
v -0.228883 0.357664 -0.583734
v -0.227188 0.437085 -0.530156
v -0.051531 0.740673 -1.109082
v -0.051539 0.792073 -1.079299
v -0.098794 0.459426 -0.706027
v -0.098211 0.539512 -0.655657
v -0.030128 0.873245 -1.420094
v -0.030158 0.887885 -1.415766
v -0.731856 0.052598 0.063920
v -0.728199 0.164666 0.078174
v -0.732951 0.208480 0.255052
v -0.732256 0.091560 0.245741
v -0.129445 0.682159 0.568271
v -1.206904 0.011607 0.184885
v -1.207359 0.269011 0.192555
v -1.350472 0.504764 0.174777
v -1.345648 0.537853 0.200130
v -1.356062 0.463950 0.219467
v -1.360886 0.430863 0.194114
v -1.269630 0.348913 0.215530
v -1.260161 0.483900 0.222064
v -1.266839 0.389958 0.170668
v -1.256586 0.524431 0.177012
v -1.367097 0.148575 0.174867
v -1.365074 0.129916 0.219868
v -1.366983 0.099788 0.193831
v -1.365188 0.178702 0.200904
v -1.270012 0.183878 0.218513
v -1.271502 0.211572 0.173394
v -1.271274 0.065777 0.211322
v -1.273829 0.093855 0.166440
v -1.345963 -0.168435 0.206025
v -1.347482 -0.197563 0.191507
v -1.347995 -0.149865 0.180959
v -1.346475 -0.120738 0.195478
v -1.262238 -0.060240 0.172274
v -1.263952 -0.176694 0.167150
v -1.260893 -0.205080 0.199960
v -1.259963 -0.088224 0.205259
v -0.823940 0.309850 0.229190
v -1.033251 -0.127857 0.147979
v -0.823810 0.336374 0.172851
v -0.829456 -0.117754 0.196473
v -0.920064 0.141634 0.150988
v -0.924017 -0.030583 0.140475
v -0.916980 0.100863 0.219610
v -0.915460 0.273767 0.230667
v -0.922627 -0.137468 0.169121
v -0.918500 -0.072311 0.208553
v -0.914417 0.379510 0.201477
v -0.916111 0.313470 0.161502
v -0.148088 0.054639 1.095153
v -0.168379 0.026528 1.083982
v -0.049248 0.008131 -1.064133
v -0.023530 0.382714 -1.248765
v -0.024364 0.034981 -1.252655
v -0.046163 0.493100 -1.141011
v -0.044583 0.179721 -1.216981
v -0.063699 0.269983 -1.006804
v -0.026463 1.409355 -0.770374
v -0.049879 1.491267 -0.491118
v -0.047137 1.139279 -0.875442
v -0.065202 1.181941 -0.553415
v -0.035487 -0.093911 -0.802039
v -0.070045 -0.171311 -0.736935
v -0.160296 -0.504983 -0.607592
v -0.208092 -0.772469 -0.268030
v -0.218097 -0.846607 0.102256
v -0.695927 -0.603449 -0.178034
v -0.507343 -0.181632 -0.556671
v -0.429992 -0.749883 0.760651
v -0.534207 0.469343 0.462434
v -0.692436 0.383715 0.169007
v -0.321540 0.230432 0.805623
v -0.555260 0.702771 0.183544
v -0.545354 0.537133 -0.279177
v -0.463600 0.714649 -0.128354
v -0.704098 -0.726330 0.299723
v -0.338122 0.427367 0.643242
v -0.664158 0.249055 0.437958
v -0.404692 -0.755615 -0.261041
v -0.306524 -0.466087 -0.602291
v -0.321787 -0.848106 0.384123
v -0.422386 -0.830691 0.123847
v -0.714158 -0.137651 0.077946
v -0.421036 -0.268122 0.745167
v -0.562632 0.158766 -0.463919
v -0.614501 -0.260111 0.472710
v -0.295346 -0.632786 1.190526
v -0.227118 -0.303355 1.128115
v -0.195237 0.067647 1.088171
v -0.535988 -0.396574 0.815947
v -0.374228 -0.504794 1.182312
v -0.567835 0.239225 -0.443706
v -1.145909 -0.195746 0.196420
v -0.421312 -0.215603 0.750521
v -0.609913 -0.163333 0.463565
v -0.233372 -0.266995 1.127508
v -0.603643 0.219439 0.498844
v -0.525906 0.352870 0.512540
v -0.383350 0.351480 0.625298
v -0.366789 0.213940 0.732955
v -0.403987 -0.089205 0.711041
v -0.502231 -0.070316 0.579276
v -0.414423 0.202008 0.486096
v -0.388469 0.317773 0.498162
v -0.316579 0.310595 0.573397
v -0.285313 0.198567 0.633891
v -0.319816 -0.026122 0.625437
v -0.385847 -0.016634 0.549028
v -0.177766 0.014180 1.109042
v -0.135423 0.061375 1.130587
v -0.477388 -0.255187 0.571220
v -0.358180 -0.276190 0.750461
v -0.329889 -0.474356 1.185935
v -0.203525 -0.307048 1.100446
v -0.452174 -0.343011 0.829406
v -0.342295 -0.658904 1.086820
v -0.453944 -0.474966 1.069815
v -0.388638 -0.441642 1.084489
v -0.203315 0.067225 -0.682355
v -0.226397 0.268007 -0.624354
v -0.219905 0.611465 -0.404747
v -0.180012 0.754979 0.451058
v -0.199498 0.787192 -0.172028
v -0.225770 0.848781 0.155084
v -0.131335 -0.141226 -0.730343
v -0.229385 0.324675 -0.604596
v -0.046958 0.671609 -1.105711
v -0.046671 0.903820 -1.030450
v -0.050611 1.574355 -0.109162
v -0.052034 1.584331 -0.294895
v -0.046554 0.728056 -1.131805
v -0.046832 0.649031 -1.111894
v -0.098967 0.425885 -0.725786
v -0.093498 0.739576 -0.527848
v -0.097115 1.090327 -0.052993
v -0.092327 0.375581 -0.737681
v -0.094057 0.135233 -0.747810
v -0.065460 -0.064899 -0.795442
v -0.092524 0.867132 -0.233804
v -0.084269 0.989885 0.285339
v -0.039528 1.840966 -0.448843
v -0.039416 1.826058 -0.501128
v -0.028195 0.914452 -1.368942
v -0.028076 0.856313 -1.391869
v -0.556920 0.476745 -0.320594
v -1.149856 -0.158052 0.154076
v -0.224805 0.550078 -0.454519
v -0.051572 0.865732 -1.037309
v -0.097413 0.658150 -0.585181
v -0.030200 0.908588 -1.409647
v -0.734255 -0.015004 0.096527
v -0.731965 -0.068833 0.213715
v -0.724370 0.310307 0.132254
v -1.142312 0.438943 0.222196
v -1.141338 0.477919 0.176062
v -1.162097 0.040559 0.156625
v -1.159694 0.282419 0.164451
v -1.158648 0.236010 0.218404
v -1.158816 -0.005331 0.208886
v -1.333164 0.443465 0.178052
v -1.323296 0.530818 0.182592
v -1.326897 0.500708 0.215817
v -1.336418 0.413126 0.211193
v -1.343135 0.112442 0.176824
v -1.341570 0.182357 0.182010
v -1.340308 0.165894 0.215397
v -1.341401 0.095801 0.210105
v -1.323706 -0.126164 0.203709
v -1.324372 -0.194956 0.200361
v -1.326239 -0.178262 0.179512
v -1.325225 -0.109650 0.182783
v -0.914820 0.343284 0.226134
v -0.924658 -0.100270 0.145008
v -0.914699 0.372824 0.174124
v -0.919912 -0.131692 0.195931
v -0.040254 0.066925 -1.192502
v -0.045592 0.355626 -1.179756
v -0.048173 1.346153 -0.711778
v 0.000000 0.484256 0.776094
v 0.000074 0.744966 0.554390
v 0.000049 0.878319 0.407882
v 0.000000 -0.838344 0.583855
v 0.000000 0.138988 1.134172
v 0.000000 -0.288455 1.232584
v 0.000000 -0.746427 1.006606
v 0.000000 -0.225006 1.231123
v 0.000000 -0.591438 1.335467
v 0.000000 -0.256129 0.625949
v 0.000000 -0.288292 0.638696
v 0.000000 -0.401030 1.024918
v 0.000000 -0.305240 1.217453
v 0.000000 -0.490847 1.351576
v 0.000000 -0.689139 1.263093
v 0.000000 -0.472542 1.294124
v 0.000000 -0.298479 1.054157
v 0.000337 0.745790 -1.179338
v 0.000213 0.824103 -1.319791
v 0.000370 0.716756 -1.190268
v -0.002444 1.290183 0.147924
v -0.006716 1.896506 -0.555822
v -0.005919 1.775681 -0.304355
v -0.005702 1.754534 -0.447716
v 0.000082 0.888847 -1.466655
v 0.000009 0.924849 -1.266923
v 0.000000 0.048827 1.229445
v 0.000000 -0.029919 1.227268
v 0.000000 -0.127352 1.229196
v 0.000045 0.906967 -1.465332
v 0.000064 0.897907 -1.465994
v 0.000000 -0.866565 0.250619
v 0.000495 0.532779 -1.218091
v 0.000579 0.193376 -1.294304
v -0.000938 1.192943 -0.947623
v -0.003882 1.571035 -0.535094
v 0.000591 -0.032758 -1.080406
v 0.000240 -0.110884 -0.774269
v 0.000000 -0.321848 -0.691280
v 0.000000 -0.832752 -0.074234
v 0.000000 -0.664039 -0.456162
v 0.000000 -0.253550 0.563019
v 0.000074 0.814598 0.464447
v 0.000000 0.381890 0.865049
v 0.000000 -0.797044 0.792048
v 0.000035 0.630452 0.669907
v 0.000000 -0.865832 0.398041
v 0.000000 -0.663657 1.300560
v 0.000000 -0.300089 1.229050
v 0.000000 0.086332 1.207197
v 0.000000 -0.518438 1.356308
v 0.000000 -0.265158 1.231970
v 0.000000 -0.483870 1.328454
v 0.000000 -0.304482 1.168815
v 0.000000 -0.273130 0.745287
v 0.000000 -0.336373 0.777576
v 0.000000 -0.704390 1.179598
v 0.000000 -0.448065 1.206855
v -0.004686 1.586798 -0.075187
v -0.004973 1.652601 -0.354254
v 0.000384 0.703488 -1.191328
v 0.000356 0.729468 -1.185442
v -0.000014 0.935460 -1.111036
v 0.000296 0.774431 -1.211080
v -0.000174 1.011977 0.322955
v -0.006552 1.873396 -0.483321
v -0.006419 1.853917 -0.538431
v 0.000026 0.916606 -1.415353
v 0.000120 0.870396 -1.430104
v 0.000038 0.910719 -1.465059
v 0.000000 0.014077 1.227331
v 0.000533 0.381692 -1.257284
v 0.000634 0.033673 -1.258797
v -0.002408 1.415844 -0.775154
v 0.000316 -0.093944 -0.802039
v 0.000097 -0.171211 -0.736935
v 0.000000 -0.504828 -0.607592
v 0.000000 -0.775412 -0.268030
v 0.000000 -0.852628 0.105293
v 0.589705 0.130829 0.586079
v 0.610537 0.122349 0.533437
v 0.617157 0.116348 0.476894
v 0.609116 0.113232 0.420303
v 0.586960 0.113217 0.367520
v 0.552199 0.116302 0.322141
v 0.507204 0.122276 0.287261
v 0.455039 0.130735 0.265255
v 0.399259 0.141098 0.257623
v 0.503796 0.132351 0.668589
v 0.540109 0.101911 0.636766
v 0.567116 0.075252 0.593906
v 0.582871 0.054282 0.543024
v 0.586300 0.040428 0.487587
v 0.577170 0.034635 0.431372
v 0.556103 0.037297 0.378212
v 0.524534 0.048234 0.331728
v 0.484614 0.066699 0.295088
v 0.439066 0.091435 0.270790
v 0.390991 0.120756 0.260489
v 0.460342 0.164759 0.687479
v 0.488520 0.116986 0.673312
v 0.510802 0.072056 0.645711
v 0.525670 0.033032 0.606557
v 0.532111 0.002573 0.558518
v 0.529684 -0.017246 0.504869
v 0.518557 -0.025073 0.449264
v 0.499487 -0.020377 0.395494
v 0.473773 -0.003474 0.347222
v 0.443169 0.024480 0.307739
v 0.409759 0.061581 0.279735
v 0.375821 0.105303 0.265119
v 0.468757 0.108774 0.679004
v 0.472624 0.056192 0.656706
v 0.471678 0.010597 0.622106
v 0.465983 -0.024904 0.577562
v 0.455929 -0.047893 0.526109
v 0.442200 -0.056802 0.471254
v 0.425731 -0.051023 0.416734
v 0.407646 -0.030952 0.366266
v 0.389176 0.002044 0.323288
v 0.371581 0.045717 0.290730
v 0.356059 0.097090 0.270811
v 0.447411 0.109054 0.684889
v 0.431385 0.056733 0.668076
v 0.413358 0.011362 0.638186
v 0.394557 -0.023968 0.597256
v 0.376263 -0.046849 0.548074
v 0.359724 -0.055720 0.493994
v 0.346065 -0.049980 0.438699
v 0.336219 -0.030016 0.385959
v 0.330857 0.002808 0.339368
v 0.330343 0.046258 0.302100
v 0.334712 0.097371 0.276696
v 0.427730 0.117783 0.690073
v 0.393366 0.073597 0.678091
v 0.359590 0.035210 0.652348
v 0.328705 0.005240 0.614601
v 0.302814 -0.014271 0.567420
v 0.283684 -0.021994 0.514022
v 0.272617 -0.017402 0.458045
v 0.270367 -0.000808 0.403305
v 0.277089 0.026657 0.353530
v 0.292323 0.063121 0.312115
v 0.315031 0.106100 0.281880
v 0.412712 0.133633 0.693766
v 0.364352 0.104215 0.685224
v 0.318559 0.078511 0.662437
v 0.278452 0.058273 0.626957
v 0.246765 0.044879 0.581202
v 0.225658 0.039243 0.528290
v 0.216568 0.041749 0.471827
v 0.220115 0.052225 0.415661
v 0.236058 0.069958 0.363619
v 0.263310 0.093740 0.319248
v 0.300013 0.121950 0.285573
v 0.404642 0.154189 0.695405
v 0.348763 0.143928 0.688392
v 0.296512 0.134674 0.666917
v 0.251450 0.127058 0.632443
v 0.216649 0.121598 0.587321
v 0.194479 0.118668 0.534625
v 0.186451 0.118468 0.477946
v 0.193113 0.121010 0.421147
v 0.214011 0.126121 0.368099
v 0.247720 0.133452 0.322416
v 0.291944 0.142506 0.287212
v 0.404750 0.176323 0.694742
v 0.348970 0.186688 0.687111
v 0.296806 0.195146 0.665105
v 0.251810 0.201121 0.630224
v 0.217049 0.204206 0.584846
v 0.194894 0.204191 0.532063
v 0.186852 0.201076 0.475471
v 0.193473 0.195073 0.418928
v 0.214304 0.186593 0.366287
v 0.247928 0.176214 0.321135
v 0.292051 0.164641 0.286549
v 0.343667 0.152664 0.264887
v 0.413018 0.196666 0.691877
v 0.364943 0.225987 0.681576
v 0.319394 0.250723 0.657278
v 0.279475 0.269189 0.620638
v 0.247906 0.280125 0.574154
v 0.226839 0.282788 0.520993
v 0.217709 0.276995 0.464779
v 0.221138 0.263141 0.409342
v 0.236893 0.242170 0.358460
v 0.263900 0.215512 0.315600
v 0.300319 0.184983 0.283684
v 0.428188 0.212120 0.687246
v 0.394250 0.255841 0.672630
v 0.360840 0.292943 0.644626
v 0.330236 0.320898 0.605143
v 0.304522 0.337799 0.556872
v 0.285452 0.342496 0.503102
v 0.274325 0.334668 0.447497
v 0.271898 0.314850 0.393847
v 0.278339 0.284390 0.345809
v 0.293207 0.245366 0.306654
v 0.315489 0.200437 0.279053
v 0.447950 0.220331 0.681555
v 0.432428 0.271706 0.661636
v 0.414833 0.315378 0.629077
v 0.396363 0.348375 0.586100
v 0.378278 0.368446 0.535632
v 0.361809 0.374224 0.481112
v 0.348080 0.365316 0.426257
v 0.338026 0.342328 0.374804
v 0.332331 0.306826 0.330259
v 0.331385 0.261230 0.295660
v 0.335252 0.208648 0.273362
v 0.469297 0.220052 0.675670
v 0.473666 0.271165 0.650265
v 0.473152 0.314614 0.612998
v 0.467789 0.347439 0.566406
v 0.457944 0.367402 0.513666
v 0.444285 0.373143 0.458372
v 0.427746 0.364272 0.404291
v 0.409452 0.341391 0.355110
v 0.390651 0.306061 0.314180
v 0.372623 0.260690 0.284290
v 0.356598 0.208369 0.267476
v 0.488977 0.211323 0.670486
v 0.511686 0.254302 0.640251
v 0.526920 0.290765 0.598835
v 0.533642 0.318231 0.549061
v 0.531392 0.334824 0.494320
v 0.520325 0.339416 0.438343
v 0.501194 0.331694 0.384945
v 0.475304 0.312183 0.337765
v 0.444419 0.282213 0.300017
v 0.410643 0.243827 0.274275
v 0.376278 0.199639 0.262293
v 0.503996 0.195474 0.666793
v 0.540699 0.223683 0.633117
v 0.567951 0.247464 0.588746
v 0.583894 0.265198 0.536705
v 0.587441 0.275673 0.480539
v 0.578351 0.278179 0.424076
v 0.557244 0.272543 0.371164
v 0.525557 0.259149 0.325409
v 0.485450 0.238911 0.289929
v 0.439656 0.213208 0.267141
v 0.391297 0.183790 0.258600
v 0.512066 0.174917 0.665153
v 0.556289 0.183970 0.629950
v 0.589998 0.191302 0.584267
v 0.610896 0.196413 0.531218
v 0.617558 0.198954 0.474419
v 0.609530 0.198754 0.417740
v 0.587360 0.195824 0.365044
v 0.552559 0.190365 0.319922
v 0.507497 0.182749 0.285449
v 0.455246 0.173495 0.263974
v 0.399367 0.163233 0.256960
v 0.511958 0.152782 0.665817
v 0.556081 0.141209 0.631231
v 0.466020 0.199819 0.679991
v 0.437224 0.198809 0.687312
v 0.481094 0.198504 0.675164
v 0.452371 0.200504 0.683669
v 0.465625 0.129608 0.682158
v 0.480402 0.130749 0.677393
v 0.452238 0.129851 0.685856
v 0.437056 0.131216 0.689331
v -0.589705 0.130829 0.586079
v -0.610537 0.122349 0.533437
v -0.617157 0.116348 0.476894
v -0.609116 0.113232 0.420303
v -0.586960 0.113217 0.367520
v -0.552199 0.116302 0.322141
v -0.507204 0.122276 0.287261
v -0.455039 0.130735 0.265255
v -0.399259 0.141098 0.257623
v -0.503796 0.132351 0.668589
v -0.540109 0.101911 0.636766
v -0.567116 0.075252 0.593906
v -0.582871 0.054282 0.543024
v -0.586300 0.040428 0.487587
v -0.577170 0.034635 0.431372
v -0.556103 0.037297 0.378212
v -0.524534 0.048234 0.331728
v -0.484614 0.066699 0.295088
v -0.439066 0.091435 0.270790
v -0.390991 0.120756 0.260489
v -0.460342 0.164759 0.687479
v -0.488520 0.116986 0.673312
v -0.510802 0.072056 0.645711
v -0.525670 0.033032 0.606557
v -0.532111 0.002573 0.558518
v -0.529684 -0.017246 0.504869
v -0.518557 -0.025073 0.449264
v -0.499487 -0.020377 0.395494
v -0.473773 -0.003474 0.347222
v -0.443169 0.024480 0.307739
v -0.409759 0.061581 0.279735
v -0.375821 0.105303 0.265119
v -0.468757 0.108774 0.679004
v -0.472624 0.056192 0.656706
v -0.471678 0.010597 0.622106
v -0.465983 -0.024904 0.577562
v -0.455929 -0.047893 0.526109
v -0.442200 -0.056802 0.471254
v -0.425731 -0.051023 0.416734
v -0.407646 -0.030952 0.366266
v -0.389176 0.002044 0.323288
v -0.371581 0.045717 0.290730
v -0.356059 0.097090 0.270811
v -0.447411 0.109054 0.684889
v -0.431385 0.056733 0.668076
v -0.413358 0.011362 0.638186
v -0.394557 -0.023968 0.597256
v -0.376263 -0.046849 0.548074
v -0.359724 -0.055720 0.493994
v -0.346065 -0.049980 0.438699
v -0.336219 -0.030016 0.385959
v -0.330857 0.002808 0.339368
v -0.330343 0.046258 0.302100
v -0.334712 0.097371 0.276696
v -0.427730 0.117783 0.690073
v -0.393366 0.073597 0.678091
v -0.359590 0.035210 0.652348
v -0.328705 0.005240 0.614601
v -0.302814 -0.014271 0.567420
v -0.283684 -0.021994 0.514022
v -0.272617 -0.017402 0.458045
v -0.270367 -0.000808 0.403305
v -0.277089 0.026657 0.353530
v -0.292323 0.063121 0.312115
v -0.315031 0.106100 0.281880
v -0.412712 0.133633 0.693766
v -0.364352 0.104215 0.685224
v -0.318559 0.078511 0.662437
v -0.278452 0.058273 0.626957
v -0.246765 0.044879 0.581202
v -0.225658 0.039243 0.528290
v -0.216568 0.041749 0.471827
v -0.220115 0.052225 0.415661
v -0.236058 0.069958 0.363619
v -0.263310 0.093740 0.319248
v -0.300013 0.121950 0.285573
v -0.404642 0.154189 0.695405
v -0.348763 0.143928 0.688392
v -0.296512 0.134674 0.666917
v -0.251450 0.127058 0.632443
v -0.216649 0.121598 0.587321
v -0.194479 0.118668 0.534625
v -0.186451 0.118468 0.477946
v -0.193113 0.121010 0.421147
v -0.214011 0.126121 0.368099
v -0.247720 0.133452 0.322416
v -0.291944 0.142506 0.287212
v -0.404750 0.176323 0.694742
v -0.348970 0.186688 0.687111
v -0.296806 0.195146 0.665105
v -0.251810 0.201121 0.630224
v -0.217049 0.204206 0.584846
v -0.194894 0.204191 0.532063
v -0.186852 0.201076 0.475471
v -0.193473 0.195073 0.418928
v -0.214304 0.186593 0.366287
v -0.247928 0.176214 0.321135
v -0.292051 0.164641 0.286549
v -0.343667 0.152664 0.264887
v -0.413018 0.196666 0.691877
v -0.364943 0.225987 0.681576
v -0.319394 0.250723 0.657278
v -0.279475 0.269189 0.620638
v -0.247906 0.280125 0.574154
v -0.226839 0.282788 0.520993
v -0.217709 0.276995 0.464779
v -0.221138 0.263141 0.409342
v -0.236893 0.242170 0.358460
v -0.263900 0.215512 0.315600
v -0.300319 0.184983 0.283684
v -0.428188 0.212120 0.687246
v -0.394250 0.255841 0.672630
v -0.360840 0.292943 0.644626
v -0.330236 0.320898 0.605143
v -0.304522 0.337799 0.556872
v -0.285452 0.342496 0.503102
v -0.274325 0.334668 0.447497
v -0.271898 0.314850 0.393847
v -0.278339 0.284390 0.345809
v -0.293207 0.245366 0.306654
v -0.315489 0.200437 0.279053
v -0.447950 0.220331 0.681555
v -0.432428 0.271706 0.661636
v -0.414833 0.315378 0.629077
v -0.396363 0.348375 0.586100
v -0.378278 0.368446 0.535632
v -0.361809 0.374224 0.481112
v -0.348080 0.365316 0.426257
v -0.338026 0.342328 0.374804
v -0.332331 0.306826 0.330259
v -0.331385 0.261230 0.295660
v -0.335252 0.208648 0.273362
v -0.469297 0.220052 0.675670
v -0.473666 0.271165 0.650265
v -0.473152 0.314614 0.612998
v -0.467789 0.347439 0.566406
v -0.457944 0.367402 0.513666
v -0.444285 0.373143 0.458372
v -0.427746 0.364272 0.404291
v -0.409452 0.341391 0.355110
v -0.390651 0.306061 0.314180
v -0.372623 0.260690 0.284290
v -0.356598 0.208369 0.267476
v -0.488977 0.211323 0.670486
v -0.511686 0.254302 0.640251
v -0.526920 0.290765 0.598835
v -0.533642 0.318231 0.549061
v -0.531392 0.334824 0.494320
v -0.520325 0.339416 0.438343
v -0.501194 0.331694 0.384945
v -0.475304 0.312183 0.337765
v -0.444419 0.282213 0.300017
v -0.410643 0.243827 0.274275
v -0.376278 0.199639 0.262293
v -0.503996 0.195474 0.666793
v -0.540699 0.223683 0.633117
v -0.567951 0.247464 0.588746
v -0.583894 0.265198 0.536705
v -0.587441 0.275673 0.480539
v -0.578351 0.278179 0.424076
v -0.557244 0.272543 0.371164
v -0.525557 0.259149 0.325409
v -0.485450 0.238911 0.289929
v -0.439656 0.213208 0.267141
v -0.391297 0.183790 0.258600
v -0.512066 0.174917 0.665153
v -0.556289 0.183970 0.629950
v -0.589998 0.191302 0.584267
v -0.610896 0.196413 0.531218
v -0.617558 0.198954 0.474419
v -0.609530 0.198754 0.417740
v -0.587360 0.195824 0.365044
v -0.552559 0.190365 0.319922
v -0.507497 0.182749 0.285449
v -0.455246 0.173495 0.263974
v -0.399367 0.163233 0.256960
v -0.511958 0.152782 0.665817
v -0.556081 0.141209 0.631231
v -0.466020 0.199819 0.679991
v -0.437224 0.198809 0.687312
v -0.481094 0.198504 0.675164
v -0.452371 0.200504 0.683669
v -0.465625 0.129608 0.682158
v -0.480402 0.130749 0.677393
v -0.452238 0.129851 0.685856
v -0.437056 0.131216 0.689331
vn 0.7344 0.0066 -0.6787
vn 0.7180 -0.0672 -0.6928
vn 0.9929 -0.1181 -0.0134
vn 0.9882 -0.1521 -0.0190
vn 0.9191 -0.3836 -0.0905
vn 0.6173 -0.2490 -0.7463
vn -0.0550 0.0463 -0.9974
vn 0.0743 0.3267 -0.9422
vn 0.0141 0.1845 -0.9827
vn 0.7819 0.1156 0.6126
vn 0.7884 0.3464 0.5084
vn 0.2359 0.4278 0.8726
vn 0.2243 0.3540 0.9080
vn 0.1913 0.2218 0.9562
vn 0.7645 -0.0114 0.6446
vn 0.9967 -0.0705 -0.0405
vn 0.9977 -0.0234 -0.0639
vn -0.4809 0.3827 0.7888
vn -0.5841 0.2442 0.7741
vn 0.0890 -0.0312 0.9955
vn 0.1502 0.1068 0.9829
vn -0.4425 0.4457 0.7782
vn -0.8156 0.5654 0.1228
vn -0.7951 0.5943 0.1207
vn -0.9215 0.3848 0.0518
vn 0.2829 0.9370 -0.2048
vn 0.6782 0.1195 -0.7251
vn -0.0544 0.0568 -0.9969
vn -0.5811 0.5098 -0.6343
vn -0.8245 0.5624 0.0626
vn -0.3439 0.7188 0.6042
vn 0.6896 -0.1205 -0.7141
vn -0.0455 0.0549 -0.9975
vn -0.4114 0.5265 0.7440
vn -0.8342 0.5441 0.0898
vn -0.6953 0.3140 -0.6465
vn -0.6482 0.4257 -0.6313
vn -0.5763 0.5451 -0.6088
vn -0.6866 0.2984 -0.6629
vn 0.7455 -0.1219 0.6553
vn 0.7117 -0.2921 0.6389
vn 0.9492 0.1519 -0.2755
vn 0.9473 0.0988 -0.3048
vn 0.9207 -0.1662 0.3533
vn 0.9220 -0.1630 0.3513
vn 0.9291 -0.1548 0.3360
vn 0.9526 0.1625 -0.2570
vn 0.4903 0.5314 -0.6908
vn 0.4419 0.5304 -0.7234
vn 0.4272 0.4639 -0.7761
vn 0.4729 -0.1794 0.8627
vn 0.5141 0.0399 0.8568
vn -0.1624 0.0731 0.9840
vn -0.1888 0.0117 0.9820
vn -0.2336 -0.0885 0.9683
vn 0.4496 -0.2526 0.8568
vn 0.9280 -0.1510 0.3407
vn 0.9348 -0.1177 0.3350
vn -0.8056 0.1527 0.5724
vn -0.8081 0.1191 0.5769
vn -0.2300 -0.2161 0.9489
vn -0.2666 -0.1724 0.9483
vn -0.7694 0.2218 0.5990
vn -0.8276 0.5504 -0.1099
vn -0.8375 0.5336 -0.1172
vn -0.8372 0.5319 -0.1276
vn 0.3237 0.9034 0.2812
vn 0.9210 0.2619 -0.2884
vn 0.4077 0.4167 -0.8125
vn -0.2271 0.7600 -0.6090
vn -0.7743 0.6224 -0.1145
vn -0.5949 0.5261 0.6077
vn 0.9394 0.0635 -0.3368
vn 0.4089 0.4077 -0.8165
vn -0.7236 0.3082 0.6176
vn -0.8027 0.5852 -0.1151
vn -0.3336 0.5986 -0.7282
vn -0.3310 0.6263 -0.7058
vn -0.3145 0.6679 -0.6745
vn -0.2838 0.6817 -0.6743
vn 0.4398 -0.3079 0.8437
vn 0.4673 -0.3237 0.8227
vn -0.7344 0.0066 -0.6787
vn -0.9882 -0.1521 -0.0190
vn -0.9929 -0.1181 -0.0134
vn -0.7180 -0.0672 -0.6928
vn -0.7347 0.0326 -0.6777
vn -0.9865 -0.1600 -0.0338
vn -0.0743 0.3267 -0.9422
vn -0.0967 0.3650 -0.9260
vn -0.0141 0.1845 -0.9827
vn -0.7819 0.1156 0.6126
vn -0.2243 0.3540 0.9080
vn -0.2359 0.4278 0.8726
vn -0.7884 0.3464 0.5084
vn -0.7645 -0.0114 0.6446
vn -0.1913 0.2218 0.9562
vn -0.9967 -0.0705 -0.0405
vn -0.9977 -0.0234 -0.0639
vn 0.4809 0.3827 0.7888
vn -0.1502 0.1068 0.9829
vn -0.1376 0.0672 0.9882
vn 0.4986 0.3650 0.7862
vn 0.4425 0.4457 0.7782
vn 0.7951 0.5943 0.1207
vn 0.8156 0.5654 0.1228
vn 0.7882 0.6060 0.1074
vn -0.2829 0.9370 -0.2048
vn 0.5811 0.5098 -0.6343
vn 0.0544 0.0568 -0.9969
vn -0.6782 0.1195 -0.7251
vn 0.3440 0.7188 0.6042
vn 0.8245 0.5624 0.0626
vn -0.6896 -0.1205 -0.7141
vn 0.0455 0.0549 -0.9975
vn 0.4114 0.5265 0.7440
vn 0.8342 0.5441 0.0898
vn 0.6953 0.3140 -0.6465
vn 0.6482 0.4257 -0.6313
vn 0.5763 0.5451 -0.6088
vn 0.5469 0.5789 -0.6047
vn -0.7455 -0.1219 0.6553
vn -0.7427 -0.1596 0.6504
vn -0.9492 0.1520 -0.2757
vn -0.9220 -0.1629 0.3513
vn -0.9207 -0.1662 0.3532
vn -0.9473 0.0988 -0.3048
vn -0.9526 0.1626 -0.2571
vn -0.9289 -0.1549 0.3364
vn -0.4417 0.5305 -0.7235
vn -0.4898 0.5316 -0.6910
vn -0.4272 0.4639 -0.7761
vn -0.4729 -0.1794 0.8627
vn 0.1888 0.0117 0.9820
vn 0.1624 0.0731 0.9840
vn -0.5141 0.0399 0.8568
vn -0.4496 -0.2526 0.8568
vn 0.2336 -0.0885 0.9683
vn -0.9280 -0.1510 0.3407
vn -0.9348 -0.1177 0.3350
vn 0.8055 0.1526 0.5726
vn 0.2665 -0.1724 0.9483
vn 0.2299 -0.2162 0.9489
vn 0.8078 0.1188 0.5773
vn 0.7694 0.2218 0.5990
vn 0.8376 0.5336 -0.1170
vn 0.8276 0.5504 -0.1099
vn 0.8375 0.5315 -0.1268
vn -0.3237 0.9034 0.2812
vn 0.2271 0.7600 -0.6090
vn -0.4077 0.4167 -0.8125
vn -0.9210 0.2619 -0.2884
vn 0.5949 0.5261 0.6077
vn 0.7743 0.6224 -0.1145
vn -0.9394 0.0635 -0.3368
vn -0.4089 0.4077 -0.8165
vn 0.7236 0.3082 0.6176
vn 0.8027 0.5852 -0.1151
vn 0.3336 0.5986 -0.7282
vn 0.3310 0.6263 -0.7058
vn 0.3148 0.6679 -0.6744
vn 0.2846 0.6817 -0.6740
vn -0.4398 -0.3079 0.8437
vn -0.4671 -0.3237 0.8228
vn -0.9800 0.1475 0.1338
vn -0.5916 0.1051 0.7993
vn 0.4947 -0.5276 -0.6906
vn -0.1935 -0.3001 -0.9341
vn -0.7887 -0.0050 -0.6147
vn 0.0559 -0.1290 0.9901
vn 0.6329 -0.3925 0.6673
vn 0.8199 -0.5725 -0.0090
vn 0.4535 0.5881 0.6697
vn 0.4076 0.6359 0.6554
vn -0.0000 0.6996 0.7146
vn -0.0000 0.7728 0.6347
vn 0.7615 0.2356 0.6038
vn 0.3685 0.1478 0.9178
vn 0.5802 0.4209 0.6973
vn 0.6608 0.1401 0.7374
vn 0.8032 0.1110 0.5853
vn 0.8746 -0.3858 0.2936
vn 0.5677 -0.7600 0.3166
vn 0.5357 -0.7658 0.3557
vn 0.8886 -0.2730 0.3686
vn 0.9523 -0.0113 0.3050
vn 0.9489 -0.1071 0.2969
vn 0.9469 -0.1303 0.2938
vn 0.8562 -0.4541 0.2464
vn 0.5633 -0.7838 0.2616
vn 0.0869 -0.0507 0.9949
vn -0.0477 0.2590 0.9647
vn -0.0989 0.2513 0.9628
vn 0.0277 -0.0161 0.9995
vn 0.1160 0.0012 0.9932
vn 0.4873 -0.4819 0.7282
vn 0.5726 -0.5116 0.6406
vn 0.4679 -0.0825 0.8799
vn 0.0987 0.2776 0.9556
vn 0.9943 0.1066 -0.0048
vn 0.9378 0.2176 0.2705
vn 0.8887 0.3286 -0.3197
vn 0.8728 0.0902 -0.4797
vn 0.8990 0.1307 0.4180
vn 0.8793 0.0764 0.4700
vn 0.8415 0.2434 0.4824
vn 0.7714 0.6014 0.2079
vn 0.0637 -0.1995 0.9778
vn 0.1393 -0.0724 0.9876
vn 0.6371 -0.0745 0.7672
vn 0.6308 -0.1528 0.7608
vn 0.8632 0.4663 -0.1935
vn 0.9103 0.4033 0.0934
vn 0.9374 0.3436 0.0560
vn 0.9215 0.3365 -0.1937
vn 0.7199 0.5002 -0.4812
vn 0.6340 0.6246 -0.4560
vn 0.5010 0.7822 -0.3703
vn 0.6190 0.7718 -0.1454
vn 0.6740 0.7108 0.2015
vn 0.9868 -0.0285 -0.1593
vn 0.9926 0.0106 -0.1213
vn 0.9700 0.1131 -0.2154
vn 0.9590 0.0213 -0.2826
vn 0.9489 -0.0057 -0.3154
vn 0.9943 0.0229 -0.1039
vn 0.9856 0.1286 -0.1095
vn 0.9843 -0.0070 -0.1766
vn 0.8758 -0.3330 -0.3493
vn 0.5195 0.2173 0.8264
vn -0.0000 0.2227 0.9749
vn -0.0000 0.0040 1.0000
vn 0.5407 0.1147 0.8334
vn 0.7715 0.2994 0.5614
vn 0.7760 0.1738 0.6063
vn 0.4929 0.5020 0.7107
vn -0.0000 0.6326 0.7745
vn 0.9933 0.0218 -0.1138
vn 0.9941 0.0138 -0.1074
vn 0.9724 -0.0355 -0.2304
vn 0.9624 0.0595 -0.2651
vn 0.3927 0.5792 0.7144
vn 0.6147 0.5198 0.5933
vn 0.5426 0.5100 0.6674
vn 0.5127 0.5131 0.6884
vn 0.4070 0.5735 0.7109
vn -0.0000 0.6485 0.7612
vn -0.0000 0.6349 0.7726
vn 0.8548 0.3748 0.3589
vn 0.7886 0.3651 0.4947
vn 0.8742 0.2585 0.4112
vn 0.9092 0.2966 0.2923
vn 0.6464 0.5854 0.4894
vn 0.6041 0.5068 0.6150
vn 0.8965 0.2166 0.3866
vn 0.7567 0.1381 0.6390
vn 0.9201 0.2553 0.2970
vn 0.9249 -0.1629 -0.3435
vn 0.9109 -0.3076 -0.2751
vn 0.8015 -0.5962 0.0478
vn 0.4093 0.5366 -0.7379
vn 0.4341 0.6367 -0.6373
vn 0.3833 0.6438 -0.6623
vn 0.4032 0.5556 -0.7271
vn 0.9371 0.1618 0.3092
vn 0.6229 0.4038 0.6700
vn 0.3245 -0.9360 0.1367
vn 0.4105 -0.9118 -0.0042
vn 0.8522 -0.4876 0.1896
vn 0.7148 -0.5980 0.3624
vn 0.2055 -0.9601 0.1895
vn 0.0999 -0.9919 0.0785
vn 0.1203 -0.9926 -0.0161
vn 0.1254 -0.9878 -0.0928
vn 0.3960 -0.0495 -0.9169
vn 0.4445 0.0331 -0.8951
vn 0.4290 0.1380 -0.8927
vn 0.4365 0.0744 -0.8966
vn 0.6645 -0.0349 -0.7465
vn 0.5011 -0.2316 -0.8338
vn 0.2895 -0.4404 -0.8499
vn 0.2665 -0.2177 -0.9389
vn 0.3414 -0.1548 -0.9271
vn 0.4605 0.5970 0.6569
vn 0.5161 0.5286 0.6739
vn 0.4721 0.6426 0.6035
vn 0.4547 0.6974 0.5539
vn 0.3767 0.6459 0.6640
vn 0.4669 -0.8579 -0.2144
vn 0.5175 -0.7106 -0.4766
vn 0.8891 -0.2982 -0.3473
vn 0.9055 -0.4154 -0.0869
vn 0.1421 -0.9685 -0.2044
vn 0.1984 -0.8773 -0.4370
vn 0.5530 -0.4659 -0.6908
vn 0.8271 -0.1544 -0.5405
vn 0.2656 -0.6866 -0.6768
vn 0.4532 0.1571 -0.8775
vn 0.4006 0.2013 -0.8939
vn 0.3754 0.2227 -0.8997
vn 0.4598 0.2015 -0.8649
vn 0.7971 0.1525 -0.5842
vn 0.7593 0.0909 -0.6444
vn 0.9949 0.0267 0.0971
vn 0.9918 0.0309 -0.1237
vn 0.9988 0.0226 -0.0439
vn 0.9717 0.0480 0.2312
vn 0.8988 0.1630 0.4069
vn 0.9551 0.0025 0.2964
vn 0.9139 -0.1112 0.3904
vn 0.9331 0.1701 0.3168
vn 0.0797 -0.9807 0.1786
vn 0.1280 -0.9611 0.2448
vn -0.0000 -0.9761 0.2175
vn -0.0000 -0.9855 0.1694
vn -0.0000 -0.9968 0.0794
vn 0.0539 -0.9958 0.0743
vn 0.8705 -0.1692 0.4621
vn 0.8766 -0.1295 0.4634
vn 0.8707 0.0696 0.4869
vn 0.5975 0.4281 0.6780
vn 0.4241 0.0918 0.9010
vn -0.0000 0.0519 0.9987
vn -0.0000 0.0458 0.9990
vn 0.4125 0.0647 0.9087
vn 0.7034 0.0676 0.7076
vn 0.6861 0.1338 0.7151
vn 0.4573 0.0989 0.8838
vn -0.0000 0.0559 0.9984
vn 0.9218 0.1052 0.3731
vn 0.9408 0.0447 -0.3360
vn 0.9639 0.0852 -0.2524
vn 0.2527 -0.8784 0.4057
vn -0.0000 -0.9082 0.4184
vn -0.0000 -0.9759 0.2180
vn 0.1971 -0.9513 0.2369
vn 0.5481 -0.7270 0.4136
vn 0.5125 -0.5287 0.6766
vn 0.3440 -0.5922 0.7286
vn -0.0000 -0.6185 0.7857
vn 0.0775 -0.9740 0.2128
vn 0.1951 -0.9654 0.1729
vn 0.5502 -0.6266 0.5521
vn 0.2942 -0.6393 0.7105
vn -0.0000 -0.6267 0.7792
vn -0.0000 -0.9726 0.2324
vn -0.0000 -0.9993 -0.0361
vn -0.0273 -0.9987 -0.0433
vn -0.0244 -0.9981 -0.0564
vn 0.2393 -0.0741 -0.9681
vn 0.8424 0.0082 -0.5388
vn 0.8243 0.0961 -0.5579
vn 0.3224 0.0849 -0.9428
vn 0.9503 0.1292 -0.2833
vn 0.9412 0.1717 -0.2911
vn 0.8297 0.2051 -0.5191
vn 0.7605 0.3482 -0.5480
vn 0.7552 0.4117 -0.5101
vn 0.9354 0.2649 -0.2343
vn 0.7277 0.6185 -0.2965
vn 0.9953 0.0540 -0.0798
vn 0.9949 0.0391 -0.0933
vn 0.9960 -0.0171 -0.0878
vn 0.9980 0.0342 -0.0536
vn 0.9705 0.1315 -0.2022
vn 0.9540 0.0912 -0.2856
vn 0.7913 0.2814 -0.5428
vn 0.7819 0.3183 -0.5359
vn 0.8364 -0.0040 0.5482
vn 0.7904 0.3451 0.5061
vn 0.8826 0.0001 0.4701
vn 0.8634 -0.1094 0.4926
vn 0.8338 0.0154 0.5518
vn 0.7903 -0.4979 0.3572
vn 0.9548 -0.1995 0.2206
vn 0.8875 -0.4211 -0.1871
vn 0.5853 -0.6676 0.4601
vn 0.9168 -0.1839 0.3545
vn 0.3402 -0.9336 0.1128
vn 0.3754 -0.9245 0.0655
vn 0.7425 -0.5570 0.3720
vn -0.0098 -0.9968 -0.0791
vn 0.0009 -0.9928 -0.1194
vn -0.0251 -0.9966 -0.0783
vn -0.0117 -0.9930 -0.1177
vn 0.6550 0.6072 0.4498
vn 0.6644 0.5786 0.4731
vn 0.6305 0.6659 0.3988
vn 0.0109 0.9444 0.3287
vn 0.0565 0.9303 0.3624
vn 0.1218 0.9144 0.3861
vn 0.4042 -0.1340 0.9048
vn -0.0000 -0.1193 0.9929
vn 0.7022 -0.1673 0.6920
vn 0.0830 0.0728 0.9939
vn 0.2567 0.1149 0.9596
vn 0.2247 0.1499 0.9628
vn 0.1262 0.1292 0.9836
vn 0.9686 -0.2451 -0.0424
vn 0.8138 -0.5811 0.0031
vn 0.2366 0.6938 0.6802
vn 0.4765 0.7370 0.4793
vn 0.5685 0.6554 0.4973
vn 0.4364 0.4938 0.7521
vn 0.9952 0.0687 0.0691
vn 0.9504 0.1815 0.2526
vn 0.8166 0.2828 0.5031
vn 0.9103 0.0787 0.4063
vn 0.7825 0.2224 0.5816
vn 0.7479 0.0375 0.6628
vn 0.7297 -0.0127 0.6837
vn 0.6958 0.0735 0.7145
vn 0.1688 0.1716 0.9706
vn 0.9415 0.0588 0.3318
vn 0.6018 0.2047 0.7719
vn 0.2560 0.1619 0.9530
vn 0.5760 0.2340 0.7832
vn 0.5674 0.2354 0.7891
vn 0.2387 -0.2828 0.9290
vn 0.1081 -0.0226 0.9939
vn 0.6002 0.1428 0.7870
vn 0.4816 -0.6372 0.6017
vn 0.7533 0.0243 0.6572
vn 0.7596 0.0900 0.6442
vn 0.9844 -0.0408 -0.1714
vn 0.9944 0.0351 -0.0992
vn 0.7532 0.1750 0.6341
vn 0.9885 -0.1175 -0.0953
vn 0.9464 -0.0969 0.3083
vn 0.7766 0.0253 0.6295
vn 0.2767 -0.0245 0.9606
vn 0.2320 -0.4598 0.8572
vn 0.6106 -0.5977 0.5196
vn 0.6466 0.7573 0.0921
vn 0.9369 0.3466 -0.0459
vn 0.9938 0.0532 -0.0971
vn 0.8957 0.0664 -0.4396
vn 0.6745 0.1431 0.7243
vn 0.3161 -0.8211 0.4754
vn -0.2046 -0.5381 0.8176
vn 0.3836 -0.0127 0.9234
vn 0.6379 -0.0740 0.7665
vn 0.9149 -0.2569 0.3114
vn 0.4041 -0.0001 0.9147
vn -0.5076 0.3983 0.7640
vn 0.0902 0.8867 0.4534
vn 0.7965 0.5908 0.1282
vn -0.0000 -0.9975 -0.0711
vn -0.0000 -0.9934 -0.1146
vn -0.0050 -0.9952 -0.0980
vn -0.0418 -0.2187 0.9749
vn 0.0710 -0.1949 0.9783
vn 0.0072 -0.9953 -0.0961
vn -0.0000 -0.9956 -0.0935
vn -0.0000 -0.2245 0.9745
vn 0.0335 0.9533 0.3003
vn 0.0884 0.9445 0.3163
vn -0.0059 0.9529 0.3034
vn -0.0000 0.9553 0.2957
vn -0.0000 0.9630 0.2694
vn -0.0000 0.9597 0.2812
vn 0.3804 -0.9133 0.1456
vn 0.5036 0.8059 0.3115
vn 0.5739 0.7320 0.3672
vn 0.0015 0.9446 0.3284
vn -0.0144 0.9388 0.3441
vn -0.0000 0.9338 0.3578
vn 0.3178 0.6447 0.6953
vn -0.0000 0.6242 0.7813
vn -0.0000 -0.0272 0.9996
vn 0.4275 -0.0142 0.9039
vn 0.6203 -0.0126 0.7843
vn 0.4382 0.6274 0.6437
vn 0.1601 0.9314 0.3269
vn 0.1152 0.9427 0.3130
vn -0.0000 0.9520 0.3062
vn 0.4011 -0.3117 0.8614
vn -0.0000 -0.3289 0.9444
vn 0.5984 -0.3342 0.7282
vn 0.6481 0.5331 0.5439
vn 0.8442 -0.0829 0.5296
vn 0.1573 0.9163 0.3684
vn 0.1195 0.9365 0.3297
vn -0.0000 0.9500 0.3122
vn 0.1776 -0.9460 0.2711
vn -0.0000 -0.9693 0.2461
vn 0.8321 0.1318 0.5387
vn 0.9487 -0.0592 0.3106
vn 0.6537 0.0099 0.7567
vn 0.5005 0.1032 0.8596
vn -0.0000 0.0475 0.9989
vn 0.4592 0.2222 -0.8601
vn 0.8418 0.0404 -0.5383
vn 0.3716 0.3012 -0.8782
vn 0.3822 0.4370 -0.8142
vn 0.4549 0.3388 -0.8236
vn 0.7795 0.1156 -0.6157
vn 0.3445 0.9285 -0.1388
vn 0.3978 0.8927 0.2118
vn 0.3125 0.8577 -0.4084
vn 0.4595 0.7897 -0.4065
vn 0.5262 0.8250 -0.2060
vn 0.5182 0.8477 0.1134
vn 0.4402 0.7488 0.4955
vn 0.4868 0.7839 0.3855
vn 0.3393 0.7425 -0.5775
vn 0.4323 0.7356 -0.5216
vn -0.0020 0.9966 -0.0825
vn 0.2849 0.9546 -0.0871
vn 0.5344 0.5893 -0.6059
vn -0.0013 0.6730 -0.7396
vn 0.9899 0.1279 0.0609
vn 0.9052 0.2833 0.3169
vn 0.8155 0.4120 0.4065
vn 0.9600 0.2569 0.1112
vn 0.9887 0.1457 -0.0349
vn 0.9961 0.0866 -0.0183
vn 0.9943 0.0595 -0.0880
vn 0.9948 0.0964 0.0340
vn 0.9086 0.3115 0.2782
vn 0.3115 0.9492 -0.0448
vn -0.0021 0.9985 -0.0545
vn -0.0020 0.8915 -0.4531
vn 0.6536 0.7014 -0.2844
vn 0.9807 0.1655 -0.1037
vn 0.7927 0.6087 -0.0337
vn 0.6467 0.7611 -0.0512
vn 0.9962 0.0868 0.0037
vn 0.8760 0.4112 0.2522
vn 0.8340 -0.3379 -0.4362
vn 0.8582 -0.3114 -0.4081
vn 0.9706 0.2133 -0.1117
vn 0.8481 0.4739 0.2370
vn 0.9503 0.2764 -0.1433
vn 0.9964 0.0609 -0.0584
vn 0.9967 0.0623 -0.0512
vn 0.9539 0.2437 -0.1751
vn 0.6836 -0.2635 -0.6806
vn 0.7775 0.2637 -0.5710
vn -0.0006 0.3532 -0.9356
vn 0.0008 -0.3810 -0.9246
vn 0.0017 -0.8581 -0.5135
vn 0.0409 -0.8454 -0.5326
vn 0.8331 -0.3351 -0.4401
vn 0.3742 -0.8177 -0.4374
vn 0.5250 -0.8102 -0.2609
vn 0.9493 -0.2797 -0.1435
vn 0.7422 0.1655 -0.6494
vn 0.7281 0.0378 -0.6844
vn -0.0002 0.1189 -0.9929
vn -0.0004 0.2368 -0.9716
vn 0.4873 0.5054 0.7121
vn -0.0033 0.5744 0.8185
vn -0.0013 0.5371 0.8435
vn 0.4022 0.5282 0.7478
vn 0.5033 0.5935 0.6280
vn -0.0049 0.6949 0.7191
vn 0.3240 0.6282 0.7074
vn -0.0006 0.5942 0.8043
vn -0.0004 0.7262 0.6875
vn 0.2896 0.7134 0.6381
vn 0.5873 0.6397 0.4959
vn 0.7723 0.5870 0.2427
vn 0.8742 0.4851 -0.0221
vn 0.7456 0.5725 -0.3409
vn 0.7621 0.5509 -0.3403
vn 0.7974 0.4640 -0.3858
vn 0.9779 0.1638 -0.1301
vn 0.6390 0.0389 -0.7682
vn 0.6135 0.1397 -0.7772
vn 0.5610 -0.2270 -0.7961
vn 0.9089 -0.0223 -0.4165
vn 0.9025 0.0582 -0.4267
vn 0.7625 0.3632 -0.5355
vn 0.7573 0.3572 -0.5467
vn 0.9714 0.1334 -0.1966
vn 0.3862 0.5039 -0.7726
vn 0.7551 0.3091 -0.5782
vn 0.9954 0.0510 -0.0810
vn 0.9717 0.1252 -0.2002
vn 0.7814 -0.4370 0.4455
vn 0.7231 0.1870 -0.6650
vn 0.6652 0.1267 -0.7359
vn 0.8536 0.4602 -0.2442
vn 0.9742 0.1708 -0.1474
vn 0.5111 0.5769 -0.6371
vn 0.4469 0.8281 0.3384
vn 0.4704 -0.4502 -0.7590
vn 0.0036 -0.5259 -0.8505
vn -0.0047 0.6825 -0.7309
vn -0.0064 0.9180 0.3966
vn 0.4436 0.7379 0.5087
vn -0.0058 0.8261 0.5635
vn 0.2759 -0.6376 -0.7193
vn 0.6603 -0.1310 -0.7395
vn -0.0005 0.0638 -0.9980
vn 0.0046 -0.6726 -0.7400
vn 0.9951 0.0865 -0.0481
vn 0.9803 0.1918 -0.0475
vn 0.8616 0.4887 -0.1375
vn 0.9979 0.0303 -0.0576
vn 0.9854 -0.1186 -0.1224
vn 0.8611 -0.3900 -0.3262
vn 0.9846 0.0448 -0.1687
vn 0.5876 -0.7166 -0.3757
vn 0.5983 -0.7219 -0.3477
vn 0.7662 0.3483 -0.5401
vn 0.3919 0.5075 -0.7674
vn 0.3887 0.5157 -0.7635
vn 0.0444 -0.9102 -0.4117
vn 0.0018 -0.9156 -0.4020
vn 0.0018 -0.9044 -0.4266
vn 0.2285 -0.8729 -0.4312
vn 0.7849 0.3563 -0.5070
vn 0.9980 0.0296 -0.0565
vn 0.9980 0.0331 -0.0535
vn 0.6468 0.0769 -0.7588
vn 0.6498 0.0760 -0.7563
vn 0.9857 0.0433 -0.1626
vn -0.0001 0.0700 -0.9975
vn 0.9743 0.1313 -0.1829
vn 0.9951 0.0626 -0.0760
vn 0.9954 0.0682 -0.0667
vn 0.5375 -0.3889 -0.7482
vn 0.0010 -0.4719 -0.8817
vn 0.4245 0.4927 -0.7596
vn 0.4104 0.5021 -0.7612
vn 0.9337 -0.0259 -0.3570
vn 0.7457 0.0244 0.6658
vn 0.7505 -0.1014 0.6531
vn 0.2454 0.1113 0.9630
vn 0.2274 0.1599 0.9606
vn 0.2362 0.3493 0.9067
vn 0.3098 0.1672 0.9360
vn 0.9265 -0.1335 0.3519
vn 0.1715 0.9036 0.3925
vn 0.9297 -0.0822 0.3591
vn 0.8523 0.1355 0.5053
vn 0.6483 -0.3941 -0.6514
vn -0.1266 -0.9266 -0.3541
vn 0.0179 -0.0503 0.9986
vn 0.0186 -0.0014 0.9998
vn 0.0268 0.0459 -0.9986
vn -0.0215 0.1072 -0.9940
vn -0.0107 0.0800 -0.9967
vn 0.1582 0.0337 -0.9868
vn -0.0268 0.1341 -0.9906
vn -0.2667 0.6444 -0.7167
vn -0.2782 0.6195 -0.7340
vn -0.2653 0.6377 -0.7232
vn 0.4416 0.4661 -0.7667
vn 0.9551 -0.1275 -0.2673
vn 0.9401 -0.0698 -0.3336
vn -0.3795 0.8442 0.3784
vn -0.3632 0.8601 0.3582
vn -0.1056 0.3182 0.9421
vn -0.1067 0.2756 0.9553
vn -0.3443 0.8430 0.4133
vn 0.1097 -0.0458 0.9929
vn -0.0017 -0.0449 0.9990
vn -0.0140 -0.1099 0.9938
vn -0.0044 -0.1337 0.9910
vn -0.1444 -0.6872 0.7119
vn -0.1904 -0.6680 0.7194
vn -0.1347 -0.6723 0.7279
vn -0.0149 -0.0851 0.9963
vn -0.2309 -0.8795 -0.4162
vn -0.1920 -0.8945 -0.4036
vn -0.0294 -0.3024 -0.9527
vn -0.0359 -0.2653 -0.9635
vn 0.0258 -0.2448 -0.9692
vn -0.1189 -0.9037 -0.4114
vn 0.0232 0.0016 0.9997
vn 0.0390 0.0005 -0.9992
vn 0.0300 0.0001 -0.9995
vn 0.1698 -0.0079 -0.9855
vn 0.1002 0.0089 -0.9949
vn 0.0213 0.0611 -0.9979
vn 0.9163 -0.1215 0.3815
vn 0.8942 -0.1604 0.4180
vn 0.7401 -0.1309 0.6596
vn 0.7030 0.3044 0.6427
vn 0.2613 0.7197 0.6432
vn -0.0003 0.7342 0.6790
vn 0.0972 0.0290 0.9948
vn 0.1883 0.0431 -0.9812
vn 0.1217 -0.2424 -0.9625
vn 0.4915 0.4440 -0.7492
vn 0.5205 0.5048 -0.6887
vn 0.4382 0.1098 -0.8921
vn 0.2196 -0.2359 -0.9466
vn 0.4391 0.8207 0.3655
vn 0.3337 0.5497 -0.7658
vn 0.9965 0.0685 -0.0474
vn 0.1030 0.2694 0.9575
vn 0.1846 0.3269 0.9269
vn 0.6275 0.7446 0.2276
vn 0.3804 0.6356 -0.6718
vn 0.9618 0.2719 0.0324
vn 0.8541 -0.4631 -0.2369
vn 0.3224 -0.1921 -0.9269
vn 0.3636 0.2210 -0.9050
vn 0.0753 0.7310 -0.6782
vn 0.4006 0.8835 0.2428
vn 0.6680 -0.6309 -0.3947
vn 0.2316 -0.1972 -0.9526
vn -0.2026 0.8753 0.4391
vn -0.1566 0.7126 -0.6839
vn 0.0371 0.0684 -0.9970
vn 0.9986 0.0105 0.0517
vn 0.6618 -0.7323 -0.1607
vn 0.2832 -0.3205 -0.9039
vn 0.4660 0.1370 -0.8741
vn 0.3742 -0.1243 0.9190
vn 0.3164 -0.6310 0.7083
vn 0.0291 -0.0670 0.9973
vn 0.2690 -0.5708 0.7758
vn 0.1224 0.0662 -0.9903
vn 0.1945 -0.2664 -0.9440
vn 0.0515 0.0382 -0.9979
vn 0.4660 -0.8177 -0.3379
vn 0.9903 -0.1388 -0.0044
vn 0.9862 -0.1474 0.0758
vn 0.5565 -0.8237 -0.1086
vn 0.7679 0.5973 0.2314
vn 0.1797 0.2175 0.9594
vn 0.2189 -0.1059 0.9700
vn 0.1175 -0.6024 0.7895
vn 0.0768 -0.9240 -0.3747
vn -0.0044 -0.6587 0.7524
vn 0.0037 -0.0627 0.9980
vn 0.1488 0.1984 0.9687
vn 0.6324 0.6728 0.3839
vn 0.2302 0.2343 -0.9445
vn -0.1165 -0.4979 -0.8594
vn 0.0283 -0.0631 0.9976
vn -0.1345 0.4247 0.8953
vn -0.3031 -0.8784 -0.3697
vn -0.2566 -0.7952 0.5494
vn -0.3545 0.8571 0.3738
vn -0.1939 0.8081 -0.5562
vn 0.9933 -0.0488 -0.1051
vn 0.9938 0.0146 -0.1103
vn 0.9019 0.0488 -0.4292
vn 0.9942 -0.0006 -0.1074
vn 0.9808 0.0391 -0.1909
vn 0.9804 0.0392 -0.1932
vn 0.9721 -0.1568 -0.1747
vn 0.9804 -0.0172 -0.1965
vn 0.7412 0.1398 -0.6566
vn 0.7153 0.1593 -0.6804
vn -0.0002 0.2229 -0.9748
vn -0.0002 0.2086 -0.9780
vn 0.6852 0.0014 -0.7283
vn -0.0000 -0.0181 -0.9998
vn 0.6076 -0.5337 -0.5882
vn 0.0004 -0.6305 -0.7762
vn 0.9965 0.0702 -0.0459
vn 0.9830 0.1620 -0.0863
vn 0.9835 0.1365 -0.1190
vn 0.7276 0.3954 -0.5607
vn 0.9831 0.1100 -0.1463
vn 0.7037 0.5238 -0.4801
vn -0.0018 0.5738 -0.8190
vn 0.7075 0.6213 -0.3367
vn -0.0052 0.8784 -0.4779
vn -0.0036 0.7382 -0.6746
vn 0.0003 -0.9272 -0.3746
vn 0.0005 -0.9568 -0.2907
vn 0.2401 -0.5773 -0.7804
vn 0.1253 -0.3404 -0.9319
vn -0.0000 -0.4116 -0.9114
vn 0.0002 -0.7090 -0.7052
vn 0.0803 -0.3313 -0.9401
vn 0.0809 -0.5469 -0.8333
vn -0.0000 -0.5608 -0.8280
vn -0.0000 -0.3538 -0.9353
vn 0.0598 -0.9790 -0.1949
vn 0.0624 -0.9152 -0.3982
vn 0.0585 -0.9920 -0.1115
vn -0.0000 -0.9938 -0.1109
vn -0.0000 -0.9809 -0.1947
vn -0.0000 -0.9196 -0.3929
vn 0.0542 -0.9974 -0.0472
vn -0.0000 -0.9989 -0.0474
vn 0.0737 -0.7716 -0.6318
vn -0.0000 -0.7841 -0.6207
vn 0.6228 0.1595 -0.7659
vn -0.4535 0.5880 0.6697
vn -0.4076 0.6359 0.6554
vn -0.7615 0.2356 0.6038
vn -0.8032 0.1110 0.5853
vn -0.6608 0.1402 0.7374
vn -0.5803 0.4208 0.6973
vn -0.3684 0.1478 0.9178
vn -0.8746 -0.3858 0.2936
vn -0.8886 -0.2730 0.3686
vn -0.5357 -0.7658 0.3557
vn -0.5677 -0.7600 0.3166
vn -0.9489 -0.1071 0.2969
vn -0.9523 -0.0113 0.3050
vn -0.8562 -0.4541 0.2464
vn -0.9469 -0.1303 0.2938
vn -0.5633 -0.7838 0.2616
vn -0.0869 -0.0507 0.9949
vn -0.0277 -0.0161 0.9995
vn 0.0989 0.2513 0.9628
vn 0.0477 0.2590 0.9647
vn -0.4873 -0.4819 0.7282
vn -0.1160 0.0012 0.9932
vn -0.4679 -0.0825 0.8799
vn -0.5726 -0.5116 0.6406
vn -0.0987 0.2776 0.9556
vn -0.9943 0.1066 -0.0048
vn -0.8728 0.0902 -0.4797
vn -0.8887 0.3286 -0.3197
vn -0.9378 0.2176 0.2705
vn -0.8415 0.2434 0.4824
vn -0.8793 0.0764 0.4700
vn -0.8990 0.1307 0.4180
vn -0.7714 0.6014 0.2079
vn -0.0637 -0.1995 0.9778
vn -0.6308 -0.1528 0.7608
vn -0.6371 -0.0745 0.7672
vn -0.1393 -0.0724 0.9876
vn -0.8628 0.4670 -0.1938
vn -0.9214 0.3368 -0.1939
vn -0.9374 0.3436 0.0560
vn -0.9101 0.4037 0.0933
vn -0.6333 0.6251 -0.4562
vn -0.7193 0.5007 -0.4816
vn -0.6184 0.7723 -0.1457
vn -0.5003 0.7826 -0.3705
vn -0.6734 0.7113 0.2012
vn -0.9867 -0.0289 -0.1597
vn -0.9588 0.0216 -0.2834
vn -0.9697 0.1133 -0.2162
vn -0.9925 0.0098 -0.1218
vn -0.9943 0.0222 -0.1045
vn -0.9487 -0.0054 -0.3162
vn -0.9842 -0.0088 -0.1768
vn -0.9858 0.1267 -0.1098
vn -0.8749 -0.3354 -0.3495
vn -0.5195 0.2173 0.8264
vn -0.5407 0.1147 0.8333
vn -0.7715 0.2993 0.5614
vn -0.4929 0.5020 0.7106
vn -0.7760 0.1737 0.6063
vn -0.9933 0.0205 -0.1140
vn -0.9941 0.0134 -0.1079
vn -0.9625 0.0577 -0.2650
vn -0.9725 -0.0363 -0.2302
vn -0.3927 0.5792 0.7144
vn -0.5426 0.5100 0.6674
vn -0.6147 0.5197 0.5933
vn -0.4070 0.5737 0.7108
vn -0.5127 0.5131 0.6883
vn -0.8548 0.3749 0.3589
vn -0.9092 0.2966 0.2923
vn -0.8742 0.2585 0.4112
vn -0.7886 0.3652 0.4947
vn -0.6461 0.5858 0.4893
vn -0.6040 0.5069 0.6149
vn -0.8965 0.2166 0.3866
vn -0.7567 0.1381 0.6390
vn -0.9201 0.2553 0.2970
vn -0.9109 -0.3076 -0.2751
vn -0.9249 -0.1629 -0.3435
vn -0.8015 -0.5961 0.0478
vn -0.4090 0.5367 -0.7381
vn -0.4026 0.5559 -0.7273
vn -0.3827 0.6440 -0.6624
vn -0.4338 0.6368 -0.6374
vn -0.6229 0.4038 0.6700
vn -0.9371 0.1618 0.3092
vn -0.3245 -0.9360 0.1367
vn -0.7148 -0.5980 0.3624
vn -0.8522 -0.4876 0.1896
vn -0.4105 -0.9118 -0.0042
vn -0.2055 -0.9601 0.1895
vn -0.1203 -0.9926 -0.0161
vn -0.0999 -0.9919 0.0785
vn -0.1254 -0.9878 -0.0928
vn -0.3959 -0.0493 -0.9170
vn -0.4362 0.0747 -0.8967
vn -0.4282 0.1385 -0.8930
vn -0.4437 0.0339 -0.8955
vn -0.5011 -0.2316 -0.8338
vn -0.6645 -0.0348 -0.7465
vn -0.2664 -0.2175 -0.9390
vn -0.2895 -0.4404 -0.8499
vn -0.3410 -0.1541 -0.9274
vn -0.4605 0.5973 0.6567
vn -0.5161 0.5288 0.6738
vn -0.4719 0.6431 0.6032
vn -0.3769 0.6462 0.6637
vn -0.4549 0.6976 0.5535
vn -0.4669 -0.8579 -0.2144
vn -0.9055 -0.4154 -0.0869
vn -0.8891 -0.2982 -0.3473
vn -0.5175 -0.7106 -0.4766
vn -0.1421 -0.9685 -0.2044
vn -0.1984 -0.8773 -0.4370
vn -0.5530 -0.4659 -0.6908
vn -0.8271 -0.1544 -0.5405
vn -0.2656 -0.6866 -0.6768
vn -0.4528 0.1575 -0.8776
vn -0.3999 0.2017 -0.8941
vn -0.4592 0.2018 -0.8651
vn -0.3748 0.2230 -0.8999
vn -0.7592 0.0910 -0.6444
vn -0.7969 0.1527 -0.5844
vn -0.9949 0.0267 0.0971
vn -0.9918 0.0309 -0.1237
vn -0.9717 0.0480 0.2312
vn -0.9988 0.0226 -0.0439
vn -0.9551 0.0025 0.2964
vn -0.8988 0.1630 0.4069
vn -0.9139 -0.1112 0.3904
vn -0.9331 0.1701 0.3168
vn -0.0797 -0.9807 0.1786
vn -0.1280 -0.9611 0.2448
vn -0.0539 -0.9958 0.0743
vn -0.8705 -0.1692 0.4621
vn -0.8707 0.0696 0.4869
vn -0.8766 -0.1295 0.4634
vn -0.5975 0.4280 0.6780
vn -0.4241 0.0918 0.9010
vn -0.4125 0.0647 0.9087
vn -0.6861 0.1338 0.7151
vn -0.7034 0.0676 0.7076
vn -0.4573 0.0989 0.8838
vn -0.9218 0.1052 0.3731
vn -0.9408 0.0447 -0.3360
vn -0.9639 0.0852 -0.2524
vn -0.2527 -0.8784 0.4057
vn -0.1971 -0.9513 0.2369
vn -0.5481 -0.7270 0.4136
vn -0.3440 -0.5922 0.7286
vn -0.5125 -0.5287 0.6766
vn -0.0775 -0.9740 0.2128
vn -0.2941 -0.6393 0.7105
vn -0.5501 -0.6266 0.5521
vn -0.1950 -0.9654 0.1729
vn 0.0273 -0.9987 -0.0433
vn 0.0245 -0.9981 -0.0564
vn -0.2393 -0.0741 -0.9681
vn -0.3224 0.0849 -0.9428
vn -0.8243 0.0961 -0.5579
vn -0.8424 0.0082 -0.5388
vn -0.9502 0.1294 -0.2834
vn -0.8297 0.2051 -0.5191
vn -0.9411 0.1719 -0.2912
vn -0.9353 0.2651 -0.2344
vn -0.7547 0.4122 -0.5105
vn -0.7601 0.3487 -0.5484
vn -0.7277 0.6185 -0.2965
vn -0.9954 0.0525 -0.0801
vn -0.9981 0.0313 -0.0536
vn -0.9959 -0.0195 -0.0878
vn -0.9949 0.0381 -0.0937
vn -0.9703 0.1316 -0.2030
vn -0.7815 0.3189 -0.5362
vn -0.7910 0.2818 -0.5431
vn -0.9540 0.0912 -0.2856
vn -0.8364 -0.0040 0.5482
vn -0.8826 0.0001 0.4701
vn -0.7904 0.3451 0.5061
vn -0.8338 0.0154 0.5518
vn -0.8634 -0.1094 0.4926
vn -0.7903 -0.4979 0.3572
vn -0.9548 -0.1995 0.2206
vn -0.8875 -0.4211 -0.1871
vn -0.9168 -0.1839 0.3545
vn -0.5853 -0.6676 0.4601
vn -0.3402 -0.9336 0.1128
vn -0.7425 -0.5570 0.3720
vn -0.3754 -0.9245 0.0654
vn -0.0009 -0.9928 -0.1194
vn 0.0098 -0.9968 -0.0791
vn 0.0252 -0.9966 -0.0783
vn 0.0117 -0.9930 -0.1177
vn -0.6550 0.6072 0.4498
vn -0.6644 0.5786 0.4731
vn -0.6305 0.6659 0.3988
vn -0.0565 0.9303 0.3624
vn -0.0109 0.9444 0.3287
vn -0.1218 0.9144 0.3861
vn -0.4042 -0.1340 0.9048
vn -0.7022 -0.1673 0.6920
vn -0.0830 0.0728 0.9939
vn -0.1262 0.1292 0.9836
vn -0.2247 0.1499 0.9628
vn -0.2567 0.1149 0.9596
vn -0.8138 -0.5811 0.0031
vn -0.9686 -0.2451 -0.0424
vn -0.2366 0.6938 0.6802
vn -0.4364 0.4938 0.7521
vn -0.5685 0.6554 0.4973
vn -0.4765 0.7370 0.4793
vn -0.9952 0.0687 0.0691
vn -0.9103 0.0787 0.4063
vn -0.8166 0.2828 0.5031
vn -0.9504 0.1815 0.2526
vn -0.7825 0.2224 0.5816
vn -0.7479 0.0375 0.6628
vn -0.7297 -0.0127 0.6837
vn -0.1688 0.1716 0.9706
vn -0.6958 0.0735 0.7145
vn -0.6018 0.2047 0.7719
vn -0.9415 0.0588 0.3318
vn -0.2560 0.1619 0.9530
vn -0.5760 0.2340 0.7832
vn -0.5674 0.2354 0.7891
vn -0.1081 -0.0226 0.9939
vn -0.2387 -0.2828 0.9290
vn -0.6002 0.1428 0.7870
vn -0.4816 -0.6372 0.6017
vn -0.7533 0.0243 0.6572
vn -0.9944 0.0351 -0.0992
vn -0.9844 -0.0408 -0.1714
vn -0.7596 0.0900 0.6442
vn -0.7532 0.1750 0.6341
vn -0.9885 -0.1175 -0.0953
vn -0.9464 -0.0969 0.3083
vn -0.7766 0.0253 0.6295
vn -0.2767 -0.0245 0.9606
vn -0.6106 -0.5977 0.5196
vn -0.2320 -0.4598 0.8572
vn -0.6466 0.7573 0.0921
vn -0.9369 0.3466 -0.0459
vn -0.8957 0.0664 -0.4396
vn -0.9938 0.0532 -0.0971
vn -0.6745 0.1431 0.7243
vn -0.3161 -0.8210 0.4755
vn -0.6379 -0.0740 0.7666
vn -0.3836 -0.0127 0.9234
vn 0.2047 -0.5380 0.8177
vn -0.9149 -0.2569 0.3114
vn -0.4041 -0.0000 0.9147
vn 0.5076 0.3982 0.7641
vn -0.0903 0.8867 0.4535
vn -0.7966 0.5907 0.1282
vn 0.0050 -0.9952 -0.0980
vn -0.0072 -0.9953 -0.0961
vn -0.0710 -0.1948 0.9783
vn 0.0418 -0.2187 0.9749
vn -0.0335 0.9533 0.3003
vn -0.0884 0.9445 0.3163
vn 0.0059 0.9529 0.3034
vn -0.3804 -0.9133 0.1456
vn -0.5036 0.8059 0.3115
vn -0.5739 0.7320 0.3672
vn -0.0015 0.9446 0.3283
vn 0.0144 0.9388 0.3441
vn -0.3178 0.6447 0.6953
vn -0.4275 -0.0142 0.9039
vn -0.4382 0.6274 0.6437
vn -0.6203 -0.0126 0.7843
vn -0.1152 0.9427 0.3130
vn -0.1601 0.9314 0.3269
vn -0.4011 -0.3117 0.8614
vn -0.5984 -0.3342 0.7282
vn -0.6481 0.5331 0.5439
vn -0.8442 -0.0829 0.5296
vn -0.1573 0.9163 0.3684
vn -0.1195 0.9365 0.3297
vn -0.1776 -0.9460 0.2711
vn -0.8321 0.1318 0.5387
vn -0.9487 -0.0592 0.3106
vn -0.6537 0.0099 0.7567
vn -0.5005 0.1032 0.8595
vn -0.4586 0.2225 -0.8603
vn -0.8416 0.0405 -0.5386
vn -0.3710 0.3015 -0.8783
vn -0.4543 0.3391 -0.8238
vn -0.3817 0.4373 -0.8143
vn -0.7792 0.1159 -0.6160
vn -0.3442 0.9286 -0.1390
vn -0.3974 0.8929 0.2114
vn -0.3122 0.8577 -0.4085
vn -0.5262 0.8250 -0.2062
vn -0.4594 0.7896 -0.4067
vn -0.5183 0.8477 0.1131
vn -0.4399 0.7493 0.4951
vn -0.4869 0.7840 0.3850
vn -0.3389 0.7427 -0.5775
vn -0.4321 0.7356 -0.5217
vn -0.5368 0.5871 -0.6059
vn -0.2888 0.9534 -0.0870
vn -0.9916 0.1134 0.0616
vn -0.9627 0.2462 0.1119
vn -0.8178 0.4062 0.4077
vn -0.9089 0.2701 0.3176
vn -0.9972 0.0719 -0.0201
vn -0.9905 0.1326 -0.0357
vn -0.9960 0.0825 0.0334
vn -0.9949 0.0444 -0.0909
vn -0.9128 0.2988 0.2784
vn -0.3155 0.9479 -0.0448
vn -0.6570 0.6980 -0.2847
vn -0.7953 0.6053 -0.0337
vn -0.9816 0.1605 -0.1038
vn -0.6498 0.7584 -0.0512
vn -0.9974 0.0723 0.0026
vn -0.8817 0.3990 0.2516
vn -0.8287 -0.3500 -0.4367
vn -0.9735 0.1997 -0.1118
vn -0.8536 -0.3237 -0.4082
vn -0.8550 0.4617 0.2364
vn -0.9511 0.2732 -0.1439
vn -0.9551 0.2385 -0.1757
vn -0.9973 0.0516 -0.0526
vn -0.9968 0.0536 -0.0590
vn -0.6829 -0.2651 -0.6807
vn -0.7782 0.2620 -0.5707
vn -0.0377 -0.8455 -0.5326
vn -0.8323 -0.3344 -0.4420
vn -0.9491 -0.2799 -0.1446
vn -0.5241 -0.8105 -0.2615
vn -0.3733 -0.8176 -0.4383
vn -0.7427 0.1639 -0.6493
vn -0.7283 0.0367 -0.6843
vn -0.4930 0.4988 0.7129
vn -0.4039 0.5257 0.7487
vn -0.5117 0.5862 0.6281
vn -0.3249 0.6279 0.7072
vn -0.2903 0.7134 0.6378
vn -0.5880 0.6391 0.4958
vn -0.7736 0.5852 0.2431
vn -0.8765 0.4808 -0.0220
vn -0.7456 0.5723 -0.3413
vn -0.7624 0.5501 -0.3408
vn -0.7972 0.4639 -0.3863
vn -0.9782 0.1614 -0.1307
vn -0.6379 0.0399 -0.7691
vn -0.6127 0.1403 -0.7778
vn -0.5598 -0.2256 -0.7973
vn -0.9082 -0.0217 -0.4179
vn -0.9020 0.0586 -0.4277
vn -0.7620 0.3634 -0.5361
vn -0.9712 0.1333 -0.1974
vn -0.7568 0.3575 -0.5472
vn -0.7545 0.3094 -0.5787
vn -0.3858 0.5041 -0.7727
vn -0.9716 0.1247 -0.2009
vn -0.9955 0.0491 -0.0812
vn -0.7814 -0.4370 0.4455
vn -0.7225 0.1874 -0.6655
vn -0.6645 0.1271 -0.7364
vn -0.8554 0.4564 -0.2449
vn -0.9756 0.1617 -0.1487
vn -0.5191 0.5697 -0.6371
vn -0.4583 0.8219 0.3383
vn -0.4642 -0.4567 -0.7589
vn -0.4540 0.7317 0.5085
vn -0.2667 -0.6415 -0.7193
vn -0.6570 -0.1417 -0.7404
vn -0.9954 0.0829 -0.0480
vn -0.9811 0.1878 -0.0475
vn -0.8636 0.4851 -0.1375
vn -0.9980 0.0265 -0.0576
vn -0.9848 0.0408 -0.1687
vn -0.8595 -0.3935 -0.3262
vn -0.9849 -0.1222 -0.1224
vn -0.5848 -0.7190 -0.3757
vn -0.5954 -0.7243 -0.3477
vn -0.3883 0.5159 -0.7636
vn -0.3915 0.5076 -0.7675
vn -0.7657 0.3483 -0.5407
vn -0.0408 -0.9104 -0.4117
vn -0.2249 -0.8738 -0.4312
vn -0.7845 0.3563 -0.5076
vn -0.9981 0.0297 -0.0533
vn -0.9981 0.0257 -0.0565
vn -0.6471 0.0742 -0.7588
vn -0.9859 0.0393 -0.1626
vn -0.6501 0.0733 -0.7563
vn -0.9743 0.1304 -0.1836
vn -0.9957 0.0642 -0.0669
vn -0.9953 0.0602 -0.0761
vn -0.5359 -0.3911 -0.7482
vn -0.4238 0.4932 -0.7598
vn -0.4097 0.5024 -0.7614
vn -0.9337 -0.0259 -0.3570
vn -0.7457 0.0244 0.6658
vn -0.7505 -0.1014 0.6531
vn -0.2454 0.1113 0.9630
vn -0.2274 0.1599 0.9606
vn -0.3098 0.1672 0.9360
vn -0.2362 0.3493 0.9067
vn -0.9265 -0.1335 0.3519
vn -0.1715 0.9036 0.3925
vn -0.9297 -0.0822 0.3591
vn -0.8523 0.1355 0.5053
vn 0.1266 -0.9266 -0.3541
vn -0.6483 -0.3941 -0.6514
vn -0.0179 -0.0503 0.9986
vn -0.0186 -0.0014 0.9998
vn -0.0268 0.0459 -0.9986
vn -0.1582 0.0337 -0.9868
vn 0.0107 0.0800 -0.9967
vn 0.0215 0.1072 -0.9940
vn 0.2782 0.6195 -0.7340
vn 0.2667 0.6445 -0.7166
vn 0.0268 0.1341 -0.9906
vn 0.2653 0.6377 -0.7232
vn -0.4409 0.4665 -0.7668
vn -0.9552 -0.1275 -0.2673
vn -0.9401 -0.0698 -0.3336
vn 0.3795 0.8442 0.3784
vn 0.3632 0.8601 0.3583
vn 0.1067 0.2756 0.9553
vn 0.1056 0.3182 0.9421
vn 0.3443 0.8430 0.4133
vn 0.0017 -0.0449 0.9990
vn -0.1097 -0.0458 0.9929
vn 0.0140 -0.1099 0.9938
vn 0.1904 -0.6680 0.7194
vn 0.1444 -0.6872 0.7119
vn 0.0044 -0.1337 0.9910
vn 0.0149 -0.0851 0.9963
vn 0.1347 -0.6723 0.7279
vn 0.2309 -0.8795 -0.4162
vn 0.1920 -0.8945 -0.4036
vn 0.0359 -0.2653 -0.9635
vn 0.0294 -0.3024 -0.9527
vn 0.1189 -0.9037 -0.4114
vn -0.0258 -0.2448 -0.9692
vn -0.0232 0.0016 0.9997
vn -0.0390 0.0005 -0.9992
vn -0.0300 0.0001 -0.9995
vn -0.1002 0.0089 -0.9949
vn -0.1698 -0.0079 -0.9855
vn -0.0213 0.0611 -0.9979
vn -0.9163 -0.1215 0.3815
vn -0.8942 -0.1604 0.4180
vn -0.7401 -0.1309 0.6596
vn -0.7030 0.3044 0.6427
vn -0.2618 0.7198 0.6430
vn -0.0972 0.0290 0.9948
vn -0.1883 0.0431 -0.9812
vn -0.1217 -0.2425 -0.9625
vn -0.4915 0.4440 -0.7492
vn -0.4382 0.1098 -0.8921
vn -0.5205 0.5048 -0.6887
vn -0.2196 -0.2359 -0.9466
vn -0.4391 0.8207 0.3656
vn -0.9965 0.0686 -0.0474
vn -0.3337 0.5497 -0.7658
vn -0.1030 0.2694 0.9575
vn -0.6275 0.7446 0.2276
vn -0.1846 0.3269 0.9269
vn -0.3804 0.6356 -0.6718
vn -0.9618 0.2719 0.0324
vn -0.3636 0.2210 -0.9050
vn -0.3224 -0.1921 -0.9269
vn -0.8541 -0.4630 -0.2369
vn -0.4006 0.8835 0.2428
vn -0.0753 0.7310 -0.6782
vn -0.6680 -0.6309 -0.3947
vn -0.2316 -0.1972 -0.9526
vn 0.2026 0.8753 0.4391
vn 0.1566 0.7126 -0.6839
vn -0.0371 0.0684 -0.9970
vn -0.9986 0.0105 0.0517
vn -0.4660 0.1369 -0.8741
vn -0.2832 -0.3205 -0.9039
vn -0.6618 -0.7323 -0.1607
vn -0.3742 -0.1243 0.9190
vn -0.3164 -0.6310 0.7083
vn -0.0291 -0.0670 0.9973
vn -0.2690 -0.5708 0.7758
vn -0.1224 0.0662 -0.9903
vn -0.0515 0.0382 -0.9979
vn -0.1945 -0.2664 -0.9440
vn -0.4660 -0.8177 -0.3379
vn -0.9903 -0.1388 -0.0044
vn -0.9862 -0.1474 0.0758
vn -0.5565 -0.8237 -0.1086
vn -0.7679 0.5973 0.2314
vn -0.2189 -0.1059 0.9700
vn -0.1797 0.2175 0.9594
vn -0.1175 -0.6024 0.7895
vn -0.0768 -0.9240 -0.3747
vn 0.0044 -0.6587 0.7524
vn -0.0037 -0.0627 0.9980
vn -0.1488 0.1984 0.9688
vn -0.6324 0.6728 0.3839
vn -0.2302 0.2343 -0.9445
vn 0.1165 -0.4979 -0.8594
vn -0.0283 -0.0631 0.9976
vn 0.1345 0.4247 0.8953
vn 0.3031 -0.8784 -0.3697
vn 0.2566 -0.7952 0.5494
vn 0.3545 0.8571 0.3738
vn 0.1939 0.8081 -0.5562
vn -0.9932 -0.0489 -0.1060
vn -0.9937 0.0145 -0.1108
vn -0.9014 0.0492 -0.4301
vn -0.9804 0.0386 -0.1932
vn -0.9808 0.0388 -0.1910
vn -0.9941 -0.0005 -0.1081
vn -0.9803 -0.0176 -0.1967
vn -0.9719 -0.1573 -0.1752
vn -0.7415 0.1392 -0.6564
vn -0.7156 0.1590 -0.6802
vn -0.6852 0.0009 -0.7284
vn -0.6069 -0.5343 -0.5884
vn -0.9850 0.1476 -0.0898
vn -0.9972 0.0567 -0.0485
vn -0.9848 0.1244 -0.1213
vn -0.9839 0.1015 -0.1473
vn -0.7300 0.3891 -0.5618
vn -0.7087 0.5153 -0.4819
vn -0.7150 0.6112 -0.3395
vn -0.2397 -0.5765 -0.7811
vn -0.1253 -0.3400 -0.9320
vn -0.0803 -0.3313 -0.9401
vn -0.0809 -0.5469 -0.8333
vn -0.0598 -0.9790 -0.1949
vn -0.0624 -0.9152 -0.3982
vn -0.0585 -0.9920 -0.1115
vn -0.0542 -0.9974 -0.0472
vn -0.0737 -0.7716 -0.6318
vn -0.6221 0.1599 -0.7664
vn 0.9811 -0.1935 -0.0008
vn 0.9529 -0.1668 0.2534
vn 0.8261 -0.4787 0.2974
vn 0.8402 -0.5401 0.0480
vn -0.2660 -0.0276 -0.9636
vn 0.0028 -0.0833 -0.9965
vn -0.0371 -0.1815 -0.9827
vn 0.7121 -0.0825 0.6972
vn 0.4753 -0.1290 0.8703
vn 0.6375 -0.2660 0.7231
vn 0.4894 -0.1676 -0.8558
vn 0.6905 -0.1940 -0.6968
vn 0.5638 -0.5058 -0.6529
vn 0.3852 -0.4239 -0.8197
vn 0.9445 -0.2074 -0.2548
vn 0.7988 -0.5658 -0.2043
vn 0.8613 -0.1290 0.4914
vn 0.7572 -0.3853 0.5275
vn 0.2551 -0.1299 -0.9582
vn 0.1805 -0.3134 -0.9323
vn 0.8455 -0.2076 -0.4920
vn 0.7046 -0.5542 -0.4432
vn 0.5142 -0.0306 0.8571
vn 0.2661 0.0275 0.9636
vn 0.1941 -0.6186 -0.7614
vn 0.0436 -0.4528 -0.8905
vn 0.5315 -0.8381 -0.1228
vn 0.4462 -0.8175 -0.3643
vn 0.5660 -0.5800 0.5858
vn 0.5936 -0.7155 0.3683
vn -0.1103 -0.2561 -0.9603
vn 0.3339 -0.0815 0.9391
vn 0.3312 -0.7427 -0.5819
vn 0.5818 -0.8034 0.1269
vn 0.4016 -0.2026 0.8931
vn 0.5007 -0.4054 0.7648
vn 0.3061 -0.2427 0.9206
vn 0.3224 -0.4795 0.8162
vn 0.0283 -0.8686 -0.4947
vn -0.0549 -0.7220 -0.6897
vn 0.2451 -0.9433 0.2238
vn 0.1833 -0.9828 -0.0225
vn 0.3170 -0.6835 0.6575
vn -0.1347 -0.5269 -0.8392
vn 0.1094 -0.9574 -0.2673
vn 0.2906 -0.8414 0.4556
vn -0.2057 -0.2957 -0.9329
vn 0.2877 -0.1009 0.9524
vn -0.3272 -0.5244 -0.7861
vn -0.3087 -0.2944 -0.9045
vn 0.2386 -0.1003 0.9659
vn 0.2030 -0.2413 0.9490
vn -0.2542 -0.9526 -0.1670
vn -0.2989 -0.8643 -0.4045
vn -0.0366 -0.8371 0.5458
vn -0.1186 -0.9385 0.3241
vn 0.1298 -0.4770 0.8693
vn -0.3238 -0.7185 -0.6155
vn -0.1928 -0.9779 0.0812
vn 0.0481 -0.6799 0.7317
vn -0.0478 -0.3982 0.9160
vn -0.1998 -0.5700 0.7970
vn -0.5718 -0.6085 -0.5502
vn -0.5048 -0.4456 -0.7393
vn -0.5396 -0.8241 0.1726
vn -0.5896 -0.8039 -0.0787
vn -0.3382 -0.7033 0.6253
vn -0.4037 -0.2522 -0.8795
vn 0.1933 -0.0802 0.9778
vn 0.1081 -0.1992 0.9740
vn -0.6006 -0.7305 -0.3250
vn -0.4540 -0.7898 0.4124
vn -0.4761 -0.1757 -0.8616
vn 0.0356 -0.1227 0.9918
vn -0.1832 -0.2553 0.9493
vn -0.8308 -0.4876 -0.2684
vn -0.7610 -0.4088 -0.5037
vn -0.7098 -0.5198 0.4753
vn -0.8042 -0.5448 0.2376
vn -0.3891 -0.3703 0.8435
vn -0.6403 -0.3026 -0.7060
vn -0.8454 -0.5338 -0.0158
vn -0.5684 -0.4604 0.6819
vn -0.4907 -0.1113 0.8642
vn -0.6921 -0.1453 0.7070
vn -0.7131 -0.1172 -0.6912
vn -0.5151 -0.0765 -0.8537
vn -0.0034 -0.0235 0.9997
vn -0.9829 -0.1836 0.0121
vn -0.9545 -0.1725 -0.2433
vn -0.8473 -0.1695 0.5033
vn -0.2560 -0.0698 0.9641
vn -0.8627 -0.1498 -0.4830
vn -0.9464 -0.1826 0.2665
vn -0.2551 0.1299 0.9582
vn -0.4894 0.1676 0.8558
vn -0.8613 0.1290 -0.4914
vn -0.7121 0.0825 -0.6972
vn -0.9445 0.2074 0.2548
vn -0.9811 0.1935 0.0008
vn -0.6905 0.1940 0.6968
vn -0.5146 0.0303 -0.8569
vn -0.0028 0.0833 0.9965
vn -0.9529 0.1668 -0.2534
vn -0.8455 0.2076 0.4920
vn -0.5638 0.5058 0.6529
vn -0.7046 0.5542 0.4432
vn -0.4747 0.1284 -0.8707
vn 0.0371 0.1815 0.9827
vn -0.1805 0.3134 0.9323
vn -0.8261 0.4787 -0.2974
vn -0.7572 0.3853 -0.5275
vn -0.7988 0.5658 0.2043
vn -0.3852 0.4239 0.8197
vn -0.6375 0.2660 -0.7230
vn -0.8402 0.5401 -0.0480
vn -0.1941 0.6186 0.7614
vn -0.3312 0.7427 0.5819
vn -0.5007 0.4054 -0.7648
vn -0.4014 0.2030 -0.8931
vn 0.1944 0.1367 0.9713
vn -0.5818 0.8034 -0.1269
vn -0.5936 0.7155 -0.3683
vn -0.4462 0.8175 0.3643
vn 0.1103 0.2561 0.9603
vn -0.0436 0.4528 0.8905
vn -0.5660 0.5800 -0.5858
vn -0.5315 0.8381 0.1228
vn -0.1094 0.9574 0.2673
vn -0.1833 0.9828 0.0225
vn 0.1347 0.5269 0.8392
vn 0.0549 0.7220 0.6897
vn -0.3170 0.6835 -0.6575
vn -0.3224 0.4795 -0.8162
vn -0.2451 0.9433 -0.2238
vn -0.0283 0.8686 0.4947
vn -0.3061 0.2427 -0.9206
vn 0.2398 0.1556 0.9583
vn 0.2056 0.2957 0.9329
vn -0.2906 0.8414 -0.4556
vn 0.2989 0.8643 0.4045
vn 0.2542 0.9526 0.1670
vn -0.2030 0.2413 -0.9490
vn 0.3087 0.2944 0.9045
vn 0.3272 0.5244 0.7861
vn 0.0366 0.8371 -0.5458
vn -0.0481 0.6799 -0.7317
vn 0.1928 0.9779 -0.0812
vn 0.3238 0.7185 0.6155
vn -0.1298 0.4770 -0.8693
vn 0.1186 0.9386 -0.3241
vn 0.2889 0.1550 0.9447
vn 0.5396 0.8241 -0.1726
vn 0.4540 0.7898 -0.4124
vn 0.5718 0.6085 0.5502
vn 0.6006 0.7305 0.3250
vn 0.0478 0.3982 -0.9160
vn -0.1081 0.1992 -0.9740
vn 0.3342 0.1349 0.9328
vn 0.4037 0.2522 0.8795
vn 0.3382 0.7033 -0.6253
vn 0.5896 0.8039 0.0787
vn 0.5048 0.4456 0.7393
vn 0.1999 0.5700 -0.7970
vn 0.8454 0.5338 0.0158
vn 0.8042 0.5448 -0.2376
vn 0.6403 0.3026 0.7060
vn 0.7610 0.4088 0.5037
vn 0.3891 0.3703 -0.8435
vn 0.1832 0.2553 -0.9493
vn 0.7098 0.5198 -0.4753
vn 0.8308 0.4876 0.2684
vn -0.0356 0.1227 -0.9918
vn 0.4761 0.1757 0.8616
vn 0.5684 0.4604 -0.6819
vn 0.8473 0.1695 -0.5033
vn 0.6921 0.1453 -0.7070
vn 0.9545 0.1725 0.2433
vn 0.9829 0.1836 -0.0121
vn 0.0034 0.0235 -0.9997
vn 0.7131 0.1172 0.6912
vn 0.4907 0.1113 -0.8642
vn 0.9464 0.1826 -0.2665
vn 0.8627 0.1499 0.4830
vn 0.2561 0.0698 -0.9641
vn 0.5151 0.0765 0.8537
vn -0.9811 -0.1935 -0.0008
vn -0.8402 -0.5401 0.0480
vn -0.8261 -0.4787 0.2974
vn -0.9529 -0.1668 0.2534
vn 0.2660 -0.0276 -0.9636
vn 0.0371 -0.1815 -0.9827
vn -0.0028 -0.0833 -0.9965
vn -0.7121 -0.0825 0.6972
vn -0.6375 -0.2660 0.7231
vn -0.4753 -0.1290 0.8703
vn -0.4894 -0.1676 -0.8558
vn -0.3852 -0.4239 -0.8197
vn -0.5638 -0.5058 -0.6529
vn -0.6905 -0.1940 -0.6968
vn -0.9445 -0.2074 -0.2548
vn -0.7988 -0.5658 -0.2043
vn -0.8613 -0.1290 0.4914
vn -0.7572 -0.3853 0.5275
vn -0.2551 -0.1299 -0.9582
vn -0.1805 -0.3134 -0.9323
vn -0.8455 -0.2076 -0.4920
vn -0.7046 -0.5542 -0.4432
vn -0.5142 -0.0306 0.8571
vn -0.2661 0.0275 0.9636
vn -0.0436 -0.4528 -0.8905
vn -0.1941 -0.6186 -0.7614
vn -0.4462 -0.8175 -0.3643
vn -0.5315 -0.8381 -0.1228
vn -0.5936 -0.7155 0.3683
vn -0.5660 -0.5800 0.5858
vn 0.1103 -0.2561 -0.9603
vn -0.3339 -0.0815 0.9391
vn -0.3312 -0.7427 -0.5819
vn -0.5818 -0.8034 0.1269
vn -0.5007 -0.4054 0.7648
vn -0.4016 -0.2026 0.8931
vn -0.3224 -0.4795 0.8162
vn -0.3061 -0.2427 0.9206
vn 0.0549 -0.7220 -0.6897
vn -0.0283 -0.8686 -0.4947
vn -0.1833 -0.9828 -0.0225
vn -0.2451 -0.9433 0.2238
vn -0.3170 -0.6835 0.6575
vn 0.1347 -0.5269 -0.8392
vn -0.1094 -0.9574 -0.2673
vn -0.2906 -0.8414 0.4556
vn 0.2057 -0.2957 -0.9329
vn -0.2877 -0.1009 0.9524
vn 0.3087 -0.2944 -0.9045
vn 0.3272 -0.5244 -0.7861
vn -0.2030 -0.2413 0.9490
vn -0.2386 -0.1003 0.9659
vn 0.2989 -0.8643 -0.4045
vn 0.2542 -0.9526 -0.1670
vn 0.1186 -0.9385 0.3241
vn 0.0366 -0.8371 0.5458
vn -0.1298 -0.4770 0.8693
vn 0.3238 -0.7185 -0.6155
vn 0.1928 -0.9779 0.0812
vn -0.0481 -0.6799 0.7317
vn 0.1998 -0.5700 0.7970
vn 0.0478 -0.3982 0.9160
vn 0.5048 -0.4456 -0.7393
vn 0.5718 -0.6085 -0.5502
vn 0.5896 -0.8039 -0.0787
vn 0.5396 -0.8241 0.1726
vn 0.3382 -0.7033 0.6253
vn 0.4037 -0.2522 -0.8795
vn -0.1081 -0.1992 0.9740
vn -0.1933 -0.0802 0.9778
vn 0.6006 -0.7305 -0.3250
vn 0.4540 -0.7898 0.4124
vn 0.4761 -0.1757 -0.8616
vn 0.1833 -0.2553 0.9493
vn -0.0356 -0.1227 0.9918
vn 0.7610 -0.4088 -0.5037
vn 0.8308 -0.4876 -0.2684
vn 0.8042 -0.5448 0.2376
vn 0.7098 -0.5198 0.4753
vn 0.3891 -0.3703 0.8435
vn 0.6403 -0.3026 -0.7060
vn 0.8454 -0.5338 -0.0158
vn 0.5684 -0.4604 0.6819
vn 0.6921 -0.1453 0.7070
vn 0.4907 -0.1113 0.8642
vn 0.5151 -0.0765 -0.8537
vn 0.7131 -0.1172 -0.6912
vn 0.0034 -0.0235 0.9997
vn 0.9545 -0.1725 -0.2433
vn 0.9829 -0.1836 0.0121
vn 0.8473 -0.1695 0.5033
vn 0.2560 -0.0698 0.9641
vn 0.8627 -0.1498 -0.4830
vn 0.9464 -0.1826 0.2665
vn 0.4894 0.1676 0.8558
vn 0.2551 0.1299 0.9582
vn 0.7121 0.0825 -0.6972
vn 0.8613 0.1290 -0.4914
vn 0.9811 0.1935 0.0008
vn 0.9445 0.2074 0.2548
vn 0.6905 0.1940 0.6968
vn 0.5146 0.0303 -0.8569
vn 0.0028 0.0833 0.9965
vn 0.9529 0.1668 -0.2534
vn 0.8455 0.2076 0.4920
vn 0.7046 0.5542 0.4432
vn 0.5638 0.5058 0.6529
vn 0.4747 0.1284 -0.8707
vn 0.1805 0.3134 0.9323
vn -0.0371 0.1815 0.9827
vn 0.7572 0.3853 -0.5275
vn 0.8261 0.4786 -0.2974
vn 0.7988 0.5658 0.2043
vn 0.3852 0.4239 0.8197
vn 0.6375 0.2660 -0.7230
vn 0.8402 0.5401 -0.0480
vn 0.3312 0.7427 0.5819
vn 0.1941 0.6186 0.7614
vn 0.4014 0.2030 -0.8931
vn 0.5007 0.4054 -0.7648
vn -0.1944 0.1367 0.9713
vn 0.5936 0.7155 -0.3683
vn 0.5818 0.8034 -0.1269
vn 0.4462 0.8175 0.3643
vn 0.0436 0.4528 0.8905
vn -0.1103 0.2561 0.9603
vn 0.5660 0.5800 -0.5858
vn 0.5315 0.8381 0.1228
vn 0.1833 0.9828 0.0225
vn 0.1094 0.9574 0.2673
vn -0.0549 0.7220 0.6897
vn -0.1347 0.5269 0.8392
vn 0.3224 0.4795 -0.8162
vn 0.3170 0.6835 -0.6575
vn 0.2451 0.9433 -0.2238
vn 0.0283 0.8686 0.4947
vn 0.3061 0.2427 -0.9206
vn -0.2056 0.2957 0.9329
vn -0.2398 0.1556 0.9583
vn 0.2906 0.8414 -0.4556
vn -0.2542 0.9526 0.1670
vn -0.2989 0.8643 0.4045
vn 0.2030 0.2413 -0.9490
vn -0.3272 0.5244 0.7861
vn -0.3087 0.2944 0.9045
vn 0.0481 0.6799 -0.7317
vn -0.0366 0.8371 -0.5458
vn -0.1928 0.9779 -0.0812
vn -0.3238 0.7185 0.6155
vn 0.1298 0.4770 -0.8693
vn -0.1186 0.9386 -0.3241
vn -0.2889 0.1550 0.9447
vn -0.4540 0.7898 -0.4124
vn -0.5396 0.8241 -0.1726
vn -0.6006 0.7305 0.3250
vn -0.5718 0.6085 0.5502
vn 0.1081 0.1992 -0.9740
vn -0.0478 0.3982 -0.9160
vn -0.4037 0.2522 0.8795
vn -0.3342 0.1349 0.9328
vn -0.3382 0.7033 -0.6253
vn -0.5896 0.8039 0.0787
vn -0.5048 0.4456 0.7393
vn -0.1999 0.5700 -0.7970
vn -0.8042 0.5448 -0.2376
vn -0.8454 0.5338 0.0158
vn -0.7610 0.4088 0.5037
vn -0.6403 0.3026 0.7060
vn -0.1832 0.2553 -0.9493
vn -0.3891 0.3703 -0.8435
vn -0.7098 0.5198 -0.4753
vn -0.8308 0.4876 0.2684
vn 0.0356 0.1227 -0.9918
vn -0.4761 0.1757 0.8616
vn -0.5684 0.4604 -0.6819
vn -0.6921 0.1453 -0.7070
vn -0.8473 0.1695 -0.5033
vn -0.9829 0.1836 -0.0121
vn -0.9545 0.1725 0.2433
vn -0.0034 0.0235 -0.9997
vn -0.7131 0.1172 0.6912
vn -0.4907 0.1113 -0.8642
vn -0.9464 0.1826 -0.2665
vn -0.8627 0.1499 0.4830
vn -0.2561 0.0698 -0.9641
vn -0.5151 0.0765 0.8537
vt 0.047381 0.766012
vt 0.079092 0.765668
vt 0.172027 0.765821
vt 0.141646 0.764999
vt 0.110134 0.765052
vt 0.015520 0.764547
s 1
usemtl Atlas
f 1/1/1 33/1/2 68/1/3 37/1/4
f 1/1/1 37/1/4 63/1/5 34/1/6
f 1/1/1 34/1/6 69/1/7 20/1/8
f 1/1/1 20/1/8 67/1/9 33/1/2
f 2/1/10 23/1/11 62/1/12 26/1/13
f 2/1/10 26/1/13 66/1/14 32/1/15
f 2/1/10 32/1/15 68/1/3 19/1/16
f 2/1/10 19/1/16 60/1/17 23/1/11
f 3/1/18 35/1/19 59/1/20 21/1/21
f 3/1/18 21/1/21 66/1/14 31/1/22
f 3/1/18 31/1/22 65/1/23 22/1/24
f 3/1/18 22/1/24 70/1/25 35/1/19
f 4/1/26 27/1/27 61/1/28 29/1/29
f 4/1/26 29/1/29 64/1/30 28/1/31
f 4/1/26 28/1/31 62/1/12 23/1/11
f 4/1/26 23/1/11 60/1/17 27/1/27
f 5/1/32 27/1/27 60/1/17 19/1/16
f 5/1/32 19/1/16 68/1/3 33/1/2
f 5/1/32 33/1/2 67/1/9 36/1/33
f 5/1/32 36/1/33 61/1/28 27/1/27
f 6/1/34 31/1/22 66/1/14 26/1/13
f 6/1/34 26/1/13 62/1/12 28/1/31
f 6/1/34 28/1/31 64/1/30 30/1/35
f 6/1/34 30/1/35 65/1/23 31/1/22
f 7/1/36 29/1/29 61/1/28 36/1/33
f 7/1/36 36/1/33 67/1/9 24/1/37
f 7/1/36 24/1/37 65/1/23 30/1/35
f 7/1/36 30/1/35 64/1/30 29/1/29
f 8/1/38 38/1/39 70/1/25 22/1/24
f 8/1/38 22/1/24 65/1/23 24/1/37
f 8/1/38 24/1/37 67/1/9 20/1/8
f 8/1/38 20/1/8 69/1/7 38/1/39
f 9/1/40 25/1/41 63/1/5 37/1/4
f 9/1/40 37/1/4 68/1/3 32/1/15
f 9/1/40 32/1/15 66/1/14 21/1/21
f 9/1/40 21/1/21 59/1/20 25/1/41
f 10/1/42 53/1/43 80/1/44 57/1/45
f 10/1/42 57/1/45 75/1/46 54/1/47
f 10/1/42 54/1/47 81/1/48 40/1/49
f 10/1/42 40/1/49 79/1/50 53/1/43
f 11/1/51 43/1/52 74/1/53 46/1/54
f 11/1/51 46/1/54 78/1/55 52/1/56
f 11/1/51 52/1/56 80/1/44 39/1/57
f 11/1/51 39/1/57 72/1/58 43/1/52
f 12/1/59 55/1/60 71/1/61 41/1/62
f 12/1/59 41/1/62 78/1/55 51/1/63
f 12/1/59 51/1/63 77/1/64 42/1/65
f 12/1/59 42/1/65 82/1/66 55/1/60
f 13/1/67 47/1/68 73/1/69 49/1/70
f 13/1/67 49/1/70 76/1/71 48/1/72
f 13/1/67 48/1/72 74/1/53 43/1/52
f 13/1/67 43/1/52 72/1/58 47/1/68
f 14/1/73 47/1/68 72/1/58 39/1/57
f 14/1/73 39/1/57 80/1/44 53/1/43
f 14/1/73 53/1/43 79/1/50 56/1/74
f 14/1/73 56/1/74 73/1/69 47/1/68
f 15/1/75 51/1/63 78/1/55 46/1/54
f 15/1/75 46/1/54 74/1/53 48/1/72
f 15/1/75 48/1/72 76/1/71 50/1/76
f 15/1/75 50/1/76 77/1/64 51/1/63
f 16/1/77 49/1/70 73/1/69 56/1/74
f 16/1/77 56/1/74 79/1/50 44/1/78
f 16/1/77 44/1/78 77/1/64 50/1/76
f 16/1/77 50/1/76 76/1/71 49/1/70
f 17/1/79 58/1/80 82/1/66 42/1/65
f 17/1/79 42/1/65 77/1/64 44/1/78
f 17/1/79 44/1/78 79/1/50 40/1/49
f 17/1/79 40/1/49 81/1/48 58/1/80
f 18/1/81 45/1/82 75/1/46 57/1/45
f 18/1/81 57/1/45 80/1/44 52/1/56
f 18/1/81 52/1/56 78/1/55 41/1/62
f 18/1/81 41/1/62 71/1/61 45/1/82
f 83/1/83 119/1/84 150/1/85 115/1/86
f 83/1/83 116/1/87 145/1/88 119/1/84
f 83/1/83 102/1/89 151/1/90 116/1/87
f 83/1/83 115/1/86 149/1/91 102/1/89
f 84/1/92 108/1/93 144/1/94 105/1/95
f 84/1/92 114/1/96 148/1/97 108/1/93
f 84/1/92 101/1/98 150/1/85 114/1/96
f 84/1/92 105/1/95 142/1/99 101/1/98
f 85/1/100 103/1/101 141/1/102 117/1/103
f 85/1/100 113/1/104 148/1/97 103/1/101
f 85/1/100 104/1/105 147/1/106 113/1/104
f 85/1/100 117/1/103 152/1/107 104/1/105
f 86/1/108 111/1/109 143/1/110 109/1/111
f 86/1/108 110/1/112 146/1/113 111/1/109
f 86/1/108 105/1/95 144/1/94 110/1/112
f 86/1/108 109/1/111 142/1/99 105/1/95
f 87/1/114 101/1/98 142/1/99 109/1/111
f 87/1/114 115/1/86 150/1/85 101/1/98
f 87/1/114 118/1/115 149/1/91 115/1/86
f 87/1/114 109/1/111 143/1/110 118/1/115
f 88/1/116 108/1/93 148/1/97 113/1/104
f 88/1/116 110/1/112 144/1/94 108/1/93
f 88/1/116 112/1/117 146/1/113 110/1/112
f 88/1/116 113/1/104 147/1/106 112/1/117
f 89/1/118 118/1/115 143/1/110 111/1/109
f 89/1/118 106/1/119 149/1/91 118/1/115
f 89/1/118 112/1/117 147/1/106 106/1/119
f 89/1/118 111/1/109 146/1/113 112/1/117
f 90/1/120 104/1/105 152/1/107 120/1/121
f 90/1/120 106/1/119 147/1/106 104/1/105
f 90/1/120 102/1/89 149/1/91 106/1/119
f 90/1/120 120/1/121 151/1/90 102/1/89
f 91/1/122 119/1/84 145/1/88 107/1/123
f 91/1/122 114/1/96 150/1/85 119/1/84
f 91/1/122 103/1/101 148/1/97 114/1/96
f 91/1/122 107/1/123 141/1/102 103/1/101
f 92/1/124 139/1/125 162/1/126 135/1/127
f 92/1/124 136/1/128 157/1/129 139/1/125
f 92/1/124 122/1/130 163/1/131 136/1/128
f 92/1/124 135/1/127 161/1/132 122/1/130
f 93/1/133 128/1/134 156/1/135 125/1/136
f 93/1/133 134/1/137 160/1/138 128/1/134
f 93/1/133 121/1/139 162/1/126 134/1/137
f 93/1/133 125/1/136 154/1/140 121/1/139
f 94/1/141 123/1/142 153/1/143 137/1/144
f 94/1/141 133/1/145 160/1/138 123/1/142
f 94/1/141 124/1/146 159/1/147 133/1/145
f 94/1/141 137/1/144 164/1/148 124/1/146
f 95/1/149 131/1/150 155/1/151 129/1/152
f 95/1/149 130/1/153 158/1/154 131/1/150
f 95/1/149 125/1/136 156/1/135 130/1/153
f 95/1/149 129/1/152 154/1/140 125/1/136
f 96/1/155 121/1/139 154/1/140 129/1/152
f 96/1/155 135/1/127 162/1/126 121/1/139
f 96/1/155 138/1/156 161/1/132 135/1/127
f 96/1/155 129/1/152 155/1/151 138/1/156
f 97/1/157 128/1/134 160/1/138 133/1/145
f 97/1/157 130/1/153 156/1/135 128/1/134
f 97/1/157 132/1/158 158/1/154 130/1/153
f 97/1/157 133/1/145 159/1/147 132/1/158
f 98/1/159 138/1/156 155/1/151 131/1/150
f 98/1/159 126/1/160 161/1/132 138/1/156
f 98/1/159 132/1/158 159/1/147 126/1/160
f 98/1/159 131/1/150 158/1/154 132/1/158
f 99/1/161 124/1/146 164/1/148 140/1/162
f 99/1/161 126/1/160 159/1/147 124/1/146
f 99/1/161 122/1/130 161/1/132 126/1/160
f 99/1/161 140/1/162 163/1/131 122/1/130
f 100/1/163 139/1/125 157/1/129 127/1/164
f 100/1/163 134/1/137 162/1/126 139/1/125
f 100/1/163 123/1/142 160/1/138 134/1/137
f 100/1/163 127/1/164 153/1/143 123/1/142
f 35/1/19 70/1/25 172/1/165 167/1/166
f 69/1/7 34/1/6 166/1/167 171/1/168
f 70/1/25 38/1/39 168/1/169 172/1/165
f 25/1/41 59/1/20 169/1/170 165/1/171
f 59/1/20 35/1/19 167/1/166 169/1/170
f 34/1/6 63/1/5 170/1/172 166/1/167
f 38/1/39 69/1/7 171/1/168 168/1/169
f 63/1/5 25/1/41 165/1/171 170/1/172
f 230/2/173 429/2/174 1292/2/175 1253/2/176
f 257/2/177 406/2/178 641/2/179 517/2/180 223/2/181
f 173/2/182 336/2/183 601/2/184 381/2/185
f 173/2/182 381/2/185 622/2/186 368/2/187
f 173/2/182 368/2/187 649/2/188 418/2/189
f 173/2/182 418/2/189 648/2/190 336/2/183
f 174/3/191 551/3/192 686/3/193 529/3/194
f 174/3/191 529/3/194 690/3/195 550/3/196
f 174/3/191 550/3/196 695/3/197 548/3/198
f 174/3/191 548/3/198 694/3/199 551/3/192
f 290/2/200 175/2/201 391/2/202 520/2/203
f 175/2/201 373/2/204 626/2/205 395/2/206
f 175/2/201 395/2/206 633/2/207 391/2/202
f 310/3/208 307/3/209 542/3/210 506/3/211
f 176/2/212 338/2/213 603/2/214 342/2/215
f 176/2/212 342/2/215 606/2/216 331/2/217
f 176/2/212 331/2/217 607/2/218 347/2/219
f 176/2/212 347/2/219 605/2/220 338/2/213
f 177/2/221 330/2/222 665/2/223 364/2/224
f 177/2/221 364/2/224 668/2/225 416/2/226
f 177/2/221 416/2/226 659/2/227 458/2/228
f 177/2/221 458/2/228 663/2/229 330/2/222
f 178/2/230 1275/2/231 1319/2/232 501/2/233
f 178/2/230 501/2/233 641/2/179 407/2/234
f 178/2/230 407/2/234 642/2/235 451/2/236
f 178/2/230 451/2/236 1298/2/237 1275/2/231
f 179/2/238 416/2/226 668/2/225 464/2/239
f 179/2/238 464/2/239 664/2/240 460/2/241
f 179/2/238 460/2/241 659/2/227 416/2/226
f 180/2/242 429/2/174 604/2/243 341/2/244
f 180/2/242 341/2/244 609/2/245 427/2/246
f 180/2/242 427/2/246 1294/2/247 1249/2/248
f 180/2/242 1249/2/248 1292/2/175 429/2/174
f 181/2/249 339/2/250 610/2/251 340/2/252
f 181/2/249 340/2/252 603/2/214 338/2/213
f 181/2/249 338/2/213 605/2/220 337/2/253
f 181/2/249 337/2/253 602/2/254 339/2/250
f 182/2/255 394/2/256 609/2/245 341/2/244
f 182/2/255 341/2/244 604/2/243 348/2/257
f 182/2/255 348/2/257 632/2/258 389/2/259
f 182/2/255 389/2/259 631/2/260 394/2/256
f 679/2/261 653/2/262 425/2/263 497/2/264
f 603/2/214 340/2/252 253/2/265 503/2/266
f 183/2/267 356/2/268 608/2/269 334/2/270
f 183/2/267 334/2/270 601/2/184 355/2/271
f 183/2/267 355/2/271 613/2/272 353/2/273
f 183/2/267 353/2/273 614/2/274 356/2/268
f 184/2/275 446/2/276 651/2/277 332/2/278
f 184/2/275 332/2/278 600/2/279 357/2/280
f 184/2/275 357/2/280 612/2/281 351/2/282
f 184/2/275 351/2/282 657/2/283 446/2/276
f 185/2/284 427/2/246 609/2/245 345/2/285
f 185/2/284 345/2/285 602/2/254 426/2/286
f 185/2/284 426/2/286 654/2/287 543/2/288
f 185/2/284 543/2/288 1294/2/247 427/2/246
f 186/2/289 358/2/290 599/2/291 346/2/292
f 186/2/289 346/2/292 608/2/269 356/2/268
f 186/2/289 356/2/268 614/2/274 354/2/293
f 186/2/289 354/2/293 611/2/294 358/2/290
f 187/2/295 357/2/280 600/2/279 333/2/296
f 187/2/295 333/2/296 599/2/291 358/2/290
f 187/2/295 358/2/290 611/2/294 352/2/297
f 187/2/295 352/2/297 612/2/281 357/2/280
f 188/2/298 332/2/278 651/2/277 450/2/299
f 188/2/298 450/2/299 652/2/300 424/2/301
f 188/2/298 424/2/301 617/2/302 386/2/303
f 188/2/298 386/2/303 600/2/279 332/2/278
f 189/2/304 346/2/292 599/2/291 385/2/305
f 189/2/304 385/2/305 615/2/306 361/2/307
f 189/2/304 361/2/307 618/2/308 382/2/309
f 189/2/304 382/2/309 608/2/269 346/2/292
f 190/2/310 334/2/270 608/2/269 382/2/309
f 190/2/310 382/2/309 618/2/308 367/2/311
f 190/2/310 367/2/311 622/2/186 381/2/185
f 190/2/310 381/2/185 601/2/184 334/2/270
f 191/2/312 355/2/271 601/2/184 423/2/313
f 191/2/312 423/2/313 1293/2/314 1252/2/315
f 191/2/312 1252/2/315 1295/2/316 430/2/317
f 191/2/312 430/2/317 613/2/272 355/2/271
f 220/2/318 359/2/319 626/2/205 380/2/320
f 230/2/173 420/2/321 604/2/243 429/2/174
f 192/2/322 1256/2/323 1300/2/324 434/2/325
f 192/2/322 434/2/325 628/2/326 375/2/327
f 256/2/328 1277/2/329 1256/2/323 192/2/322
f 290/2/200 514/2/330 373/2/204 175/2/201
f 193/2/331 385/2/305 599/2/291 333/2/296
f 193/2/331 333/2/296 600/2/279 386/2/303
f 193/2/331 386/2/303 617/2/302 363/2/332
f 193/2/331 363/2/332 615/2/306 385/2/305
f 194/2/333 1263/2/334 1305/2/335 443/2/336
f 194/2/333 443/2/336 648/2/190 413/2/337
f 194/2/333 413/2/337 619/2/338 431/2/339
f 194/2/333 431/2/339 1296/2/340 1263/2/334
f 195/2/341 372/2/342 620/2/343 433/2/344
f 195/2/341 433/2/344 1297/2/345 1261/2/346
f 195/2/341 1261/2/346 1302/2/347 438/2/348
f 195/2/341 438/2/348 646/2/349 372/2/342
f 306/3/350 539/3/351 540/3/352 305/3/353
f 287/2/354 196/2/355 505/2/356 540/2/352
f 196/2/355 482/2/357 677/2/358 509/2/359
f 196/2/355 509/2/359 685/2/360 505/2/356
f 285/2/361 197/2/362 533/2/363 534/2/364
f 197/2/362 535/2/365 665/2/223 330/2/222
f 197/2/362 330/2/222 663/2/229 533/2/363
f 287/2/354 286/2/366 527/2/367 528/2/368
f 198/2/369 362/2/370 618/2/308 360/2/371
f 198/2/369 360/2/371 627/2/372 378/2/373
f 198/2/369 378/2/373 626/2/205 359/2/319
f 198/2/369 359/2/319 616/2/374 362/2/370
f 199/2/375 361/2/307 615/2/306 258/2/376
f 199/2/375 258/2/376 684/2/377 508/2/378
f 199/2/375 508/2/378 627/2/372 360/2/371
f 199/2/375 360/2/371 618/2/308 361/2/307
f 221/2/379 384/2/380 616/2/374 421/2/381
f 220/2/318 421/2/381 616/2/374 359/2/319
f 221/2/379 419/2/382 644/2/383 384/2/380
f 328/4/384 439/4/385 644/4/383 419/4/382
f 200/2/386 417/2/387 649/2/188 368/2/187
f 200/2/386 368/2/187 622/2/186 383/2/388
f 200/2/386 383/2/388 647/2/389 411/2/390
f 200/2/386 411/2/390 650/2/391 417/2/387
f 201/2/392 1254/2/393 1297/2/345 433/2/344
f 201/2/392 433/2/344 620/2/343 366/2/394
f 201/2/392 366/2/394 628/2/326 434/2/325
f 201/2/392 434/2/325 1300/2/324 1254/2/393
f 629/2/395 635/2/396 489/2/397 487/2/398
f 389/2/259 400/2/399 637/2/400 631/2/260
f 640/2/401 405/2/402 393/2/403 634/2/404
f 289/2/405 254/2/406 484/2/407 513/2/408
f 202/2/409 395/2/206 626/2/205 378/2/373
f 202/2/409 378/2/373 627/2/372 396/2/410
f 202/2/409 396/2/410 634/2/404 393/2/403
f 202/2/409 393/2/403 633/2/207 395/2/206
f 252/2/411 203/2/412 487/2/398 521/2/413
f 203/2/412 485/2/414 610/2/251 397/2/415
f 203/2/412 397/2/415 629/2/395 487/2/398
f 489/2/397 525/2/416 521/2/413 487/2/398
f 204/2/417 397/2/415 610/2/251 339/2/250
f 204/2/417 339/2/250 602/2/254 398/2/418
f 204/2/417 398/2/418 630/2/419 388/2/420
f 204/2/417 388/2/420 629/2/395 397/2/415
f 205/2/421 398/2/418 602/2/254 345/2/285
f 205/2/421 345/2/285 609/2/245 394/2/256
f 205/2/421 394/2/256 631/2/260 390/2/422
f 205/2/421 390/2/422 630/2/419 398/2/418
f 251/2/423 206/2/424 488/2/425 523/2/426
f 206/2/424 489/2/397 635/2/396 402/2/427
f 206/2/424 402/2/427 638/2/428 488/2/425
f 252/2/411 515/2/429 485/2/414 203/2/412
f 207/2/430 400/2/399 638/2/428 402/2/427
f 207/2/430 402/2/427 635/2/396 399/2/431
f 207/2/430 399/2/431 636/2/432 401/2/433
f 207/2/430 401/2/433 637/2/400 400/2/399
f 639/2/434 403/2/435 391/2/202 633/2/207
f 393/2/403 405/2/402 639/2/434 633/2/207
f 520/2/203 524/2/436 523/2/426 519/2/437
f 637/2/400 401/2/433 390/2/422 631/2/260
f 256/2/328 192/2/322 375/2/327 518/2/438
f 636/2/432 399/2/431 388/2/420 630/2/419
f 390/2/422 401/2/433 636/2/432 630/2/419
f 251/2/423 525/2/416 489/2/397 206/2/424
f 388/2/420 399/2/431 635/2/396 629/2/395
f 208/2/439 408/2/440 621/2/441 365/2/442
f 208/2/439 365/2/442 642/2/235 582/2/443
f 208/2/439 582/2/443 313/2/444
f 208/2/439 313/2/444 408/2/440
f 209/2/445 583/2/446 641/2/179 406/2/178
f 209/2/445 406/2/178 621/2/441 408/2/440
f 209/2/445 408/2/440 313/2/444
f 209/2/445 313/2/444 583/2/446
f 210/2/447 582/2/443 642/2/235 407/2/234
f 210/2/447 407/2/234 641/2/179 583/2/446
f 210/2/447 583/2/446 313/2/444
f 210/2/447 313/2/444 582/2/443
f 328/4/384 1265/4/448 1303/4/449 439/4/385
f 211/4/450 440/4/451 643/4/452 409/4/453
f 211/4/450 409/4/453 644/4/383 439/4/385
f 211/4/450 439/4/385 1303/4/449 1258/4/454
f 211/4/450 1258/4/454 1290/4/455 440/4/451
f 212/4/456 442/4/457 650/4/391 411/4/390
f 212/4/456 411/4/390 647/4/389 441/4/458
f 212/4/456 441/4/458 1304/4/459 1260/4/460
f 212/4/456 1260/4/460 1306/4/461 442/4/457
f 213/2/462 412/2/463 618/2/308 362/2/370
f 213/2/462 362/2/370 616/2/374 384/2/380
f 213/2/462 384/2/380 644/2/383 409/2/453
f 213/2/462 409/2/453 643/2/452 412/2/463
f 214/2/464 383/2/388 622/2/186 367/2/311
f 214/2/464 367/2/311 618/2/308 412/2/463
f 214/2/464 412/2/463 643/2/452 410/2/465
f 214/2/464 410/2/465 647/2/389 383/2/388
f 215/4/466 441/4/458 647/4/389 410/4/465
f 215/4/466 410/4/465 643/4/452 440/4/451
f 215/4/466 440/4/451 1290/4/455 1259/4/467
f 215/4/466 1259/4/467 1304/4/459 441/4/458
f 216/2/468 1262/2/469 1299/2/470 432/2/471
f 216/2/468 432/2/471 623/2/472 371/2/473
f 216/2/468 371/2/473 645/2/474 437/2/475
f 216/2/468 437/2/475 1301/2/476 1262/2/469
f 217/2/477 1257/2/478 1296/2/340 431/2/339
f 217/2/477 431/2/339 619/2/338 387/2/479
f 217/2/477 387/2/479 623/2/472 432/2/471
f 217/2/477 432/2/471 1299/2/470 1257/2/478
f 218/2/480 371/2/473 623/2/472 414/2/481
f 218/2/480 414/2/481 649/2/188 417/2/387
f 218/2/480 417/2/387 650/2/391 415/2/482
f 218/2/480 415/2/482 645/2/474 371/2/473
f 219/4/483 437/4/475 645/4/474 415/4/482
f 219/4/483 415/4/482 650/4/391 442/4/457
f 219/4/483 442/4/457 1306/4/461 1264/4/484
f 219/4/483 1264/4/484 1301/4/476 437/4/475
f 220/2/318 380/2/320 628/2/326 366/2/394
f 220/2/318 366/2/394 620/2/343 421/2/381
f 221/2/379 421/2/381 620/2/343 372/2/342
f 221/2/379 372/2/342 646/2/349 419/2/382
f 222/2/485 1255/2/486 1293/2/314 423/2/313
f 222/2/485 423/2/313 601/2/184 336/2/183
f 222/2/485 336/2/183 648/2/190 443/2/336
f 222/2/485 443/2/336 1305/2/335 1255/2/486
f 283/2/487 223/2/181 517/2/180 518/2/438
f 255/2/488 541/2/489 503/2/266 253/2/265
f 224/2/490 517/2/180 641/2/179 501/2/233
f 224/2/490 501/2/233 1319/2/232 1276/2/491
f 290/2/200 289/2/405 513/2/408 514/2/330
f 256/2/328 224/2/490 1276/2/491 1277/2/329
f 225/2/492 370/2/493 617/2/302 424/2/301
f 225/2/492 424/2/301 652/2/300 445/2/494
f 225/2/492 445/2/494 658/2/495 377/2/496
f 225/2/492 377/2/496 624/2/497 370/2/493
f 226/2/498 350/2/499 605/2/220 347/2/219
f 226/2/498 347/2/219 607/2/218 428/2/500
f 226/2/498 428/2/500 655/2/501 447/2/502
f 226/2/498 447/2/502 656/2/503 350/2/499
f 227/2/504 426/2/286 602/2/254 337/2/253
f 227/2/504 337/2/253 605/2/220 350/2/499
f 227/2/504 350/2/499 656/2/503 448/2/505
f 227/2/504 448/2/505 654/2/287 426/2/286
f 228/2/506 428/2/500 607/2/218 331/2/217
f 228/2/506 331/2/217 606/2/216 425/2/263
f 228/2/506 425/2/263 653/2/262 449/2/507
f 228/2/506 449/2/507 655/2/501 428/2/500
f 1316/2/508 478/2/509 495/2/510 1318/2/511
f 497/2/264 425/2/263 606/2/216 677/2/358
f 229/2/512 466/2/513 672/2/514 468/2/515
f 229/2/512 468/2/515 667/2/516 344/2/517
f 229/2/512 344/2/517 662/2/518 459/2/519
f 229/2/512 459/2/519 661/2/520 466/2/513
f 230/2/173 1253/2/176 1298/2/237 451/2/236
f 230/2/173 451/2/236 642/2/235 365/2/442
f 230/2/173 365/2/442 621/2/441 420/2/321
f 231/2/521 1274/2/522 1311/2/523 453/2/524
f 231/2/521 453/2/524 660/2/525 480/2/526
f 231/2/521 480/2/526 675/2/527 478/2/509
f 231/2/521 478/2/509 1316/2/508 1274/2/522
f 232/2/528 477/2/529 661/2/520 459/2/519
f 232/2/528 459/2/519 662/2/518 476/2/530
f 232/2/528 476/2/530 674/2/531 475/2/532
f 232/2/528 475/2/532 673/2/533 477/2/529
f 469/5/534 319/5/535 593/5/536 671/5/537
f 233/2/538 458/2/228 659/2/227 452/2/539
f 233/2/538 452/2/539 1310/2/540 1266/2/541
f 233/2/538 1266/2/541 1312/2/542 456/2/543
f 233/2/538 456/2/543 663/2/229 458/2/228
f 670/5/544 594/5/545 322/5/546 584/5/547
f 234/2/548 457/2/549 1309/2/550 1268/2/551
f 234/2/548 1268/2/551 1310/2/540 452/2/539
f 234/2/548 452/2/539 659/2/227 460/2/241
f 234/2/548 460/2/241 664/2/240 457/2/549
f 235/2/552 1269/2/553 1313/2/554 467/2/555
f 235/2/552 467/2/555 672/2/514 466/2/513
f 235/2/552 466/2/513 661/2/520 454/2/556
f 235/2/552 454/2/556 1307/2/557 1269/2/553
f 236/2/558 1251/2/559 1291/2/560 349/2/561
f 236/2/558 349/2/561 654/2/287 436/2/562
f 236/2/558 436/2/562 672/2/514 467/2/555
f 236/2/558 467/2/555 1313/2/554 1251/2/559
f 237/2/563 436/2/562 654/2/287 448/2/505
f 237/2/563 448/2/505 656/2/503 463/2/564
f 237/2/563 463/2/564 667/2/516 468/2/515
f 237/2/563 468/2/515 672/2/514 436/2/562
f 238/2/565 435/2/566 655/2/501 449/2/507
f 238/2/565 449/2/507 653/2/262 462/2/567
f 238/2/565 462/2/567 666/2/568 469/2/534
f 238/2/565 469/2/534 671/2/537 435/2/566
f 239/2/569 422/2/570 651/2/277 446/2/276
f 239/2/569 446/2/276 657/2/283 465/2/571
f 239/2/569 465/2/571 670/2/544 470/2/572
f 239/2/569 470/2/572 669/2/573 422/2/570
f 281/2/574 240/2/575 535/2/365 536/2/576
f 240/2/575 531/2/577 658/2/495 461/2/578
f 240/2/575 461/2/578 665/2/223 535/2/365
f 285/2/361 284/2/579 492/2/580 536/2/576
f 241/2/581 413/2/337 648/2/190 418/2/189
f 241/2/581 418/2/189 649/2/188 414/2/481
f 241/2/581 414/2/481 623/2/472 387/2/479
f 241/2/581 387/2/479 619/2/338 413/2/337
f 242/2/582 461/2/578 658/2/495 445/2/494
f 242/2/582 445/2/494 652/2/300 444/2/583
f 242/2/582 444/2/583 668/2/225 364/2/224
f 242/2/582 364/2/224 665/2/223 461/2/578
f 243/2/584 463/2/564 656/2/503 447/2/502
f 243/2/584 447/2/502 655/2/501 435/2/566
f 243/2/584 435/2/566 671/2/537 472/2/585
f 243/2/584 472/2/585 667/2/516 463/2/564
f 244/2/586 473/2/587 673/2/533 475/2/532
f 244/2/586 475/2/532 674/2/531 474/2/588
f 244/2/586 474/2/588 1315/2/589 1270/2/590
f 244/2/586 1270/2/590 1314/2/591 473/2/587
f 245/2/592 1271/2/593 1307/2/557 454/2/556
f 245/2/592 454/2/556 661/2/520 477/2/529
f 245/2/592 477/2/529 673/2/533 473/2/587
f 245/2/592 473/2/587 1314/2/591 1271/2/593
f 246/2/594 476/2/530 662/2/518 455/2/595
f 246/2/594 455/2/595 1308/2/596 1272/2/597
f 246/2/594 1272/2/597 1315/2/589 474/2/588
f 246/2/594 474/2/588 674/2/531 476/2/530
f 680/2/598 494/2/599 480/2/526 660/2/525
f 495/2/510 478/2/509 675/2/527 682/2/600
f 279/2/601 247/2/602 537/2/603 538/2/604
f 247/2/602 533/2/363 663/2/229 481/2/605
f 247/2/602 481/2/605 676/2/606 537/2/603
f 281/2/574 280/2/607 490/2/608 532/2/609
f 248/2/610 481/2/605 663/2/229 456/2/543
f 248/2/610 456/2/543 1312/2/542 1267/2/611
f 248/2/610 1267/2/611 1317/2/612 479/2/613
f 248/2/610 479/2/613 676/2/606 481/2/605
f 682/2/600 675/2/527 480/2/526 494/2/599
f 679/2/261 496/2/614 462/2/567 653/2/262
f 279/2/601 278/2/615 491/2/616 534/2/364
f 277/2/617 249/2/618 493/2/619 538/2/604
f 249/2/618 1278/2/620 1318/2/511 495/2/510
f 249/2/618 495/2/510 682/2/600 493/2/619
f 681/2/621 666/2/568 462/2/567 496/2/614
f 681/2/621 498/2/622 335/2/623 666/2/568
f 277/2/617 276/2/624 1273/2/625 1279/2/620
f 275/2/626 250/2/627 482/2/357 528/2/368
f 250/2/627 490/2/608 679/2/261 497/2/264
f 250/2/627 497/2/264 677/2/358 482/2/357
f 486/2/628 488/2/425 638/2/428 632/2/258
f 273/2/629 251/2/423 523/2/426 524/2/436
f 271/2/630 252/2/411 521/2/413 522/2/631
f 273/2/629 526/2/632 525/2/416 251/2/423
f 522/2/631 526/2/632 404/2/633 392/2/634
f 392/2/634 404/2/633 640/2/401 634/2/404
f 271/2/630 516/2/635 515/2/429 252/2/411
f 680/2/598 660/2/525 335/2/623 498/2/622
f 685/2/360 603/2/214 503/2/266 504/2/636
f 255/2/488 253/2/265 485/2/414 515/2/429
f 253/2/265 340/2/252 610/2/251 485/2/414
f 254/2/406 348/2/257 604/2/243 484/2/407
f 289/2/405 519/2/437 486/2/628 254/2/406
f 223/2/181 513/2/408 484/2/407 257/2/177
f 254/2/406 486/2/628 632/2/258 348/2/257
f 269/2/637 255/2/488 515/2/429 516/2/635
f 282/2/638 380/2/320 626/2/205 373/2/204
f 269/2/637 542/2/210 541/2/489 255/2/488
f 257/2/177 420/2/321 621/2/441 406/2/178
f 258/2/376 683/2/639 502/2/640
f 258/2/376 502/2/640 684/2/377
f 265/3/641 690/3/195 529/3/194 264/3/642
f 267/3/643 259/3/644 343/3/645 689/3/646
f 259/3/644 581/3/647 706/3/648 379/3/649
f 259/3/644 379/3/649 687/3/650 343/3/645
f 275/2/626 274/2/651 531/2/577 532/2/609
f 260/2/652 258/2/376 615/2/306 363/2/332
f 260/2/652 363/2/332 617/2/302 370/2/493
f 260/2/652 370/2/493 624/2/497 507/2/653
f 260/2/652 507/2/653 683/2/639 258/2/376
f 261/3/654 379/3/649 706/3/648 580/3/655
f 261/3/654 580/3/655 704/3/656 369/3/657
f 261/3/654 369/3/657 686/3/193 499/3/658
f 261/3/654 499/3/658 687/3/650 379/3/649
f 265/3/641 691/3/659 530/3/660
f 262/3/661 579/3/662 707/3/663 510/3/664
f 262/3/661 510/3/664 625/3/665 483/3/666
f 263/3/667 510/3/664 707/3/663 578/3/668
f 263/3/667 578/3/668 705/3/669 571/3/670
f 263/3/667 571/3/670 678/3/671 500/3/672
f 263/3/667 500/3/672 625/3/665 510/3/664
f 264/3/642 369/3/657 704/3/656 577/3/673
f 283/2/487 282/2/638 373/2/204 514/2/330
f 264/3/642 529/3/194 686/3/193 369/3/657
f 266/3/674 571/3/670 705/3/669 575/3/675
f 267/3/643 688/3/676 511/3/677 266/3/674
f 267/3/643 574/3/678 581/3/647 259/3/644
f 266/3/674 511/3/677 678/3/671 571/3/670
f 283/2/487 514/2/330 513/2/408 223/2/181
f 269/2/637 268/2/679 506/2/211 542/2/210
f 268/2/679 508/2/378 684/2/377 506/2/211
f 269/2/637 516/2/635 374/2/680 268/2/679
f 268/2/679 374/2/680 627/2/372 508/2/378
f 522/2/631 521/2/413 525/2/416 526/2/632
f 271/2/630 270/2/681 374/2/680 516/2/635
f 270/2/681 396/2/410 627/2/372 374/2/680
f 271/2/630 522/2/631 392/2/634 270/2/681
f 273/2/629 272/2/682 404/2/633 526/2/632
f 270/2/681 392/2/634 634/2/404 396/2/410
f 272/2/682 405/2/402 640/2/401 404/2/633
f 273/2/629 524/2/436 403/2/435 272/2/682
f 272/2/682 403/2/435 639/2/434 405/2/402
f 274/2/651 527/2/367 624/2/497 377/2/496
f 274/2/651 377/2/496 658/2/495 531/2/577
f 275/2/626 528/2/368 527/2/367 274/2/651
f 275/2/626 532/2/609 490/2/608 250/2/627
f 276/2/624 537/2/603 676/2/606 479/2/613
f 276/2/624 479/2/613 1317/2/612 1273/2/625
f 277/2/617 538/2/604 537/2/603 276/2/624
f 277/2/617 1279/2/620 1278/2/620 249/2/618
f 278/2/615 494/2/599 680/2/598 491/2/616
f 279/2/601 538/2/604 493/2/619 278/2/615
f 279/2/601 534/2/364 533/2/363 247/2/602
f 278/2/615 493/2/619 682/2/600 494/2/599
f 280/2/607 496/2/614 679/2/261 490/2/608
f 281/2/574 536/2/576 492/2/580 280/2/607
f 281/2/574 532/2/609 531/2/577 240/2/575
f 280/2/607 492/2/580 681/2/621 496/2/614
f 283/2/487 518/2/438 375/2/327 282/2/638
f 282/2/638 375/2/327 628/2/326 380/2/320
f 520/2/203 391/2/202 403/2/435 524/2/436
f 256/2/328 518/2/438 517/2/180 224/2/490
f 284/2/579 498/2/622 681/2/621 492/2/580
f 285/2/361 534/2/364 491/2/616 284/2/579
f 285/2/361 536/2/576 535/2/365 197/2/362
f 284/2/579 491/2/616 680/2/598 498/2/622
f 286/2/366 539/2/351 683/2/639 507/2/653
f 286/2/366 507/2/653 624/2/497 527/2/367
f 287/2/354 540/2/352 539/2/351 286/2/366
f 287/2/354 528/2/368 482/2/357 196/2/355
f 288/2/683 1250/2/684 1294/2/247 543/2/288
f 288/2/683 543/2/288 654/2/287 349/2/561
f 288/2/683 349/2/561 1291/2/560 1250/2/684
f 290/2/200 520/2/203 519/2/437 289/2/405
f 308/3/685 541/3/489 542/3/210 307/3/209
f 291/3/686 567/3/687 678/3/671 511/3/677
f 291/3/686 511/3/677 688/3/676 566/3/688
f 291/3/686 566/3/688 703/3/689 564/3/690
f 291/3/686 564/3/690 702/3/691 567/3/687
f 292/3/692 559/3/693 689/3/646 545/3/694
f 292/3/692 545/3/694 690/3/195 558/3/695
f 292/3/692 558/3/695 698/3/696 557/3/697
f 292/3/692 557/3/697 697/3/698 559/3/693
f 293/3/699 549/3/700 692/3/701 546/3/702
f 293/3/699 546/3/702 693/3/703 547/3/704
f 293/3/699 547/3/704 694/3/199 548/3/198
f 293/3/699 548/3/198 695/3/197 549/3/700
f 294/3/705 550/3/196 690/3/195 545/3/694
f 294/3/705 545/3/694 689/3/646 552/3/706
f 294/3/705 552/3/706 692/3/701 549/3/700
f 294/3/705 549/3/700 695/3/197 550/3/196
f 295/3/707 553/3/708 687/3/650 499/3/658
f 295/3/707 499/3/658 686/3/193 551/3/192
f 295/3/707 551/3/192 694/3/199 547/3/704
f 295/3/707 547/3/704 693/3/703 553/3/708
f 296/3/709 552/3/706 689/3/646 343/3/645
f 296/3/709 343/3/645 687/3/650 553/3/708
f 296/3/709 553/3/708 693/3/703 546/3/702
f 296/3/709 546/3/702 692/3/701 552/3/706
f 297/3/710 556/3/711 696/3/712 554/3/713
f 297/3/710 554/3/713 697/3/698 557/3/697
f 297/3/710 557/3/697 698/3/696 555/3/714
f 297/3/710 555/3/714 699/3/715 556/3/711
f 298/3/716 558/3/695 690/3/195 530/3/660
f 298/3/716 530/3/660 691/3/659 560/3/717
f 298/3/716 560/3/717 699/3/715 555/3/714
f 298/3/716 555/3/714 698/3/696 558/3/695
f 299/3/718 561/3/719 688/3/676 512/3/720
f 299/3/718 512/3/720 689/3/646 559/3/693
f 299/3/718 559/3/693 697/3/698 554/3/713
f 299/3/718 554/3/713 696/3/712 561/3/719
f 300/3/721 560/3/717 691/3/659 544/3/722
f 300/3/721 544/3/722 688/3/676 561/3/719
f 300/3/721 561/3/719 696/3/712 556/3/711
f 300/3/721 556/3/711 699/3/715 560/3/717
f 301/3/723 563/3/724 702/3/691 564/3/690
f 301/3/723 564/3/690 703/3/689 565/3/725
f 301/3/723 565/3/725 700/3/726 562/3/727
f 301/3/723 562/3/727 701/3/728 563/3/724
f 302/3/729 568/3/730 625/3/665 500/3/672
f 302/3/729 500/3/672 678/3/671 567/3/687
f 302/3/729 567/3/687 702/3/691 563/3/724
f 302/3/729 563/3/724 701/3/728 568/3/730
f 303/3/731 569/3/732 691/3/659 483/3/666
f 303/3/731 483/3/666 625/3/665 568/3/730
f 303/3/731 568/3/730 701/3/728 562/3/727
f 303/3/731 562/3/727 700/3/726 569/3/732
f 304/3/733 566/3/688 688/3/676 544/3/722
f 304/3/733 544/3/722 691/3/659 569/3/732
f 304/3/733 569/3/732 700/3/726 565/3/725
f 304/3/733 565/3/725 703/3/689 566/3/688
f 306/3/350 305/3/353 574/3/678 575/3/675
f 312/3/734 581/3/647 574/3/678 305/3/353
f 312/3/734 305/3/353 540/3/352 505/3/356
f 306/3/350 376/3/735 683/3/639 539/3/351
f 306/3/350 575/3/675 705/3/669 376/3/735
f 308/3/685 307/3/209 576/3/736 577/3/673
f 310/3/208 579/3/662 576/3/736 307/3/209
f 308/3/685 570/3/737 503/3/266 541/3/489
f 308/3/685 577/3/673 704/3/656 570/3/737
f 309/3/738 573/3/739 684/3/377 502/3/640
f 309/3/738 502/3/640 683/3/639 376/3/735
f 309/3/738 376/3/735 705/3/669 578/3/668
f 309/3/738 578/3/668 707/3/663 573/3/739
f 310/3/208 506/3/211 684/3/377 573/3/739
f 310/3/208 573/3/739 707/3/663 579/3/662
f 311/3/740 572/3/741 685/3/360 504/3/636
f 311/3/740 504/3/636 503/3/266 570/3/737
f 311/3/740 570/3/737 704/3/656 580/3/655
f 311/3/740 580/3/655 706/3/648 572/3/741
f 312/3/734 505/3/356 685/3/360 572/3/741
f 312/3/734 572/3/741 706/3/648 581/3/647
f 670/5/544 584/5/547 315/5/742 470/5/572
f 314/5/743 464/5/239 668/5/225 471/5/744
f 314/5/743 589/5/745 709/5/746 587/5/747
f 669/5/573 589/5/745 314/5/743 471/5/744
f 470/5/572 315/5/742 589/5/745 669/5/573
f 315/5/742 584/5/547 708/5/748 588/5/749
f 315/5/742 588/5/749 709/5/746 589/5/745
f 316/5/750 585/5/751 1320/5/752 1281/5/753
f 664/5/240 587/5/747 316/5/750 457/5/549
f 464/5/239 314/5/743 587/5/747 664/5/240
f 316/5/750 587/5/747 709/5/746 585/5/751
f 317/5/754 1282/5/755 1320/5/752 585/5/751
f 317/5/754 585/5/751 709/5/746 588/5/749
f 317/5/754 588/5/749 708/5/748 586/5/756
f 317/5/754 586/5/756 1321/5/757 1282/5/755
f 344/5/517 318/5/758 591/5/759 662/5/518
f 472/5/585 318/5/758 344/5/517 667/5/516
f 318/5/758 593/5/536 710/5/760 591/5/759
f 453/5/524 320/5/761 592/5/762 660/5/525
f 671/5/537 593/5/536 318/5/758 472/5/585
f 335/5/623 660/5/525 592/5/762 319/5/535
f 319/5/535 592/5/762 710/5/760 593/5/536
f 320/5/761 590/5/763 710/5/760 592/5/762
f 1311/5/523 1283/5/764 320/5/761 453/5/524
f 455/5/595 321/5/765 1284/5/766 1308/5/596
f 320/5/761 1283/5/764 1322/5/767 590/5/763
f 335/5/623 319/5/535 469/5/534 666/5/568
f 321/5/765 591/5/759 710/5/760 590/5/763
f 321/5/765 590/5/763 1322/5/767 1284/5/766
f 321/5/765 455/5/595 662/5/518 591/5/759
f 322/5/546 586/5/756 708/5/748 584/5/547
f 1323/5/768 1285/5/769 322/5/546 594/5/545
f 322/5/546 1285/5/769 1321/5/757 586/5/756
f 323/2/770 594/2/545 670/2/544 465/2/571
f 323/2/770 465/2/571 657/2/283 595/2/771
f 323/2/770 595/2/771 1324/2/772 1286/2/773
f 323/2/770 1286/2/773 1323/2/768 594/2/545
f 324/2/774 595/2/771 657/2/283 351/2/282
f 324/2/774 351/2/282 612/2/281 596/2/775
f 324/2/774 596/2/775 1325/2/776 1287/2/777
f 324/2/774 1287/2/777 1324/2/772 595/2/771
f 325/2/778 597/2/779 611/2/294 354/2/293
f 325/2/778 354/2/293 614/2/274 598/2/780
f 325/2/778 598/2/780 1327/2/781 1288/2/782
f 325/2/778 1288/2/782 1326/2/783 597/2/779
f 326/2/784 598/2/780 614/2/274 353/2/273
f 326/2/784 353/2/273 613/2/272 430/2/317
f 326/2/784 430/2/317 1295/2/316 1280/2/785
f 326/2/784 1280/2/785 1327/2/781 598/2/780
f 327/2/786 596/2/775 612/2/281 352/2/297
f 327/2/786 352/2/297 611/2/294 597/2/779
f 327/2/786 597/2/779 1326/2/783 1289/2/787
f 327/2/786 1289/2/787 1325/2/776 596/2/775
f 328/4/384 419/4/382 646/4/349 438/4/348
f 328/4/384 438/4/348 1302/4/347 1265/4/448
f 329/2/788 444/2/583 652/2/300 450/2/299
f 329/2/788 450/2/299 651/2/277 422/2/570
f 329/2/788 422/2/570 669/2/573 471/2/744
f 329/2/788 471/2/744 668/2/225 444/2/583
f 509/2/359 342/2/215 603/2/214 685/2/360
f 257/2/177 484/2/407 604/2/243 420/2/321
f 265/3/641 264/3/642 577/3/673 576/3/736
f 457/5/549 316/5/750 1281/5/753 1309/5/550
f 265/3/641 576/3/736 579/3/662 262/3/661
f 267/3/643 266/3/674 575/3/675 574/3/678
f 677/2/358 606/2/216 342/2/215 509/2/359
f 632/2/258 638/2/428 400/2/399 389/2/259
f 519/2/437 523/2/426 488/2/425 486/2/628
f 691/3/659 265/3/641 262/3/661 483/3/666
f 688/3/676 267/3/643 512/3/720
f 689/3/646 512/3/720 267/3/643
f 690/3/195 265/3/641 530/3/660
f 768/2/789 1253/2/176 1292/2/175 967/2/790
f 795/2/791 761/2/792 1055/2/793 1179/2/794 944/2/795
f 711/2/796 919/2/797 1139/2/798 874/2/799
f 711/2/796 906/2/800 1160/2/801 919/2/797
f 711/2/796 956/2/802 1187/2/803 906/2/800
f 711/2/796 874/2/799 1186/2/804 956/2/802
f 712/3/805 1067/3/806 1224/3/807 1089/3/808
f 712/3/805 1088/3/809 1228/3/810 1067/3/806
f 712/3/805 1086/3/811 1233/3/812 1088/3/809
f 712/3/805 1089/3/808 1232/3/813 1086/3/811
f 828/2/814 1058/2/815 929/2/816 713/2/817
f 713/2/817 933/2/818 1164/2/819 911/2/820
f 713/2/817 929/2/816 1171/2/821 933/2/818
f 848/3/822 1044/3/823 1080/3/824 845/3/825
f 714/2/826 880/2/827 1141/2/828 876/2/829
f 714/2/826 869/2/830 1144/2/831 880/2/827
f 714/2/826 885/2/832 1145/2/833 869/2/830
f 714/2/826 876/2/829 1143/2/834 885/2/832
f 715/2/835 902/2/836 1203/2/837 868/2/838
f 715/2/835 954/2/839 1206/2/840 902/2/836
f 715/2/835 996/2/841 1197/2/842 954/2/839
f 715/2/835 868/2/838 1201/2/843 996/2/841
f 716/2/844 1039/2/845 1319/2/232 1275/2/231
f 716/2/844 945/2/846 1179/2/794 1039/2/845
f 716/2/844 989/2/847 1180/2/848 945/2/846
f 716/2/844 1275/2/231 1298/2/237 989/2/847
f 717/2/849 1002/2/850 1206/2/840 954/2/839
f 717/2/849 998/2/851 1202/2/852 1002/2/850
f 717/2/849 954/2/839 1197/2/842 998/2/851
f 718/2/853 879/2/854 1142/2/855 967/2/790
f 718/2/853 965/2/856 1147/2/857 879/2/854
f 718/2/853 1249/2/248 1294/2/247 965/2/856
f 718/2/853 967/2/790 1292/2/175 1249/2/248
f 719/2/858 878/2/859 1148/2/860 877/2/861
f 719/2/858 876/2/829 1141/2/828 878/2/859
f 719/2/858 875/2/862 1143/2/834 876/2/829
f 719/2/858 877/2/861 1140/2/863 875/2/862
f 720/2/864 879/2/854 1147/2/857 932/2/865
f 720/2/864 886/2/866 1142/2/855 879/2/854
f 720/2/864 927/2/867 1170/2/868 886/2/866
f 720/2/864 932/2/865 1169/2/869 927/2/867
f 1217/2/870 1035/2/871 963/2/872 1191/2/873
f 1141/2/828 1041/2/874 791/2/875 878/2/859
f 721/2/876 872/2/877 1146/2/878 894/2/879
f 721/2/876 893/2/880 1139/2/798 872/2/877
f 721/2/876 891/2/881 1151/2/882 893/2/880
f 721/2/876 894/2/879 1152/2/883 891/2/881
f 722/2/884 870/2/885 1189/2/886 984/2/887
f 722/2/884 895/2/888 1138/2/889 870/2/885
f 722/2/884 889/2/890 1150/2/891 895/2/888
f 722/2/884 984/2/887 1195/2/892 889/2/890
f 723/2/893 883/2/894 1147/2/857 965/2/856
f 723/2/893 964/2/895 1140/2/863 883/2/894
f 723/2/893 1081/2/896 1192/2/897 964/2/895
f 723/2/893 965/2/856 1294/2/247 1081/2/896
f 724/2/898 884/2/899 1137/2/900 896/2/901
f 724/2/898 894/2/879 1146/2/878 884/2/899
f 724/2/898 892/2/902 1152/2/883 894/2/879
f 724/2/898 896/2/901 1149/2/903 892/2/902
f 725/2/904 871/2/905 1138/2/889 895/2/888
f 725/2/904 896/2/901 1137/2/900 871/2/905
f 725/2/904 890/2/906 1149/2/903 896/2/901
f 725/2/904 895/2/888 1150/2/891 890/2/906
f 726/2/907 988/2/908 1189/2/886 870/2/885
f 726/2/907 962/2/909 1190/2/910 988/2/908
f 726/2/907 924/2/911 1155/2/912 962/2/909
f 726/2/907 870/2/885 1138/2/889 924/2/911
f 727/2/913 923/2/914 1137/2/900 884/2/899
f 727/2/913 899/2/915 1153/2/916 923/2/914
f 727/2/913 920/2/917 1156/2/918 899/2/915
f 727/2/913 884/2/899 1146/2/878 920/2/917
f 728/2/919 920/2/917 1146/2/878 872/2/877
f 728/2/919 905/2/920 1156/2/918 920/2/917
f 728/2/919 919/2/797 1160/2/801 905/2/920
f 728/2/919 872/2/877 1139/2/798 919/2/797
f 729/2/921 961/2/922 1139/2/798 893/2/880
f 729/2/921 1252/2/315 1293/2/314 961/2/922
f 729/2/921 968/2/923 1295/2/316 1252/2/315
f 729/2/921 893/2/880 1151/2/882 968/2/923
f 758/2/924 918/2/925 1164/2/819 897/2/926
f 768/2/789 967/2/790 1142/2/855 958/2/927
f 730/2/928 972/2/929 1300/2/324 1256/2/323
f 730/2/928 913/2/930 1166/2/931 972/2/929
f 794/2/932 730/2/928 1256/2/323 1277/2/329
f 828/2/814 713/2/817 911/2/820 1052/2/933
f 731/2/934 871/2/905 1137/2/900 923/2/914
f 731/2/934 924/2/911 1138/2/889 871/2/905
f 731/2/934 901/2/935 1155/2/912 924/2/911
f 731/2/934 923/2/914 1153/2/916 901/2/935
f 732/2/936 981/2/937 1305/2/335 1263/2/334
f 732/2/936 951/2/938 1186/2/804 981/2/937
f 732/2/936 969/2/939 1157/2/940 951/2/938
f 732/2/936 1263/2/334 1296/2/340 969/2/939
f 733/2/941 971/2/942 1158/2/943 910/2/944
f 733/2/941 1261/2/346 1297/2/345 971/2/942
f 733/2/941 976/2/945 1302/2/347 1261/2/346
f 733/2/941 910/2/944 1184/2/946 976/2/945
f 844/3/947 843/3/948 1078/3/949 1077/3/950
f 825/2/951 1078/2/949 1043/2/952 734/2/953
f 734/2/953 1047/2/954 1215/2/955 1020/2/956
f 734/2/953 1043/2/952 1223/2/957 1047/2/954
f 823/2/958 1072/2/959 1071/2/960 735/2/961
f 735/2/961 868/2/838 1203/2/837 1073/2/962
f 735/2/961 1071/2/960 1201/2/843 868/2/838
f 825/2/951 1066/2/963 1065/2/964 824/2/965
f 736/2/966 898/2/967 1156/2/918 900/2/968
f 736/2/966 916/2/969 1165/2/970 898/2/967
f 736/2/966 897/2/926 1164/2/819 916/2/969
f 736/2/966 900/2/968 1154/2/971 897/2/926
f 737/2/972 796/2/973 1153/2/916 899/2/915
f 737/2/972 1046/2/974 1222/2/975 796/2/973
f 737/2/972 898/2/967 1165/2/970 1046/2/974
f 737/2/972 899/2/915 1156/2/918 898/2/967
f 759/2/976 959/2/977 1154/2/971 922/2/978
f 758/2/924 897/2/926 1154/2/971 959/2/977
f 759/2/976 922/2/978 1182/2/979 957/2/980
f 866/4/981 957/4/980 1182/4/979 977/4/982
f 738/2/983 906/2/800 1187/2/803 955/2/984
f 738/2/983 921/2/985 1160/2/801 906/2/800
f 738/2/983 949/2/986 1185/2/987 921/2/985
f 738/2/983 955/2/984 1188/2/988 949/2/986
f 739/2/989 971/2/942 1297/2/345 1254/2/393
f 739/2/989 904/2/990 1158/2/943 971/2/942
f 739/2/989 972/2/929 1166/2/931 904/2/990
f 739/2/989 1254/2/393 1300/2/324 972/2/929
f 1167/2/991 1025/2/992 1027/2/993 1173/2/994
f 927/2/867 1169/2/869 1175/2/995 938/2/996
f 1178/2/997 1172/2/998 931/2/999 943/2/1000
f 827/2/1001 1051/2/1002 1022/2/1003 792/2/1004
f 740/2/1005 916/2/969 1164/2/819 933/2/818
f 740/2/1005 934/2/1006 1165/2/970 916/2/969
f 740/2/1005 931/2/999 1172/2/998 934/2/1006
f 740/2/1005 933/2/818 1171/2/821 931/2/999
f 790/2/1007 1059/2/1008 1025/2/992 741/2/1009
f 741/2/1009 935/2/1010 1148/2/860 1023/2/1011
f 741/2/1009 1025/2/992 1167/2/991 935/2/1010
f 1027/2/993 1025/2/992 1059/2/1008 1063/2/1012
f 742/2/1013 877/2/861 1148/2/860 935/2/1010
f 742/2/1013 936/2/1014 1140/2/863 877/2/861
f 742/2/1013 926/2/1015 1168/2/1016 936/2/1014
f 742/2/1013 935/2/1010 1167/2/991 926/2/1015
f 743/2/1017 883/2/894 1140/2/863 936/2/1014
f 743/2/1017 932/2/865 1147/2/857 883/2/894
f 743/2/1017 928/2/1018 1169/2/869 932/2/865
f 743/2/1017 936/2/1014 1168/2/1016 928/2/1018
f 789/2/1019 1061/2/1020 1026/2/1021 744/2/1022
f 744/2/1022 940/2/1023 1173/2/994 1027/2/993
f 744/2/1022 1026/2/1021 1176/2/1024 940/2/1023
f 790/2/1007 741/2/1009 1023/2/1011 1053/2/1025
f 745/2/1026 940/2/1023 1176/2/1024 938/2/996
f 745/2/1026 937/2/1027 1173/2/994 940/2/1023
f 745/2/1026 939/2/1028 1174/2/1029 937/2/1027
f 745/2/1026 938/2/996 1175/2/995 939/2/1028
f 1177/2/1030 1171/2/821 929/2/816 941/2/1031
f 931/2/999 1171/2/821 1177/2/1030 943/2/1000
f 1058/2/815 1057/2/1032 1061/2/1020 1062/2/1033
f 1175/2/995 1169/2/869 928/2/1018 939/2/1028
f 794/2/932 1056/2/1034 913/2/930 730/2/928
f 1174/2/1029 1168/2/1016 926/2/1015 937/2/1027
f 928/2/1018 1168/2/1016 1174/2/1029 939/2/1028
f 789/2/1019 744/2/1022 1027/2/993 1063/2/1012
f 926/2/1015 1167/2/991 1173/2/994 937/2/1027
f 746/2/1035 903/2/1036 1159/2/1037 946/2/1038
f 746/2/1035 1120/2/1039 1180/2/848 903/2/1036
f 746/2/1035 851/2/1040 1120/2/1039
f 746/2/1035 946/2/1038 851/2/1040
f 747/2/1041 944/2/795 1179/2/794 1121/2/1042
f 747/2/1041 946/2/1038 1159/2/1037 944/2/795
f 747/2/1041 851/2/1040 946/2/1038
f 747/2/1041 1121/2/1042 851/2/1040
f 748/2/1043 945/2/846 1180/2/848 1120/2/1039
f 748/2/1043 1121/2/1042 1179/2/794 945/2/846
f 748/2/1043 851/2/1040 1121/2/1042
f 748/2/1043 1120/2/1039 851/2/1040
f 866/4/981 977/4/982 1303/4/449 1265/4/448
f 749/4/1044 947/4/1045 1181/4/1046 978/4/1047
f 749/4/1044 977/4/982 1182/4/979 947/4/1045
f 749/4/1044 1258/4/454 1303/4/449 977/4/982
f 749/4/1044 978/4/1047 1290/4/455 1258/4/454
f 750/4/1048 949/4/986 1188/4/988 980/4/1049
f 750/4/1048 979/4/1050 1185/4/987 949/4/986
f 750/4/1048 1260/4/460 1304/4/459 979/4/1050
f 750/4/1048 980/4/1049 1306/4/461 1260/4/460
f 751/2/1051 900/2/968 1156/2/918 950/2/1052
f 751/2/1051 922/2/978 1154/2/971 900/2/968
f 751/2/1051 947/2/1045 1182/2/979 922/2/978
f 751/2/1051 950/2/1052 1181/2/1046 947/2/1045
f 752/2/1053 905/2/920 1160/2/801 921/2/985
f 752/2/1053 950/2/1052 1156/2/918 905/2/920
f 752/2/1053 948/2/1054 1181/2/1046 950/2/1052
f 752/2/1053 921/2/985 1185/2/987 948/2/1054
f 753/4/1055 948/4/1054 1185/4/987 979/4/1050
f 753/4/1055 978/4/1047 1181/4/1046 948/4/1054
f 753/4/1055 1259/4/467 1290/4/455 978/4/1047
f 753/4/1055 979/4/1050 1304/4/459 1259/4/467
f 754/2/1056 970/2/1057 1299/2/470 1262/2/469
f 754/2/1056 909/2/1058 1161/2/1059 970/2/1057
f 754/2/1056 975/2/1060 1183/2/1061 909/2/1058
f 754/2/1056 1262/2/469 1301/2/476 975/2/1060
f 755/2/1062 969/2/939 1296/2/340 1257/2/478
f 755/2/1062 925/2/1063 1157/2/940 969/2/939
f 755/2/1062 970/2/1057 1161/2/1059 925/2/1063
f 755/2/1062 1257/2/478 1299/2/470 970/2/1057
f 756/2/1064 952/2/1065 1161/2/1059 909/2/1058
f 756/2/1064 955/2/984 1187/2/803 952/2/1065
f 756/2/1064 953/2/1066 1188/2/988 955/2/984
f 756/2/1064 909/2/1058 1183/2/1061 953/2/1066
f 757/4/1067 953/4/1066 1183/4/1061 975/4/1060
f 757/4/1067 980/4/1049 1188/4/988 953/4/1066
f 757/4/1067 1264/4/484 1306/4/461 980/4/1049
f 757/4/1067 975/4/1060 1301/4/476 1264/4/484
f 758/2/924 904/2/990 1166/2/931 918/2/925
f 758/2/924 959/2/977 1158/2/943 904/2/990
f 759/2/976 910/2/944 1158/2/943 959/2/977
f 759/2/976 957/2/980 1184/2/946 910/2/944
f 760/2/1068 961/2/922 1293/2/314 1255/2/486
f 760/2/1068 874/2/799 1139/2/798 961/2/922
f 760/2/1068 981/2/937 1186/2/804 874/2/799
f 760/2/1068 1255/2/486 1305/2/335 981/2/937
f 821/2/1069 1056/2/1034 1055/2/793 761/2/792
f 793/2/1070 791/2/875 1041/2/874 1079/2/1071
f 762/2/1072 1039/2/845 1179/2/794 1055/2/793
f 762/2/1072 1276/2/491 1319/2/232 1039/2/845
f 828/2/814 1052/2/933 1051/2/1002 827/2/1001
f 794/2/932 1277/2/329 1276/2/491 762/2/1072
f 763/2/1073 962/2/909 1155/2/912 908/2/1074
f 763/2/1073 983/2/1075 1190/2/910 962/2/909
f 763/2/1073 915/2/1076 1196/2/1077 983/2/1075
f 763/2/1073 908/2/1074 1162/2/1078 915/2/1076
f 764/2/1079 885/2/832 1143/2/834 888/2/1080
f 764/2/1079 966/2/1081 1145/2/833 885/2/832
f 764/2/1079 985/2/1082 1193/2/1083 966/2/1081
f 764/2/1079 888/2/1080 1194/2/1084 985/2/1082
f 765/2/1085 875/2/862 1140/2/863 964/2/895
f 765/2/1085 888/2/1080 1143/2/834 875/2/862
f 765/2/1085 986/2/1086 1194/2/1084 888/2/1080
f 765/2/1085 964/2/895 1192/2/897 986/2/1086
f 766/2/1087 869/2/830 1145/2/833 966/2/1081
f 766/2/1087 963/2/872 1144/2/831 869/2/830
f 766/2/1087 987/2/1088 1191/2/873 963/2/872
f 766/2/1087 966/2/1081 1193/2/1083 987/2/1088
f 1316/2/508 1318/2/511 1033/2/1089 1016/2/1090
f 1035/2/871 1215/2/955 1144/2/831 963/2/872
f 767/2/1091 1006/2/1092 1210/2/1093 1004/2/1094
f 767/2/1091 882/2/1095 1205/2/1096 1006/2/1092
f 767/2/1091 997/2/1097 1200/2/1098 882/2/1095
f 767/2/1091 1004/2/1094 1199/2/1099 997/2/1097
f 768/2/789 989/2/847 1298/2/237 1253/2/176
f 768/2/789 903/2/1036 1180/2/848 989/2/847
f 768/2/789 958/2/927 1159/2/1037 903/2/1036
f 769/2/1100 991/2/1101 1311/2/523 1274/2/522
f 769/2/1100 1018/2/1102 1198/2/1103 991/2/1101
f 769/2/1100 1016/2/1090 1213/2/1104 1018/2/1102
f 769/2/1100 1274/2/522 1316/2/508 1016/2/1090
f 770/2/1105 997/2/1097 1199/2/1099 1015/2/1106
f 770/2/1105 1014/2/1107 1200/2/1098 997/2/1097
f 770/2/1105 1013/2/1108 1212/2/1109 1014/2/1107
f 770/2/1105 1015/2/1106 1211/2/1110 1013/2/1108
f 1007/5/1111 1209/5/1112 1131/5/1113 857/5/1114
f 771/2/1115 990/2/1116 1197/2/842 996/2/841
f 771/2/1115 1266/2/541 1310/2/540 990/2/1116
f 771/2/1115 994/2/1117 1312/2/542 1266/2/541
f 771/2/1115 996/2/841 1201/2/843 994/2/1117
f 1208/5/1118 1122/5/1119 860/5/1120 1132/5/1121
f 772/2/1122 1268/2/551 1309/2/550 995/2/1123
f 772/2/1122 990/2/1116 1310/2/540 1268/2/551
f 772/2/1122 998/2/851 1197/2/842 990/2/1116
f 772/2/1122 995/2/1123 1202/2/852 998/2/851
f 773/2/1124 1005/2/1125 1313/2/554 1269/2/553
f 773/2/1124 1004/2/1094 1210/2/1093 1005/2/1125
f 773/2/1124 992/2/1126 1199/2/1099 1004/2/1094
f 773/2/1124 1269/2/553 1307/2/557 992/2/1126
f 774/2/1127 887/2/1128 1291/2/560 1251/2/559
f 774/2/1127 974/2/1129 1192/2/897 887/2/1128
f 774/2/1127 1005/2/1125 1210/2/1093 974/2/1129
f 774/2/1127 1251/2/559 1313/2/554 1005/2/1125
f 775/2/1130 986/2/1086 1192/2/897 974/2/1129
f 775/2/1130 1001/2/1131 1194/2/1084 986/2/1086
f 775/2/1130 1006/2/1092 1205/2/1096 1001/2/1131
f 775/2/1130 974/2/1129 1210/2/1093 1006/2/1092
f 776/2/1132 987/2/1088 1193/2/1083 973/2/1133
f 776/2/1132 1000/2/1134 1191/2/873 987/2/1088
f 776/2/1132 1007/2/1111 1204/2/1135 1000/2/1134
f 776/2/1132 973/2/1133 1209/2/1112 1007/2/1111
f 777/2/1136 984/2/887 1189/2/886 960/2/1137
f 777/2/1136 1003/2/1138 1195/2/892 984/2/887
f 777/2/1136 1008/2/1139 1208/2/1118 1003/2/1138
f 777/2/1136 960/2/1137 1207/2/1140 1008/2/1139
f 819/2/1141 1074/2/1142 1073/2/962 778/2/1143
f 778/2/1143 999/2/1144 1196/2/1077 1069/2/1145
f 778/2/1143 1073/2/962 1203/2/837 999/2/1144
f 823/2/958 1074/2/1142 1030/2/1146 822/2/1147
f 779/2/1148 956/2/802 1186/2/804 951/2/938
f 779/2/1148 952/2/1065 1187/2/803 956/2/802
f 779/2/1148 925/2/1063 1161/2/1059 952/2/1065
f 779/2/1148 951/2/938 1157/2/940 925/2/1063
f 780/2/1149 983/2/1075 1196/2/1077 999/2/1144
f 780/2/1149 982/2/1150 1190/2/910 983/2/1075
f 780/2/1149 902/2/836 1206/2/840 982/2/1150
f 780/2/1149 999/2/1144 1203/2/837 902/2/836
f 781/2/1151 985/2/1082 1194/2/1084 1001/2/1131
f 781/2/1151 973/2/1133 1193/2/1083 985/2/1082
f 781/2/1151 1010/2/1152 1209/2/1112 973/2/1133
f 781/2/1151 1001/2/1131 1205/2/1096 1010/2/1152
f 782/2/1153 1013/2/1108 1211/2/1110 1011/2/1154
f 782/2/1153 1012/2/1155 1212/2/1109 1013/2/1108
f 782/2/1153 1270/2/590 1315/2/589 1012/2/1155
f 782/2/1153 1011/2/1154 1314/2/591 1270/2/590
f 783/2/1156 992/2/1126 1307/2/557 1271/2/593
f 783/2/1156 1015/2/1106 1199/2/1099 992/2/1126
f 783/2/1156 1011/2/1154 1211/2/1110 1015/2/1106
f 783/2/1156 1271/2/593 1314/2/591 1011/2/1154
f 784/2/1157 993/2/1158 1200/2/1098 1014/2/1107
f 784/2/1157 1272/2/597 1308/2/596 993/2/1158
f 784/2/1157 1012/2/1155 1315/2/589 1272/2/597
f 784/2/1157 1014/2/1107 1212/2/1109 1012/2/1155
f 1218/2/1159 1198/2/1103 1018/2/1102 1032/2/1160
f 1033/2/1089 1220/2/1161 1213/2/1104 1016/2/1090
f 817/2/1162 1076/2/1163 1075/2/1164 785/2/1165
f 785/2/1165 1019/2/1166 1201/2/843 1071/2/960
f 785/2/1165 1075/2/1164 1214/2/1167 1019/2/1166
f 819/2/1141 1070/2/1168 1028/2/1169 818/2/1170
f 786/2/1171 994/2/1117 1201/2/843 1019/2/1166
f 786/2/1171 1267/2/611 1312/2/542 994/2/1117
f 786/2/1171 1017/2/1172 1317/2/612 1267/2/611
f 786/2/1171 1019/2/1166 1214/2/1167 1017/2/1172
f 1220/2/1161 1032/2/1160 1018/2/1102 1213/2/1104
f 1217/2/870 1191/2/873 1000/2/1134 1034/2/1173
f 817/2/1162 1072/2/959 1029/2/1174 816/2/1175
f 815/2/1176 1076/2/1163 1031/2/1177 787/2/1178
f 787/2/1178 1033/2/1089 1318/2/511 1278/2/620
f 787/2/1178 1031/2/1177 1220/2/1161 1033/2/1089
f 1219/2/1179 1034/2/1173 1000/2/1134 1204/2/1135
f 1219/2/1179 1204/2/1135 873/2/1180 1036/2/1181
f 815/2/1176 1279/2/620 1273/2/625 814/2/1182
f 813/2/1183 1066/2/963 1020/2/956 788/2/1184
f 788/2/1184 1035/2/871 1217/2/870 1028/2/1169
f 788/2/1184 1020/2/956 1215/2/955 1035/2/871
f 1024/2/1185 1170/2/868 1176/2/1024 1026/2/1021
f 811/2/1186 1062/2/1033 1061/2/1020 789/2/1019
f 809/2/1187 1060/2/1188 1059/2/1008 790/2/1007
f 811/2/1186 789/2/1019 1063/2/1012 1064/2/1189
f 1060/2/1188 930/2/1190 942/2/1191 1064/2/1189
f 930/2/1190 1172/2/998 1178/2/997 942/2/1191
f 809/2/1187 790/2/1007 1053/2/1025 1054/2/1192
f 1218/2/1159 1036/2/1181 873/2/1180 1198/2/1103
f 1223/2/957 1042/2/1193 1041/2/874 1141/2/828
f 793/2/1070 1053/2/1025 1023/2/1011 791/2/875
f 791/2/875 1023/2/1011 1148/2/860 878/2/859
f 792/2/1004 1022/2/1003 1142/2/855 886/2/866
f 827/2/1001 792/2/1004 1024/2/1185 1057/2/1032
f 761/2/792 795/2/791 1022/2/1003 1051/2/1002
f 792/2/1004 886/2/866 1170/2/868 1024/2/1185
f 807/2/1194 1054/2/1192 1053/2/1025 793/2/1070
f 820/2/1195 911/2/820 1164/2/819 918/2/925
f 807/2/1194 793/2/1070 1079/2/1071 1080/2/824
f 795/2/791 944/2/795 1159/2/1037 958/2/927
f 796/2/973 1040/2/1196 1221/2/1197
f 796/2/973 1222/2/975 1040/2/1196
f 803/3/1198 802/3/1199 1067/3/806 1228/3/810
f 805/3/1200 1227/3/1201 881/3/1202 797/3/1203
f 797/3/1203 917/3/1204 1244/3/1205 1119/3/1206
f 797/3/1203 881/3/1202 1225/3/1207 917/3/1204
f 813/2/1183 1070/2/1168 1069/2/1145 812/2/1208
f 798/2/1209 901/2/935 1153/2/916 796/2/973
f 798/2/1209 908/2/1074 1155/2/912 901/2/935
f 798/2/1209 1045/2/1210 1162/2/1078 908/2/1074
f 798/2/1209 796/2/973 1221/2/1197 1045/2/1210
f 799/3/1211 1118/3/1212 1244/3/1205 917/3/1204
f 799/3/1211 907/3/1213 1242/3/1214 1118/3/1212
f 799/3/1211 1037/3/1215 1224/3/807 907/3/1213
f 799/3/1211 917/3/1204 1225/3/1207 1037/3/1215
f 803/3/1198 1068/3/1216 1229/3/1217
f 800/3/1218 1048/3/1219 1245/3/1220 1117/3/1221
f 800/3/1218 1021/3/1222 1163/3/1223 1048/3/1219
f 801/3/1224 1116/3/1225 1245/3/1220 1048/3/1219
f 801/3/1224 1109/3/1226 1243/3/1227 1116/3/1225
f 801/3/1224 1038/3/1228 1216/3/1229 1109/3/1226
f 801/3/1224 1048/3/1219 1163/3/1223 1038/3/1228
f 802/3/1199 1115/3/1230 1242/3/1214 907/3/1213
f 821/2/1069 1052/2/933 911/2/820 820/2/1195
f 802/3/1199 907/3/1213 1224/3/807 1067/3/806
f 804/3/1231 1113/3/1232 1243/3/1227 1109/3/1226
f 805/3/1200 804/3/1231 1049/3/1233 1226/3/1234
f 805/3/1200 797/3/1203 1119/3/1206 1112/3/1235
f 804/3/1231 1109/3/1226 1216/3/1229 1049/3/1233
f 821/2/1069 761/2/792 1051/2/1002 1052/2/933
f 807/2/1194 1080/2/824 1044/2/823 806/2/1236
f 806/2/1236 1044/2/823 1222/2/975 1046/2/974
f 807/2/1194 806/2/1236 912/2/1237 1054/2/1192
f 806/2/1236 1046/2/974 1165/2/970 912/2/1237
f 1060/2/1188 1064/2/1189 1063/2/1012 1059/2/1008
f 809/2/1187 1054/2/1192 912/2/1237 808/2/1238
f 808/2/1238 912/2/1237 1165/2/970 934/2/1006
f 809/2/1187 808/2/1238 930/2/1190 1060/2/1188
f 811/2/1186 1064/2/1189 942/2/1191 810/2/1239
f 808/2/1238 934/2/1006 1172/2/998 930/2/1190
f 810/2/1239 942/2/1191 1178/2/997 943/2/1000
f 811/2/1186 810/2/1239 941/2/1031 1062/2/1033
f 810/2/1239 943/2/1000 1177/2/1030 941/2/1031
f 812/2/1208 915/2/1076 1162/2/1078 1065/2/964
f 812/2/1208 1069/2/1145 1196/2/1077 915/2/1076
f 813/2/1183 812/2/1208 1065/2/964 1066/2/963
f 813/2/1183 788/2/1184 1028/2/1169 1070/2/1168
f 814/2/1182 1017/2/1172 1214/2/1167 1075/2/1164
f 814/2/1182 1273/2/625 1317/2/612 1017/2/1172
f 815/2/1176 814/2/1182 1075/2/1164 1076/2/1163
f 815/2/1176 787/2/1178 1278/2/620 1279/2/620
f 816/2/1175 1029/2/1174 1218/2/1159 1032/2/1160
f 817/2/1162 816/2/1175 1031/2/1177 1076/2/1163
f 817/2/1162 785/2/1165 1071/2/960 1072/2/959
f 816/2/1175 1032/2/1160 1220/2/1161 1031/2/1177
f 818/2/1170 1028/2/1169 1217/2/870 1034/2/1173
f 819/2/1141 818/2/1170 1030/2/1146 1074/2/1142
f 819/2/1141 778/2/1143 1069/2/1145 1070/2/1168
f 818/2/1170 1034/2/1173 1219/2/1179 1030/2/1146
f 821/2/1069 820/2/1195 913/2/930 1056/2/1034
f 820/2/1195 918/2/925 1166/2/931 913/2/930
f 1058/2/815 1062/2/1033 941/2/1031 929/2/816
f 794/2/932 762/2/1072 1055/2/793 1056/2/1034
f 822/2/1147 1030/2/1146 1219/2/1179 1036/2/1181
f 823/2/958 822/2/1147 1029/2/1174 1072/2/959
f 823/2/958 735/2/961 1073/2/962 1074/2/1142
f 822/2/1147 1036/2/1181 1218/2/1159 1029/2/1174
f 824/2/965 1045/2/1210 1221/2/1197 1077/2/950
f 824/2/965 1065/2/964 1162/2/1078 1045/2/1210
f 825/2/951 824/2/965 1077/2/950 1078/2/949
f 825/2/951 734/2/953 1020/2/956 1066/2/963
f 826/2/1240 1081/2/896 1294/2/247 1250/2/684
f 826/2/1240 887/2/1128 1192/2/897 1081/2/896
f 826/2/1240 1250/2/684 1291/2/560 887/2/1128
f 828/2/814 827/2/1001 1057/2/1032 1058/2/815
f 846/3/1241 845/3/825 1080/3/824 1079/3/1071
f 829/3/1242 1049/3/1233 1216/3/1229 1105/3/1243
f 829/3/1242 1104/3/1244 1226/3/1234 1049/3/1233
f 829/3/1242 1102/3/1245 1241/3/1246 1104/3/1244
f 829/3/1242 1105/3/1243 1240/3/1247 1102/3/1245
f 830/3/1248 1083/3/1249 1227/3/1201 1097/3/1250
f 830/3/1248 1096/3/1251 1228/3/810 1083/3/1249
f 830/3/1248 1095/3/1252 1236/3/1253 1096/3/1251
f 830/3/1248 1097/3/1250 1235/3/1254 1095/3/1252
f 831/3/1255 1084/3/1256 1230/3/1257 1087/3/1258
f 831/3/1255 1085/3/1259 1231/3/1260 1084/3/1256
f 831/3/1255 1086/3/811 1232/3/813 1085/3/1259
f 831/3/1255 1087/3/1258 1233/3/812 1086/3/811
f 832/3/1261 1083/3/1249 1228/3/810 1088/3/809
f 832/3/1261 1090/3/1262 1227/3/1201 1083/3/1249
f 832/3/1261 1087/3/1258 1230/3/1257 1090/3/1262
f 832/3/1261 1088/3/809 1233/3/812 1087/3/1258
f 833/3/1263 1037/3/1215 1225/3/1207 1091/3/1264
f 833/3/1263 1089/3/808 1224/3/807 1037/3/1215
f 833/3/1263 1085/3/1259 1232/3/813 1089/3/808
f 833/3/1263 1091/3/1264 1231/3/1260 1085/3/1259
f 834/3/1265 881/3/1202 1227/3/1201 1090/3/1262
f 834/3/1265 1091/3/1264 1225/3/1207 881/3/1202
f 834/3/1265 1084/3/1256 1231/3/1260 1091/3/1264
f 834/3/1265 1090/3/1262 1230/3/1257 1084/3/1256
f 835/3/1266 1092/3/1267 1234/3/1268 1094/3/1269
f 835/3/1266 1095/3/1252 1235/3/1254 1092/3/1267
f 835/3/1266 1093/3/1270 1236/3/1253 1095/3/1252
f 835/3/1266 1094/3/1269 1237/3/1271 1093/3/1270
f 836/3/1272 1068/3/1216 1228/3/810 1096/3/1251
f 836/3/1272 1098/3/1273 1229/3/1217 1068/3/1216
f 836/3/1272 1093/3/1270 1237/3/1271 1098/3/1273
f 836/3/1272 1096/3/1251 1236/3/1253 1093/3/1270
f 837/3/1274 1050/3/1275 1226/3/1234 1099/3/1276
f 837/3/1274 1097/3/1250 1227/3/1201 1050/3/1275
f 837/3/1274 1092/3/1267 1235/3/1254 1097/3/1250
f 837/3/1274 1099/3/1276 1234/3/1268 1092/3/1267
f 838/3/1277 1082/3/1278 1229/3/1217 1098/3/1273
f 838/3/1277 1099/3/1276 1226/3/1234 1082/3/1278
f 838/3/1277 1094/3/1269 1234/3/1268 1099/3/1276
f 838/3/1277 1098/3/1273 1237/3/1271 1094/3/1269
f 839/3/1279 1102/3/1245 1240/3/1247 1101/3/1280
f 839/3/1279 1103/3/1281 1241/3/1246 1102/3/1245
f 839/3/1279 1100/3/1282 1238/3/1283 1103/3/1281
f 839/3/1279 1101/3/1280 1239/3/1284 1100/3/1282
f 840/3/1285 1038/3/1228 1163/3/1223 1106/3/1286
f 840/3/1285 1105/3/1243 1216/3/1229 1038/3/1228
f 840/3/1285 1101/3/1280 1240/3/1247 1105/3/1243
f 840/3/1285 1106/3/1286 1239/3/1284 1101/3/1280
f 841/3/1287 1021/3/1222 1229/3/1217 1107/3/1288
f 841/3/1287 1106/3/1286 1163/3/1223 1021/3/1222
f 841/3/1287 1100/3/1282 1239/3/1284 1106/3/1286
f 841/3/1287 1107/3/1288 1238/3/1283 1100/3/1282
f 842/3/1289 1082/3/1278 1226/3/1234 1104/3/1244
f 842/3/1289 1107/3/1288 1229/3/1217 1082/3/1278
f 842/3/1289 1103/3/1281 1238/3/1283 1107/3/1288
f 842/3/1289 1104/3/1244 1241/3/1246 1103/3/1281
f 844/3/947 1113/3/1232 1112/3/1235 843/3/948
f 850/3/1290 843/3/948 1112/3/1235 1119/3/1206
f 850/3/1290 1043/3/952 1078/3/949 843/3/948
f 844/3/947 1077/3/950 1221/3/1197 914/3/1291
f 844/3/947 914/3/1291 1243/3/1227 1113/3/1232
f 846/3/1241 1115/3/1230 1114/3/1292 845/3/825
f 848/3/822 845/3/825 1114/3/1292 1117/3/1221
f 846/3/1241 1079/3/1071 1041/3/874 1108/3/1293
f 846/3/1241 1108/3/1293 1242/3/1214 1115/3/1230
f 847/3/1294 1040/3/1196 1222/3/975 1111/3/1295
f 847/3/1294 914/3/1291 1221/3/1197 1040/3/1196
f 847/3/1294 1116/3/1225 1243/3/1227 914/3/1291
f 847/3/1294 1111/3/1295 1245/3/1220 1116/3/1225
f 848/3/822 1111/3/1295 1222/3/975 1044/3/823
f 848/3/822 1117/3/1221 1245/3/1220 1111/3/1295
f 849/3/1296 1042/3/1193 1223/3/957 1110/3/1297
f 849/3/1296 1108/3/1293 1041/3/874 1042/3/1193
f 849/3/1296 1118/3/1212 1242/3/1214 1108/3/1293
f 849/3/1296 1110/3/1297 1244/3/1205 1118/3/1212
f 850/3/1290 1110/3/1297 1223/3/957 1043/3/952
f 850/3/1290 1119/3/1206 1244/3/1205 1110/3/1297
f 1208/5/1118 1008/5/1139 853/5/1298 1122/5/1119
f 852/5/1299 1009/5/1300 1206/5/840 1002/5/850
f 852/5/1299 1125/5/1301 1247/5/1302 1127/5/1303
f 1207/5/1140 1009/5/1300 852/5/1299 1127/5/1303
f 1008/5/1139 1207/5/1140 1127/5/1303 853/5/1298
f 853/5/1298 1126/5/1304 1246/5/1305 1122/5/1119
f 853/5/1298 1127/5/1303 1247/5/1302 1126/5/1304
f 854/5/1306 1281/5/753 1320/5/752 1123/5/1307
f 1202/5/852 995/5/1123 854/5/1306 1125/5/1301
f 1002/5/850 1202/5/852 1125/5/1301 852/5/1299
f 854/5/1306 1123/5/1307 1247/5/1302 1125/5/1301
f 855/5/1308 1123/5/1307 1320/5/752 1282/5/755
f 855/5/1308 1126/5/1304 1247/5/1302 1123/5/1307
f 855/5/1308 1124/5/1309 1246/5/1305 1126/5/1304
f 855/5/1308 1282/5/755 1321/5/757 1124/5/1309
f 882/5/1095 1200/5/1098 1129/5/1310 856/5/1311
f 1010/5/1152 1205/5/1096 882/5/1095 856/5/1311
f 856/5/1311 1129/5/1310 1248/5/1312 1131/5/1113
f 991/5/1101 1198/5/1103 1130/5/1313 858/5/1314
f 1209/5/1112 1010/5/1152 856/5/1311 1131/5/1113
f 873/5/1180 857/5/1114 1130/5/1313 1198/5/1103
f 857/5/1114 1131/5/1113 1248/5/1312 1130/5/1313
f 858/5/1314 1130/5/1313 1248/5/1312 1128/5/1315
f 1311/5/523 991/5/1101 858/5/1314 1283/5/764
f 993/5/1158 1308/5/596 1284/5/766 859/5/1316
f 858/5/1314 1128/5/1315 1322/5/767 1283/5/764
f 873/5/1180 1204/5/1135 1007/5/1111 857/5/1114
f 859/5/1316 1128/5/1315 1248/5/1312 1129/5/1310
f 859/5/1316 1284/5/766 1322/5/767 1128/5/1315
f 859/5/1316 1129/5/1310 1200/5/1098 993/5/1158
f 860/5/1120 1122/5/1119 1246/5/1305 1124/5/1309
f 1323/5/768 1132/5/1121 860/5/1120 1285/5/769
f 860/5/1120 1124/5/1309 1321/5/757 1285/5/769
f 861/2/1317 1003/2/1138 1208/2/1118 1132/2/1121
f 861/2/1317 1133/2/1318 1195/2/892 1003/2/1138
f 861/2/1317 1286/2/773 1324/2/772 1133/2/1318
f 861/2/1317 1132/2/1121 1323/2/768 1286/2/773
f 862/2/1319 889/2/890 1195/2/892 1133/2/1318
f 862/2/1319 1134/2/1320 1150/2/891 889/2/890
f 862/2/1319 1287/2/777 1325/2/776 1134/2/1320
f 862/2/1319 1133/2/1318 1324/2/772 1287/2/777
f 863/2/1321 892/2/902 1149/2/903 1135/2/1322
f 863/2/1321 1136/2/1323 1152/2/883 892/2/902
f 863/2/1321 1288/2/782 1327/2/781 1136/2/1323
f 863/2/1321 1135/2/1322 1326/2/783 1288/2/782
f 864/2/1324 891/2/881 1152/2/883 1136/2/1323
f 864/2/1324 968/2/923 1151/2/882 891/2/881
f 864/2/1324 1280/2/785 1295/2/316 968/2/923
f 864/2/1324 1136/2/1323 1327/2/781 1280/2/785
f 865/2/1325 890/2/906 1150/2/891 1134/2/1320
f 865/2/1325 1135/2/1322 1149/2/903 890/2/906
f 865/2/1325 1289/2/787 1326/2/783 1135/2/1322
f 865/2/1325 1134/2/1320 1325/2/776 1289/2/787
f 866/4/981 976/4/945 1184/4/946 957/4/980
f 866/4/981 1265/4/448 1302/4/347 976/4/945
f 867/2/1326 988/2/908 1190/2/910 982/2/1150
f 867/2/1326 960/2/1137 1189/2/886 988/2/908
f 867/2/1326 1009/2/1300 1207/2/1140 960/2/1137
f 867/2/1326 982/2/1150 1206/2/840 1009/2/1300
f 1047/2/954 1223/2/957 1141/2/828 880/2/827
f 795/2/791 958/2/927 1142/2/855 1022/2/1003
f 803/3/1198 1114/3/1292 1115/3/1230 802/3/1199
f 995/5/1123 1309/5/550 1281/5/753 854/5/1306
f 803/3/1198 800/3/1218 1117/3/1221 1114/3/1292
f 805/3/1200 1112/3/1235 1113/3/1232 804/3/1231
f 1215/2/955 1047/2/954 880/2/827 1144/2/831
f 1170/2/868 927/2/867 938/2/996 1176/2/1024
f 1057/2/1032 1024/2/1185 1026/2/1021 1061/2/1020
f 1229/3/1217 1021/3/1222 800/3/1218 803/3/1198
f 1226/3/1234 1050/3/1275 805/3/1200
f 1227/3/1201 805/3/1200 1050/3/1275
f 1228/3/810 1068/3/1216 803/3/1198
f 1330/1/1327 1329/1/1328 1340/1/1329 1341/1/1330
f 1426/1/1331 1336/1/1332 1347/1/1333
f 1505/1/1334 1337/1/1335 1338/1/1336
f 1334/1/1337 1333/1/1338 1344/1/1339 1345/1/1340
f 1331/1/1341 1330/1/1327 1341/1/1330 1342/1/1342
f 1328/1/1343 1505/1/1334 1338/1/1336 1339/1/1344
f 1335/1/1345 1334/1/1337 1345/1/1340 1346/1/1346
f 1332/1/1347 1331/1/1341 1342/1/1342 1343/1/1348
f 1329/1/1328 1328/1/1343 1339/1/1344 1340/1/1329
f 1336/1/1332 1335/1/1345 1346/1/1346 1347/1/1333
f 1504/6/1349 1348/6/1350 1337/6/1335
f 1333/1/1338 1332/1/1347 1343/1/1348 1344/1/1339
f 1346/1/1346 1345/1/1340 1357/1/1351 1358/1/1352
f 1343/1/1348 1342/1/1342 1354/1/1353 1355/1/1354
f 1340/1/1329 1339/1/1344 1351/1/1355 1352/1/1356
f 1347/1/1333 1346/1/1346 1358/1/1352 1359/1/1357
f 1337/6/1335 1348/6/1350 1511/6/1358
f 1344/1/1339 1343/1/1348 1355/1/1354 1356/1/1359
f 1341/1/1330 1340/1/1329 1352/1/1356 1353/1/1360
f 1426/1/1331 1347/1/1333 1359/1/1357
f 1338/1/1336 1337/1/1335 1349/1/1361 1350/1/1362
f 1345/1/1340 1344/1/1339 1356/1/1359 1357/1/1351
f 1342/1/1342 1341/1/1330 1353/1/1360 1354/1/1353
f 1339/1/1344 1338/1/1336 1350/1/1362 1351/1/1355
f 1350/1/1362 1349/1/1361 1360/1/1363 1361/1/1364
f 1357/1/1351 1356/1/1359 1367/1/1365 1368/1/1366
f 1354/1/1353 1353/1/1360 1364/1/1367 1365/1/1368
f 1351/1/1355 1350/1/1362 1361/1/1364 1362/1/1369
f 1358/1/1352 1357/1/1351 1368/1/1366 1369/1/1370
f 1355/1/1354 1354/1/1353 1365/1/1368 1366/1/1371
f 1352/1/1356 1351/1/1355 1362/1/1369 1363/1/1372
f 1359/1/1357 1358/1/1352 1369/1/1370 1370/1/1373
f 1349/1/1361 1511/1/1358 1510/1/1374 1360/1/1363
f 1356/1/1359 1355/1/1354 1366/1/1371 1367/1/1365
f 1353/1/1360 1352/1/1356 1363/1/1372 1364/1/1367
f 1426/1/1331 1359/1/1357 1370/1/1373
f 1370/1/1373 1369/1/1370 1380/1/1375 1381/1/1376
f 1360/1/1363 1510/1/1374 1512/1/1377 1371/1/1378
f 1367/1/1365 1366/1/1371 1377/1/1379 1378/1/1380
f 1364/1/1367 1363/1/1372 1374/1/1381 1375/1/1382
f 1426/1/1331 1370/1/1373 1381/1/1376
f 1361/1/1364 1360/1/1363 1371/1/1378 1372/1/1383
f 1368/1/1366 1367/1/1365 1378/1/1380 1379/1/1384
f 1365/1/1368 1364/1/1367 1375/1/1382 1376/1/1385
f 1362/1/1369 1361/1/1364 1372/1/1383 1373/1/1386
f 1369/1/1370 1368/1/1366 1379/1/1384 1380/1/1375
f 1366/1/1371 1365/1/1368 1376/1/1385 1377/1/1379
f 1363/1/1372 1362/1/1369 1373/1/1386 1374/1/1381
f 1373/1/1386 1372/1/1383 1383/1/1387 1384/1/1388
f 1380/1/1375 1379/1/1384 1390/1/1389 1391/1/1390
f 1377/1/1379 1376/1/1385 1387/1/1391 1388/1/1392
f 1374/1/1381 1373/1/1386 1384/1/1388 1385/1/1393
f 1381/1/1376 1380/1/1375 1391/1/1390 1392/1/1394
f 1371/1/1378 1512/1/1377 1513/1/1395 1382/1/1396
f 1378/1/1380 1377/1/1379 1388/1/1392 1389/1/1397
f 1375/1/1382 1374/1/1381 1385/1/1393 1386/1/1398
f 1426/1/1331 1381/1/1376 1392/1/1394
f 1372/1/1383 1371/1/1378 1382/1/1396 1383/1/1387
f 1379/1/1384 1378/1/1380 1389/1/1397 1390/1/1389
f 1376/1/1385 1375/1/1382 1386/1/1398 1387/1/1391
f 1426/1/1331 1392/1/1394 1403/1/1399
f 1383/1/1387 1382/1/1396 1393/1/1400 1394/1/1401
f 1390/1/1389 1389/1/1397 1400/1/1402 1401/1/1403
f 1387/1/1391 1386/1/1398 1397/1/1404 1398/1/1405
f 1384/1/1388 1383/1/1387 1394/1/1401 1395/1/1406
f 1391/1/1390 1390/1/1389 1401/1/1403 1402/1/1407
f 1388/1/1392 1387/1/1391 1398/1/1405 1399/1/1408
f 1385/1/1393 1384/1/1388 1395/1/1406 1396/1/1409
f 1392/1/1394 1391/1/1390 1402/1/1407 1403/1/1399
f 1382/1/1396 1513/1/1395 1393/1/1400
f 1389/1/1397 1388/1/1392 1399/1/1408 1400/1/1402
f 1386/1/1398 1385/1/1393 1396/1/1409 1397/1/1404
f 1396/1/1409 1395/1/1406 1406/1/1410 1407/1/1411
f 1403/1/1399 1402/1/1407 1413/1/1412 1414/1/1413
f 1393/6/1400 1348/6/1350 1404/6/1414
f 1400/1/1402 1399/1/1408 1410/1/1415 1411/1/1416
f 1397/1/1404 1396/1/1409 1407/1/1411 1408/1/1417
f 1426/1/1331 1403/1/1399 1414/1/1413
f 1394/1/1401 1393/1/1400 1405/1/1418
f 1401/1/1403 1400/1/1402 1411/1/1416 1412/1/1419
f 1398/1/1405 1397/1/1404 1408/1/1417 1409/1/1420
f 1395/1/1406 1394/1/1401 1405/1/1418 1406/1/1410
f 1402/1/1407 1401/1/1403 1412/1/1419 1413/1/1412
f 1399/1/1408 1398/1/1405 1409/1/1420 1410/1/1415
f 1406/1/1410 1405/1/1418 1416/1/1421 1417/1/1422
f 1413/1/1412 1412/1/1419 1423/1/1423 1424/1/1424
f 1410/1/1415 1409/1/1420 1420/1/1425 1421/1/1426
f 1407/1/1411 1406/1/1410 1417/1/1422 1418/1/1427
f 1414/1/1413 1413/1/1412 1424/1/1424 1425/1/1428
f 1404/6/1414 1348/6/1350 1415/6/1429
f 1411/1/1416 1410/1/1415 1421/1/1426 1422/1/1430
f 1408/1/1417 1407/1/1411 1418/1/1427 1419/1/1431
f 1426/1/1331 1414/1/1413 1425/1/1428
f 1405/6/1418 1404/6/1414 1415/6/1429 1416/6/1421
f 1412/1/1419 1411/1/1416 1422/1/1430 1423/1/1423
f 1409/1/1420 1408/1/1417 1419/1/1431 1420/1/1425
f 1419/1/1431 1418/1/1427 1430/1/1432 1431/1/1433
f 1426/1/1331 1425/1/1428 1437/1/1434
f 1416/1/1421 1427/1/1435 1428/1/1436
f 1423/1/1423 1422/1/1430 1434/1/1437 1435/1/1438
f 1420/1/1425 1419/1/1431 1431/1/1433 1432/1/1439
f 1417/1/1422 1416/1/1421 1428/1/1436 1429/1/1440
f 1424/1/1424 1423/1/1423 1435/1/1438 1436/1/1441
f 1421/1/1426 1420/1/1425 1432/1/1439 1433/1/1442
f 1418/1/1427 1417/1/1422 1429/1/1440 1430/1/1432
f 1425/1/1428 1424/1/1424 1436/1/1441 1437/1/1434
f 1415/6/1429 1348/6/1350 1427/6/1435
f 1422/1/1430 1421/1/1426 1433/1/1442 1434/1/1437
f 1430/1/1432 1429/1/1440 1440/1/1443 1441/1/1444
f 1437/1/1434 1436/1/1441 1447/1/1445 1448/1/1446
f 1427/6/1435 1348/6/1350 1507/6/1447
f 1434/1/1437 1433/1/1442 1444/1/1448 1445/1/1449
f 1431/1/1433 1430/1/1432 1441/1/1444 1442/1/1450
f 1426/1/1331 1437/1/1434 1448/1/1446
f 1428/1/1436 1427/1/1435 1438/1/1451 1439/1/1452
f 1435/1/1438 1434/1/1437 1445/1/1449 1446/1/1453
f 1432/1/1439 1431/1/1433 1442/1/1450 1443/1/1454
f 1429/1/1440 1428/1/1436 1439/1/1452 1440/1/1443
f 1436/1/1441 1435/1/1438 1446/1/1453 1447/1/1445
f 1433/1/1442 1432/1/1439 1443/1/1454 1444/1/1448
f 1443/1/1454 1442/1/1450 1453/1/1455 1454/1/1456
f 1440/1/1443 1439/1/1452 1450/1/1457 1451/1/1458
f 1447/1/1445 1446/1/1453 1457/1/1459 1458/1/1460
f 1444/1/1448 1443/1/1454 1454/1/1456 1455/1/1461
f 1441/1/1444 1440/1/1443 1451/1/1458 1452/1/1462
f 1448/1/1446 1447/1/1445 1458/1/1460 1459/1/1463
f 1438/1/1451 1507/1/1447 1509/1/1464 1449/1/1465
f 1445/1/1449 1444/1/1448 1455/1/1461 1456/1/1466
f 1442/1/1450 1441/1/1444 1452/1/1462 1453/1/1455
f 1426/1/1331 1448/1/1446 1459/1/1463
f 1439/1/1452 1438/1/1451 1449/1/1465 1450/1/1457
f 1446/1/1453 1445/1/1449 1456/1/1466 1457/1/1459
f 1453/1/1455 1452/1/1462 1463/1/1467 1464/1/1468
f 1426/1/1331 1459/1/1463 1470/1/1469
f 1450/1/1457 1449/1/1465 1460/1/1470 1461/1/1471
f 1457/1/1459 1456/1/1466 1467/1/1472 1468/1/1473
f 1454/1/1456 1453/1/1455 1464/1/1468 1465/1/1474
f 1451/1/1458 1450/1/1457 1461/1/1471 1462/1/1475
f 1458/1/1460 1457/1/1459 1468/1/1473 1469/1/1476
f 1455/1/1461 1454/1/1456 1465/1/1474 1466/1/1477
f 1452/1/1462 1451/1/1458 1462/1/1475 1463/1/1467
f 1459/1/1463 1458/1/1460 1469/1/1476 1470/1/1469
f 1449/1/1465 1509/1/1464 1506/1/1478 1460/1/1470
f 1456/1/1466 1455/1/1461 1466/1/1477 1467/1/1472
f 1466/1/1477 1465/1/1474 1476/1/1479 1477/1/1480
f 1463/1/1467 1462/1/1475 1473/1/1481 1474/1/1482
f 1470/1/1469 1469/1/1476 1480/1/1483 1481/1/1484
f 1460/1/1470 1506/1/1478 1508/1/1485 1471/1/1486
f 1467/1/1472 1466/1/1477 1477/1/1480 1478/1/1487
f 1464/1/1468 1463/1/1467 1474/1/1482 1475/1/1488
f 1426/1/1331 1470/1/1469 1481/1/1484
f 1461/1/1471 1460/1/1470 1471/1/1486 1472/1/1489
f 1468/1/1473 1467/1/1472 1478/1/1487 1479/1/1490
f 1465/1/1474 1464/1/1468 1475/1/1488 1476/1/1479
f 1462/1/1475 1461/1/1471 1472/1/1489 1473/1/1481
f 1469/1/1476 1468/1/1473 1479/1/1490 1480/1/1483
f 1476/1/1479 1475/1/1488 1486/1/1491 1487/1/1492
f 1473/1/1481 1472/1/1489 1483/1/1493 1484/1/1494
f 1480/1/1483 1479/1/1490 1490/1/1495 1491/1/1496
f 1477/1/1480 1476/1/1479 1487/1/1492 1488/1/1497
f 1474/1/1482 1473/1/1481 1484/1/1494 1485/1/1498
f 1481/1/1484 1480/1/1483 1491/1/1496 1492/1/1499
f 1471/1/1486 1508/1/1485 1482/1/1500
f 1478/1/1487 1477/1/1480 1488/1/1497 1489/1/1501
f 1475/1/1488 1474/1/1482 1485/1/1498 1486/1/1491
f 1426/1/1331 1481/1/1484 1492/1/1499
f 1472/1/1489 1471/1/1486 1482/1/1500 1483/1/1493
f 1479/1/1490 1478/1/1487 1489/1/1501 1490/1/1495
f 1489/1/1501 1488/1/1497 1499/1/1502 1500/1/1503
f 1486/1/1491 1485/1/1498 1496/1/1504 1497/1/1505
f 1426/1/1331 1492/1/1499 1503/1/1506
f 1483/1/1493 1482/1/1500 1494/1/1507
f 1490/1/1495 1489/1/1501 1500/1/1503 1501/1/1508
f 1487/1/1492 1486/1/1491 1497/1/1505 1498/1/1509
f 1484/1/1494 1483/1/1493 1494/1/1507 1495/1/1510
f 1491/1/1496 1490/1/1495 1501/1/1508 1502/1/1511
f 1488/1/1497 1487/1/1492 1498/1/1509 1499/1/1502
f 1485/1/1498 1484/1/1494 1495/1/1510 1496/1/1504
f 1492/1/1499 1491/1/1496 1502/1/1511 1503/1/1506
f 1499/1/1502 1498/1/1509 1331/1/1341 1332/1/1347
f 1496/1/1504 1495/1/1510 1328/1/1343 1329/1/1328
f 1503/1/1506 1502/1/1511 1335/1/1345 1336/1/1332
f 1493/6/1512 1348/6/1350 1504/6/1349
f 1500/1/1503 1499/1/1502 1332/1/1347 1333/1/1338
f 1497/1/1505 1496/1/1504 1329/1/1328 1330/1/1327
f 1426/1/1331 1503/1/1506 1336/1/1332
f 1494/6/1507 1493/6/1512 1504/6/1349 1505/6/1334
f 1501/1/1508 1500/1/1503 1333/1/1338 1334/1/1337
f 1498/1/1509 1497/1/1505 1330/1/1327 1331/1/1341
f 1495/1/1510 1494/1/1507 1505/1/1334 1328/1/1343
f 1502/1/1511 1501/1/1508 1334/1/1337 1335/1/1345
f 1506/6/1478 1509/6/1464 1348/6/1350
f 1427/6/1435 1416/6/1421 1415/6/1429
f 1509/6/1464 1507/6/1447 1348/6/1350
f 1482/6/1500 1348/6/1350 1493/6/1512
f 1508/6/1485 1506/6/1478 1348/6/1350
f 1494/6/1507 1482/6/1500 1493/6/1512
f 1507/1/1447 1438/1/1451 1427/1/1435
f 1482/6/1500 1508/6/1485 1348/6/1350
f 1511/1/1358 1349/1/1361 1337/1/1335
f 1337/6/1335 1505/6/1334 1504/6/1349
f 1512/6/1377 1510/6/1374 1348/6/1350
f 1405/6/1418 1393/6/1400 1404/6/1414
f 1393/6/1400 1513/6/1395 1348/6/1350
f 1510/6/1374 1511/6/1358 1348/6/1350
f 1513/6/1395 1512/6/1377 1348/6/1350
f 1516/1/1513 1527/1/1514 1526/1/1515 1515/1/1516
f 1612/1/1517 1533/1/1518 1522/1/1519
f 1691/1/1520 1524/1/1521 1523/1/1522
f 1520/1/1523 1531/1/1524 1530/1/1525 1519/1/1526
f 1517/1/1527 1528/1/1528 1527/1/1514 1516/1/1513
f 1514/1/1529 1525/1/1530 1524/1/1521 1691/1/1520
f 1521/1/1531 1532/1/1532 1531/1/1524 1520/1/1523
f 1518/1/1533 1529/1/1534 1528/1/1528 1517/1/1527
f 1515/1/1516 1526/1/1515 1525/1/1530 1514/1/1529
f 1522/1/1519 1533/1/1518 1532/1/1532 1521/1/1531
f 1690/6/1535 1523/6/1522 1534/6/1536
f 1519/1/1526 1530/1/1525 1529/1/1534 1518/1/1533
f 1532/1/1532 1544/1/1537 1543/1/1538 1531/1/1524
f 1529/1/1534 1541/1/1539 1540/1/1540 1528/1/1528
f 1526/1/1515 1538/1/1541 1537/1/1542 1525/1/1530
f 1533/1/1518 1545/1/1543 1544/1/1537 1532/1/1532
f 1523/6/1522 1697/6/1544 1534/6/1536
f 1530/1/1525 1542/1/1545 1541/1/1539 1529/1/1534
f 1527/1/1514 1539/1/1546 1538/1/1541 1526/1/1515
f 1612/1/1517 1545/1/1543 1533/1/1518
f 1524/1/1521 1536/1/1547 1535/1/1548 1523/1/1522
f 1531/1/1524 1543/1/1538 1542/1/1545 1530/1/1525
f 1528/1/1528 1540/1/1540 1539/1/1546 1527/1/1514
f 1525/1/1530 1537/1/1542 1536/1/1547 1524/1/1521
f 1536/1/1547 1547/1/1549 1546/1/1550 1535/1/1548
f 1543/1/1538 1554/1/1551 1553/1/1552 1542/1/1545
f 1540/1/1540 1551/1/1553 1550/1/1554 1539/1/1546
f 1537/1/1542 1548/1/1555 1547/1/1549 1536/1/1547
f 1544/1/1537 1555/1/1556 1554/1/1551 1543/1/1538
f 1541/1/1539 1552/1/1557 1551/1/1553 1540/1/1540
f 1538/1/1541 1549/1/1558 1548/1/1555 1537/1/1542
f 1545/1/1543 1556/1/1559 1555/1/1556 1544/1/1537
f 1535/1/1548 1546/1/1550 1696/1/1560 1697/1/1544
f 1542/1/1545 1553/1/1552 1552/1/1557 1541/1/1539
f 1539/1/1546 1550/1/1554 1549/1/1558 1538/1/1541
f 1612/1/1517 1556/1/1559 1545/1/1543
f 1556/1/1559 1567/1/1561 1566/1/1562 1555/1/1556
f 1546/1/1550 1557/1/1563 1698/1/1564 1696/1/1560
f 1553/1/1552 1564/1/1565 1563/1/1566 1552/1/1557
f 1550/1/1554 1561/1/1567 1560/1/1568 1549/1/1558
f 1612/1/1517 1567/1/1561 1556/1/1559
f 1547/1/1549 1558/1/1569 1557/1/1563 1546/1/1550
f 1554/1/1551 1565/1/1570 1564/1/1565 1553/1/1552
f 1551/1/1553 1562/1/1571 1561/1/1567 1550/1/1554
f 1548/1/1555 1559/1/1572 1558/1/1569 1547/1/1549
f 1555/1/1556 1566/1/1562 1565/1/1570 1554/1/1551
f 1552/1/1557 1563/1/1566 1562/1/1571 1551/1/1553
f 1549/1/1558 1560/1/1568 1559/1/1572 1548/1/1555
f 1559/1/1572 1570/1/1573 1569/1/1574 1558/1/1569
f 1566/1/1562 1577/1/1575 1576/1/1576 1565/1/1570
f 1563/1/1566 1574/1/1577 1573/1/1578 1562/1/1571
f 1560/1/1568 1571/1/1579 1570/1/1573 1559/1/1572
f 1567/1/1561 1578/1/1580 1577/1/1575 1566/1/1562
f 1557/1/1563 1568/1/1581 1699/1/1582 1698/1/1564
f 1564/1/1565 1575/1/1583 1574/1/1577 1563/1/1566
f 1561/1/1567 1572/1/1584 1571/1/1579 1560/1/1568
f 1612/1/1517 1578/1/1580 1567/1/1561
f 1558/1/1569 1569/1/1574 1568/1/1581 1557/1/1563
f 1565/1/1570 1576/1/1576 1575/1/1583 1564/1/1565
f 1562/1/1571 1573/1/1578 1572/1/1584 1561/1/1567
f 1612/1/1517 1589/1/1585 1578/1/1580
f 1569/1/1574 1580/1/1586 1579/1/1587 1568/1/1581
f 1576/1/1576 1587/1/1588 1586/1/1589 1575/1/1583
f 1573/1/1578 1584/1/1590 1583/1/1591 1572/1/1584
f 1570/1/1573 1581/1/1592 1580/1/1586 1569/1/1574
f 1577/1/1575 1588/1/1593 1587/1/1588 1576/1/1576
f 1574/1/1577 1585/1/1594 1584/1/1590 1573/1/1578
f 1571/1/1579 1582/1/1595 1581/1/1592 1570/1/1573
f 1578/1/1580 1589/1/1585 1588/1/1593 1577/1/1575
f 1568/1/1581 1579/1/1587 1699/1/1582
f 1575/1/1583 1586/1/1589 1585/1/1594 1574/1/1577
f 1572/1/1584 1583/1/1591 1582/1/1595 1571/1/1579
f 1582/1/1595 1593/1/1596 1592/1/1597 1581/1/1592
f 1589/1/1585 1600/1/1598 1599/1/1599 1588/1/1593
f 1579/6/1587 1590/6/1600 1534/6/1536
f 1586/1/1589 1597/1/1601 1596/1/1602 1585/1/1594
f 1583/1/1591 1594/1/1603 1593/1/1596 1582/1/1595
f 1612/1/1517 1600/1/1598 1589/1/1585
f 1580/1/1586 1591/1/1604 1579/1/1587
f 1587/1/1588 1598/1/1605 1597/1/1601 1586/1/1589
f 1584/1/1590 1595/1/1606 1594/1/1603 1583/1/1591
f 1581/1/1592 1592/1/1597 1591/1/1604 1580/1/1586
f 1588/1/1593 1599/1/1599 1598/1/1605 1587/1/1588
f 1585/1/1594 1596/1/1602 1595/1/1606 1584/1/1590
f 1592/1/1597 1603/1/1607 1602/1/1608 1591/1/1604
f 1599/1/1599 1610/1/1609 1609/1/1610 1598/1/1605
f 1596/1/1602 1607/1/1611 1606/1/1612 1595/1/1606
f 1593/1/1596 1604/1/1613 1603/1/1607 1592/1/1597
f 1600/1/1598 1611/1/1614 1610/1/1609 1599/1/1599
f 1590/6/1600 1601/6/1615 1534/6/1536
f 1597/1/1601 1608/1/1616 1607/1/1611 1596/1/1602
f 1594/1/1603 1605/1/1617 1604/1/1613 1593/1/1596
f 1612/1/1517 1611/1/1614 1600/1/1598
f 1591/6/1604 1602/6/1608 1601/6/1615 1590/6/1600
f 1598/1/1605 1609/1/1610 1608/1/1616 1597/1/1601
f 1595/1/1606 1606/1/1612 1605/1/1617 1594/1/1603
f 1605/1/1617 1617/1/1618 1616/1/1619 1604/1/1613
f 1612/1/1517 1623/1/1620 1611/1/1614
f 1602/1/1608 1614/1/1621 1613/1/1622
f 1609/1/1610 1621/1/1623 1620/1/1624 1608/1/1616
f 1606/1/1612 1618/1/1625 1617/1/1618 1605/1/1617
f 1603/1/1607 1615/1/1626 1614/1/1621 1602/1/1608
f 1610/1/1609 1622/1/1627 1621/1/1623 1609/1/1610
f 1607/1/1611 1619/1/1628 1618/1/1625 1606/1/1612
f 1604/1/1613 1616/1/1619 1615/1/1626 1603/1/1607
f 1611/1/1614 1623/1/1620 1622/1/1627 1610/1/1609
f 1601/6/1615 1613/6/1622 1534/6/1536
f 1608/1/1616 1620/1/1624 1619/1/1628 1607/1/1611
f 1616/1/1619 1627/1/1629 1626/1/1630 1615/1/1626
f 1623/1/1620 1634/1/1631 1633/1/1632 1622/1/1627
f 1613/6/1622 1693/6/1633 1534/6/1536
f 1620/1/1624 1631/1/1634 1630/1/1635 1619/1/1628
f 1617/1/1618 1628/1/1636 1627/1/1629 1616/1/1619
f 1612/1/1517 1634/1/1631 1623/1/1620
f 1614/1/1621 1625/1/1637 1624/1/1638 1613/1/1622
f 1621/1/1623 1632/1/1639 1631/1/1634 1620/1/1624
f 1618/1/1625 1629/1/1640 1628/1/1636 1617/1/1618
f 1615/1/1626 1626/1/1630 1625/1/1637 1614/1/1621
f 1622/1/1627 1633/1/1632 1632/1/1639 1621/1/1623
f 1619/1/1628 1630/1/1635 1629/1/1640 1618/1/1625
f 1629/1/1640 1640/1/1641 1639/1/1642 1628/1/1636
f 1626/1/1630 1637/1/1643 1636/1/1644 1625/1/1637
f 1633/1/1632 1644/1/1645 1643/1/1646 1632/1/1639
f 1630/1/1635 1641/1/1647 1640/1/1641 1629/1/1640
f 1627/1/1629 1638/1/1648 1637/1/1643 1626/1/1630
f 1634/1/1631 1645/1/1649 1644/1/1645 1633/1/1632
f 1624/1/1638 1635/1/1650 1695/1/1651 1693/1/1633
f 1631/1/1634 1642/1/1652 1641/1/1647 1630/1/1635
f 1628/1/1636 1639/1/1642 1638/1/1648 1627/1/1629
f 1612/1/1517 1645/1/1649 1634/1/1631
f 1625/1/1637 1636/1/1644 1635/1/1650 1624/1/1638
f 1632/1/1639 1643/1/1646 1642/1/1652 1631/1/1634
f 1639/1/1642 1650/1/1653 1649/1/1654 1638/1/1648
f 1612/1/1517 1656/1/1655 1645/1/1649
f 1636/1/1644 1647/1/1656 1646/1/1657 1635/1/1650
f 1643/1/1646 1654/1/1658 1653/1/1659 1642/1/1652
f 1640/1/1641 1651/1/1660 1650/1/1653 1639/1/1642
f 1637/1/1643 1648/1/1661 1647/1/1656 1636/1/1644
f 1644/1/1645 1655/1/1662 1654/1/1658 1643/1/1646
f 1641/1/1647 1652/1/1663 1651/1/1660 1640/1/1641
f 1638/1/1648 1649/1/1654 1648/1/1661 1637/1/1643
f 1645/1/1649 1656/1/1655 1655/1/1662 1644/1/1645
f 1635/1/1650 1646/1/1657 1692/1/1664 1695/1/1651
f 1642/1/1652 1653/1/1659 1652/1/1663 1641/1/1647
f 1652/1/1663 1663/1/1665 1662/1/1666 1651/1/1660
f 1649/1/1654 1660/1/1667 1659/1/1668 1648/1/1661
f 1656/1/1655 1667/1/1669 1666/1/1670 1655/1/1662
f 1646/1/1657 1657/1/1671 1694/1/1672 1692/1/1664
f 1653/1/1659 1664/1/1673 1663/1/1665 1652/1/1663
f 1650/1/1653 1661/1/1674 1660/1/1667 1649/1/1654
f 1612/1/1517 1667/1/1669 1656/1/1655
f 1647/1/1656 1658/1/1675 1657/1/1671 1646/1/1657
f 1654/1/1658 1665/1/1676 1664/1/1673 1653/1/1659
f 1651/1/1660 1662/1/1666 1661/1/1674 1650/1/1653
f 1648/1/1661 1659/1/1668 1658/1/1675 1647/1/1656
f 1655/1/1662 1666/1/1670 1665/1/1676 1654/1/1658
f 1662/1/1666 1673/1/1677 1672/1/1678 1661/1/1674
f 1659/1/1668 1670/1/1679 1669/1/1680 1658/1/1675
f 1666/1/1670 1677/1/1681 1676/1/1682 1665/1/1676
f 1663/1/1665 1674/1/1683 1673/1/1677 1662/1/1666
f 1660/1/1667 1671/1/1684 1670/1/1679 1659/1/1668
f 1667/1/1669 1678/1/1685 1677/1/1681 1666/1/1670
f 1657/1/1671 1668/1/1686 1694/1/1672
f 1664/1/1673 1675/1/1687 1674/1/1683 1663/1/1665
f 1661/1/1674 1672/1/1678 1671/1/1684 1660/1/1667
f 1612/1/1517 1678/1/1685 1667/1/1669
f 1658/1/1675 1669/1/1680 1668/1/1686 1657/1/1671
f 1665/1/1676 1676/1/1682 1675/1/1687 1664/1/1673
f 1675/1/1687 1686/1/1688 1685/1/1689 1674/1/1683
f 1672/1/1678 1683/1/1690 1682/1/1691 1671/1/1684
f 1612/1/1517 1689/1/1692 1678/1/1685
f 1669/1/1680 1680/1/1693 1668/1/1686
f 1676/1/1682 1687/1/1694 1686/1/1688 1675/1/1687
f 1673/1/1677 1684/1/1695 1683/1/1690 1672/1/1678
f 1670/1/1679 1681/1/1696 1680/1/1693 1669/1/1680
f 1677/1/1681 1688/1/1697 1687/1/1694 1676/1/1682
f 1674/1/1683 1685/1/1689 1684/1/1695 1673/1/1677
f 1671/1/1684 1682/1/1691 1681/1/1696 1670/1/1679
f 1678/1/1685 1689/1/1692 1688/1/1697 1677/1/1681
f 1685/1/1689 1518/1/1533 1517/1/1527 1684/1/1695
f 1682/1/1691 1515/1/1516 1514/1/1529 1681/1/1696
f 1689/1/1692 1522/1/1519 1521/1/1531 1688/1/1697
f 1679/6/1698 1690/6/1535 1534/6/1536
f 1686/1/1688 1519/1/1526 1518/1/1533 1685/1/1689
f 1683/1/1690 1516/1/1513 1515/1/1516 1682/1/1691
f 1612/1/1517 1522/1/1519 1689/1/1692
f 1680/6/1693 1691/6/1520 1690/6/1535 1679/6/1698
f 1687/1/1694 1520/1/1523 1519/1/1526 1686/1/1688
f 1684/1/1695 1517/1/1527 1516/1/1513 1683/1/1690
f 1681/1/1696 1514/1/1529 1691/1/1520 1680/1/1693
f 1688/1/1697 1521/1/1531 1520/1/1523 1687/1/1694
f 1692/6/1664 1534/6/1536 1695/6/1651
f 1613/6/1622 1601/6/1615 1602/6/1608
f 1695/6/1651 1534/6/1536 1693/6/1633
f 1668/6/1686 1679/6/1698 1534/6/1536
f 1694/6/1672 1534/6/1536 1692/6/1664
f 1680/6/1693 1679/6/1698 1668/6/1686
f 1693/1/1633 1613/1/1622 1624/1/1638
f 1668/6/1686 1534/6/1536 1694/6/1672
f 1697/1/1544 1523/1/1522 1535/1/1548
f 1523/6/1522 1690/6/1535 1691/6/1520
f 1698/6/1564 1534/6/1536 1696/6/1560
f 1591/6/1604 1590/6/1600 1579/6/1587
f 1579/6/1587 1534/6/1536 1699/6/1582
f 1696/6/1560 1534/6/1536 1697/6/1544
f 1699/6/1582 1534/6/1536 1698/6/1564
