# Blender 4.1.1
# www.blender.org
mtllib Enemy.mtl
o Demon_Flying.001
v 0.685816 0.996466 0.479109
v 0.486154 0.761132 0.579007
v 0.263908 0.561457 0.454507
v 0.393879 0.416497 0.415220
v 0.478971 0.509022 0.271574
v 0.349000 0.653981 0.310861
v 0.596758 0.670280 0.577485
v 0.644208 0.707292 0.453239
v 0.533604 0.798146 0.454761
v 0.654307 1.141628 0.480278
v 0.621543 1.035170 0.470238
v 0.602842 1.028310 0.540483
v 0.667115 0.989606 0.549354
v -0.685836 0.996466 0.479109
v -0.486174 0.761133 0.579007
v -0.263928 0.561457 0.454507
v -0.393898 0.416497 0.415220
v -0.478990 0.509022 0.271574
v -0.349020 0.653981 0.310861
v -0.596778 0.670280 0.577485
v -0.644228 0.707293 0.453239
v -0.533624 0.798146 0.454761
v -0.654326 1.141629 0.480278
v -0.621563 1.035170 0.470239
v -0.602861 1.028310 0.540483
v -0.667134 0.989606 0.549354
v 0.232623 0.627335 0.195057
v 0.261112 0.343067 0.271241
v 0.363089 0.463881 0.132188
v 0.130647 0.506521 0.334111
v 0.453340 0.703345 0.404738
v 0.510982 0.516657 0.527775
v 0.578221 0.581160 0.386683
v 0.386100 0.638843 0.545830
v 0.308397 0.465657 0.470366
v 0.273185 0.644147 0.392914
v 0.468140 0.426708 0.333984
v 0.436036 0.604444 0.254898
v 0.589702 0.916160 0.472678
v 0.649404 0.840287 0.579596
v 0.679288 0.856151 0.480845
v 0.559819 0.900297 0.571429
v 0.530371 0.706191 0.608638
v 0.481451 0.802613 0.517934
v 0.647357 0.666334 0.515651
v 0.601546 0.761711 0.422269
v 0.639591 1.121538 0.466439
v 0.664034 1.097098 0.508876
v 0.674065 1.100778 0.471197
v 0.629559 1.117859 0.504118
v 0.658355 1.017533 0.457113
v 0.692534 0.983359 0.516449
v 0.596124 1.041417 0.503143
v 0.630303 1.007243 0.562479
v -0.232643 0.627335 0.195057
v -0.261132 0.343067 0.271241
v -0.363108 0.463881 0.132188
v -0.130666 0.506521 0.334111
v -0.453359 0.703346 0.404738
v -0.511001 0.516658 0.527775
v -0.578241 0.581160 0.386683
v -0.386120 0.638844 0.545830
v -0.308417 0.465657 0.470366
v -0.273204 0.644147 0.392914
v -0.468160 0.426708 0.333984
v -0.436055 0.604444 0.254898
v -0.589722 0.916160 0.472678
v -0.649424 0.840287 0.579596
v -0.679307 0.856151 0.480845
v -0.559838 0.900297 0.571429
v -0.530391 0.706191 0.608638
v -0.481471 0.802613 0.517934
v -0.647377 0.666334 0.515651
v -0.601565 0.761711 0.422268
v -0.639610 1.121538 0.466439
v -0.664054 1.097099 0.508876
v -0.674085 1.100778 0.471197
v -0.629579 1.117859 0.504118
v -0.658375 1.017533 0.457113
v -0.692553 0.983360 0.516449
v -0.596144 1.041416 0.503143
v -0.630322 1.007243 0.562479
v 0.323350 0.575957 0.129381
v 0.149019 0.607646 0.279779
v 0.344717 0.362465 0.185475
v 0.170385 0.394736 0.337961
v 0.387334 0.702015 0.480737
v 0.533756 0.658005 0.359499
v 0.432897 0.561251 0.571137
v 0.574656 0.518736 0.453655
v 0.552170 0.923297 0.520179
v 0.642160 0.890056 0.451907
v 0.597335 0.866261 0.600032
v 0.686548 0.833282 0.532430
v 0.620267 1.102016 0.489311
v 0.658486 1.087348 0.461041
v 0.641258 1.081028 0.525753
v 0.679477 1.066360 0.497483
v -0.323370 0.575957 0.129381
v -0.149038 0.607646 0.279779
v -0.344736 0.362465 0.185475
v -0.170405 0.394736 0.337961
v -0.387354 0.702015 0.480737
v -0.533775 0.658005 0.359499
v -0.432916 0.561251 0.571137
v -0.574676 0.518736 0.453655
v -0.552189 0.923297 0.520179
v -0.642180 0.890056 0.451907
v -0.597354 0.866261 0.600032
v -0.686568 0.833282 0.532430
v -0.620287 1.102016 0.489311
v -0.658506 1.087348 0.461041
v -0.641278 1.081028 0.525753
v -0.679497 1.066361 0.497483
v 0.573180 0.132857 0.397138
v 0.592128 0.126649 0.349056
v 0.598150 0.122807 0.297498
v 0.590836 0.121588 0.245978
v 0.570684 0.123078 0.198008
v 0.539067 0.127175 0.156856
v 0.498140 0.133599 0.125327
v 0.450692 0.141913 0.105569
v 0.399957 0.151549 0.098929
v 0.495041 0.131888 0.472167
v 0.528069 0.105131 0.442378
v 0.552634 0.082124 0.402668
v 0.566964 0.064517 0.355828
v 0.570083 0.053506 0.305052
v 0.561779 0.049843 0.253799
v 0.542617 0.053778 0.205562
v 0.513903 0.065041 0.163629
v 0.477594 0.082867 0.130856
v 0.436164 0.106040 0.109479
v 0.392437 0.132980 0.100953
v 0.455516 0.160802 0.490258
v 0.481146 0.117789 0.476022
v 0.501413 0.077744 0.449657
v 0.514936 0.043394 0.412962
v 0.520794 0.017082 0.368436
v 0.518588 0.000599 0.319114
v 0.508467 -0.004930 0.268357
v 0.491121 0.000871 0.219624
v 0.467733 0.017607 0.176237
v 0.439896 0.044137 0.141151
v 0.409508 0.078653 0.116758
v 0.378639 0.118804 0.104721
v 0.463170 0.110164 0.480960
v 0.466687 0.063012 0.459197
v 0.465827 0.022562 0.426454
v 0.460647 -0.008432 0.384960
v 0.451502 -0.027859 0.337544
v 0.439015 -0.034392 0.287437
v 0.424036 -0.027586 0.238054
v 0.407586 -0.007907 0.192761
v 0.390786 0.023305 0.154643
v 0.374782 0.063923 0.126298
v 0.360663 0.111178 0.109659
v 0.443754 0.110251 0.486317
v 0.429178 0.063180 0.469546
v 0.412781 0.022799 0.441089
v 0.395680 -0.008143 0.402884
v 0.379041 -0.027535 0.357536
v 0.363997 -0.034057 0.308134
v 0.351574 -0.027264 0.258046
v 0.342618 -0.007618 0.210685
v 0.337741 0.023541 0.169277
v 0.337273 0.064090 0.136647
v 0.341247 0.111266 0.115016
v 0.425854 0.118036 0.491277
v 0.394597 0.078221 0.479128
v 0.363875 0.044069 0.454639
v 0.335783 0.017908 0.419480
v 0.312234 0.001520 0.376046
v 0.294834 -0.003977 0.327297
v 0.284767 0.001792 0.276556
v 0.282721 0.018433 0.227280
v 0.288835 0.044811 0.182828
v 0.302691 0.079130 0.146228
v 0.323346 0.119051 0.119976
v 0.412193 0.132335 0.495084
v 0.368207 0.105844 0.486484
v 0.326555 0.083134 0.465042
v 0.290075 0.065752 0.432221
v 0.261254 0.054883 0.390257
v 0.242055 0.051269 0.342009
v 0.233787 0.055155 0.290767
v 0.237014 0.066277 0.240021
v 0.251515 0.083876 0.193231
v 0.276302 0.106753 0.153584
v 0.309686 0.133350 0.123783
v 0.404854 0.150970 0.497160
v 0.354028 0.141845 0.490494
v 0.306502 0.134047 0.470714
v 0.265515 0.128108 0.439167
v 0.233861 0.124432 0.398004
v 0.213695 0.123270 0.350030
v 0.206394 0.124704 0.298514
v 0.212454 0.128632 0.246967
v 0.231461 0.134789 0.198902
v 0.262122 0.142754 0.157595
v 0.302346 0.151985 0.125859
v 0.404951 0.171105 0.497188
v 0.354216 0.180742 0.490548
v 0.306769 0.189056 0.470790
v 0.265842 0.195480 0.439261
v 0.234225 0.199576 0.398109
v 0.214073 0.201067 0.350139
v 0.206758 0.199849 0.298619
v 0.212780 0.196005 0.247061
v 0.231728 0.189798 0.198979
v 0.262311 0.181652 0.157649
v 0.302444 0.172120 0.125887
v 0.349393 0.161852 0.105859
v 0.412472 0.189674 0.495164
v 0.368744 0.216614 0.486638
v 0.327315 0.239787 0.465261
v 0.291006 0.257613 0.432488
v 0.262292 0.268877 0.390555
v 0.243129 0.272812 0.342318
v 0.234825 0.269149 0.291065
v 0.237944 0.258138 0.240289
v 0.252274 0.240530 0.193449
v 0.276839 0.217524 0.153739
v 0.309964 0.190689 0.123863
v 0.426270 0.203851 0.491396
v 0.395401 0.244002 0.479359
v 0.365012 0.278518 0.454966
v 0.337176 0.305048 0.419880
v 0.313788 0.321784 0.376493
v 0.296442 0.327585 0.327760
v 0.286321 0.322056 0.277003
v 0.284114 0.305573 0.227681
v 0.289972 0.279261 0.183155
v 0.303495 0.244911 0.146460
v 0.323763 0.204866 0.120095
v 0.444245 0.211476 0.486458
v 0.430127 0.258732 0.469819
v 0.414122 0.299350 0.441474
v 0.397323 0.330562 0.403356
v 0.380873 0.350241 0.358063
v 0.365894 0.357046 0.308680
v 0.353406 0.350514 0.258573
v 0.344261 0.331088 0.211157
v 0.339082 0.300093 0.169663
v 0.338221 0.259642 0.136920
v 0.341738 0.212490 0.115157
v 0.463661 0.211389 0.481101
v 0.467636 0.258565 0.459470
v 0.467168 0.299114 0.426839
v 0.462290 0.330273 0.385432
v 0.453335 0.349919 0.338071
v 0.440912 0.356712 0.287983
v 0.425868 0.350191 0.238581
v 0.409229 0.330798 0.193233
v 0.392128 0.299856 0.155028
v 0.375730 0.259474 0.126571
v 0.361154 0.212404 0.109800
v 0.481562 0.203604 0.476141
v 0.502217 0.243525 0.449889
v 0.516074 0.277844 0.413289
v 0.522187 0.304222 0.368836
v 0.520141 0.320863 0.319561
v 0.510075 0.326631 0.268819
v 0.492674 0.321135 0.220071
v 0.469126 0.304747 0.176637
v 0.441033 0.278587 0.141478
v 0.410312 0.244434 0.116989
v 0.379055 0.204618 0.104840
v 0.495222 0.189306 0.472334
v 0.528607 0.215901 0.442533
v 0.553394 0.238778 0.402886
v 0.567895 0.256378 0.356096
v 0.571121 0.267499 0.305350
v 0.562854 0.271386 0.254108
v 0.543655 0.267771 0.205860
v 0.514833 0.256903 0.163896
v 0.478354 0.239521 0.131075
v 0.436701 0.216811 0.109633
v 0.392715 0.190320 0.101033
v 0.502562 0.170670 0.470258
v 0.542786 0.179901 0.438522
v 0.573447 0.187866 0.397215
v 0.592455 0.194023 0.349150
v 0.598515 0.197951 0.297603
v 0.591213 0.199383 0.246087
v 0.571048 0.198223 0.198113
v 0.539393 0.194548 0.156950
v 0.498407 0.188608 0.125403
v 0.450881 0.180810 0.105623
v 0.400055 0.171684 0.098957
v 0.502464 0.150535 0.470230
v 0.542598 0.141003 0.438468
v 0.460681 0.192879 0.484452
v 0.434489 0.191752 0.491076
v 0.474392 0.191821 0.480028
v 0.448266 0.193396 0.487814
v 0.460322 0.129009 0.484420
v 0.473762 0.130181 0.480123
v 0.448145 0.129124 0.487788
v 0.434336 0.130266 0.490985
v -0.573185 0.132857 0.397138
v -0.592133 0.126650 0.349056
v -0.598155 0.122807 0.297498
v -0.590840 0.121588 0.245978
v -0.570688 0.123078 0.198008
v -0.539071 0.127175 0.156856
v -0.498144 0.133599 0.125327
v -0.450697 0.141913 0.105569
v -0.399962 0.151549 0.098929
v -0.495045 0.131888 0.472167
v -0.528074 0.105131 0.442378
v -0.552639 0.082125 0.402668
v -0.566969 0.064517 0.355828
v -0.570088 0.053506 0.305052
v -0.561784 0.049844 0.253799
v -0.542621 0.053778 0.205562
v -0.513907 0.065042 0.163629
v -0.477598 0.082867 0.130856
v -0.436168 0.106040 0.109479
v -0.392442 0.132981 0.100953
v -0.455520 0.160802 0.490258
v -0.481150 0.117789 0.476022
v -0.501418 0.077744 0.449658
v -0.514941 0.043395 0.412962
v -0.520799 0.017082 0.368436
v -0.518592 0.000599 0.319114
v -0.508471 -0.004930 0.268357
v -0.491125 0.000871 0.219624
v -0.467737 0.017608 0.176237
v -0.439901 0.044137 0.141151
v -0.409512 0.078653 0.116758
v -0.378643 0.118805 0.104721
v -0.463175 0.110164 0.480960
v -0.466692 0.063012 0.459197
v -0.465831 0.022562 0.426454
v -0.460652 -0.008432 0.384960
v -0.451507 -0.027859 0.337544
v -0.439019 -0.034391 0.287437
v -0.424040 -0.027586 0.238054
v -0.407590 -0.007907 0.192761
v -0.390791 0.023305 0.154643
v -0.374786 0.063923 0.126298
v -0.360668 0.111178 0.109659
v -0.443759 0.110252 0.486317
v -0.429183 0.063180 0.469546
v -0.412786 0.022799 0.441089
v -0.395685 -0.008143 0.402884
v -0.379045 -0.027535 0.357536
v -0.364001 -0.034057 0.308134
v -0.351578 -0.027264 0.258046
v -0.342623 -0.007618 0.210685
v -0.337745 0.023541 0.169278
v -0.337277 0.064090 0.136647
v -0.341252 0.111266 0.115016
v -0.425858 0.118037 0.491277
v -0.394601 0.078221 0.479128
v -0.363880 0.044069 0.454639
v -0.335787 0.017908 0.419480
v -0.312239 0.001520 0.376046
v -0.294838 -0.003977 0.327297
v -0.284772 0.001792 0.276556
v -0.282726 0.018433 0.227280
v -0.288839 0.044812 0.182828
v -0.302696 0.079130 0.146228
v -0.323351 0.119051 0.119976
v -0.412198 0.132336 0.495084
v -0.368212 0.105844 0.486484
v -0.326559 0.083134 0.465042
v -0.290080 0.065752 0.432221
v -0.261258 0.054884 0.390257
v -0.242060 0.051269 0.342009
v -0.233792 0.055155 0.290767
v -0.237018 0.066277 0.240021
v -0.251519 0.083876 0.193231
v -0.276306 0.106753 0.153584
v -0.309691 0.133350 0.123783
v -0.404858 0.150970 0.497160
v -0.354032 0.141845 0.490494
v -0.306506 0.134047 0.470714
v -0.265520 0.128108 0.439167
v -0.233865 0.124432 0.398004
v -0.213700 0.123271 0.350030
v -0.206398 0.124704 0.298514
v -0.212458 0.128633 0.246967
v -0.231466 0.134789 0.198902
v -0.262127 0.142754 0.157595
v -0.302351 0.151985 0.125859
v -0.404956 0.171105 0.497188
v -0.354221 0.180742 0.490548
v -0.306773 0.189056 0.470790
v -0.265846 0.195480 0.439261
v -0.234230 0.199577 0.398109
v -0.214077 0.201067 0.350139
v -0.206763 0.199849 0.298619
v -0.212785 0.196005 0.247061
v -0.231733 0.189799 0.198979
v -0.262315 0.181652 0.157649
v -0.302448 0.172120 0.125887
v -0.349397 0.161853 0.105859
v -0.412476 0.189674 0.495164
v -0.368749 0.216615 0.486638
v -0.327319 0.239787 0.465261
v -0.291010 0.257613 0.432488
v -0.262296 0.268877 0.390555
v -0.243134 0.272812 0.342318
v -0.234829 0.269150 0.291065
v -0.237949 0.258138 0.240289
v -0.252279 0.240530 0.193449
v -0.276844 0.217524 0.153739
v -0.309969 0.190689 0.123863
v -0.426274 0.203851 0.491396
v -0.395405 0.244002 0.479359
v -0.365017 0.278518 0.454966
v -0.337180 0.305048 0.419880
v -0.313792 0.321784 0.376493
v -0.296446 0.327585 0.327760
v -0.286325 0.322056 0.277003
v -0.284118 0.305573 0.227681
v -0.289976 0.279261 0.183155
v -0.303500 0.244911 0.146460
v -0.323767 0.204866 0.120095
v -0.444250 0.211476 0.486458
v -0.430131 0.258733 0.469819
v -0.414127 0.299350 0.441475
v -0.397327 0.330562 0.403356
v -0.380877 0.350241 0.358063
v -0.365898 0.357046 0.308680
v -0.353411 0.350514 0.258573
v -0.344266 0.331088 0.211157
v -0.339086 0.300093 0.169663
v -0.338226 0.259642 0.136920
v -0.341743 0.212490 0.115157
v -0.463666 0.211389 0.481101
v -0.467640 0.258565 0.459470
v -0.467172 0.299114 0.426839
v -0.462294 0.330273 0.385432
v -0.453339 0.349919 0.338071
v -0.440916 0.356712 0.287983
v -0.425872 0.350191 0.238581
v -0.409233 0.330798 0.193233
v -0.392132 0.299856 0.155028
v -0.375735 0.259475 0.126571
v -0.361159 0.212404 0.109800
v -0.481566 0.203604 0.476141
v -0.502222 0.243526 0.449889
v -0.516078 0.277844 0.413289
v -0.522191 0.304223 0.368837
v -0.520145 0.320863 0.319561
v -0.510079 0.326631 0.268819
v -0.492679 0.321135 0.220071
v -0.469130 0.304748 0.176637
v -0.441038 0.278587 0.141478
v -0.410316 0.244434 0.116989
v -0.379059 0.204618 0.104840
v -0.495227 0.189306 0.472334
v -0.528611 0.215902 0.442533
v -0.553398 0.238779 0.402886
v -0.567899 0.256378 0.356096
v -0.571126 0.267499 0.305350
v -0.562858 0.271386 0.254108
v -0.543659 0.267771 0.205861
v -0.514838 0.256903 0.163896
v -0.478358 0.239521 0.131075
v -0.436706 0.216811 0.109633
v -0.392720 0.190320 0.101033
v -0.502567 0.170670 0.470258
v -0.542791 0.179901 0.438522
v -0.573451 0.187866 0.397215
v -0.592459 0.194023 0.349150
v -0.598519 0.197951 0.297603
v -0.591217 0.199383 0.246087
v -0.571052 0.198223 0.198113
v -0.539398 0.194548 0.156950
v -0.498411 0.188608 0.125403
v -0.450885 0.180811 0.105623
v -0.400059 0.171684 0.098957
v -0.502469 0.150535 0.470230
v -0.542602 0.141003 0.438468
v -0.460685 0.192879 0.484452
v -0.434494 0.191752 0.491076
v -0.474396 0.191821 0.480028
v -0.448271 0.193396 0.487814
v -0.460326 0.129009 0.484420
v -0.473767 0.130181 0.480123
v -0.448150 0.129125 0.487788
v -0.434340 0.130266 0.490985
v -0.000010 0.739246 -0.573152
v -0.000010 0.776102 -0.568073
v 0.145045 0.754369 -0.548591
v 0.135991 0.790281 -0.545045
v 0.268016 0.797434 -0.478648
v 0.251288 0.830659 -0.479468
v 0.350183 0.861887 -0.373971
v 0.328326 0.891089 -0.381324
v 0.379036 0.937913 -0.250496
v 0.355378 0.962371 -0.265555
v 0.350183 1.013940 -0.127021
v 0.328326 1.033652 -0.149787
v 0.268016 1.078392 -0.022344
v 0.251288 1.094082 -0.051643
v 0.145045 1.121458 0.047599
v 0.135991 1.134460 0.013935
v -0.000010 1.136581 0.072160
v -0.000010 1.148639 0.036963
v -0.145064 1.121458 0.047599
v -0.136011 1.134460 0.013935
v -0.268035 1.078392 -0.022344
v -0.251307 1.094083 -0.051643
v -0.350202 1.013940 -0.127021
v -0.328345 1.033652 -0.149787
v -0.379055 0.937913 -0.250496
v -0.355398 0.962371 -0.265555
v -0.350202 0.861887 -0.373971
v -0.328345 0.891089 -0.381324
v -0.268035 0.797434 -0.478649
v -0.251307 0.830659 -0.479468
v -0.145064 0.754369 -0.548591
v -0.136011 0.790281 -0.545045
v -0.000010 0.780709 -0.497997
v 0.112223 0.792410 -0.478994
v 0.112223 0.823845 -0.498349
v -0.000010 0.812144 -0.517352
v 0.207370 0.825731 -0.424876
v 0.207370 0.857166 -0.444232
v 0.270945 0.875600 -0.343885
v 0.270945 0.907035 -0.363240
v 0.293270 0.934424 -0.248348
v 0.293270 0.965860 -0.267703
v 0.270945 0.993249 -0.152812
v 0.270945 1.024684 -0.172167
v 0.207370 1.043118 -0.071820
v 0.207370 1.074553 -0.091175
v 0.112223 1.076439 -0.017702
v 0.112223 1.107874 -0.037058
v -0.000010 1.088140 0.001301
v -0.000010 1.119575 -0.018054
v -0.112243 1.076439 -0.017702
v -0.112243 1.107874 -0.037058
v -0.207389 1.043118 -0.071820
v -0.207389 1.074553 -0.091175
v -0.270964 0.993249 -0.152812
v -0.270964 1.024684 -0.172167
v -0.293289 0.934425 -0.248348
v -0.293289 0.965860 -0.267703
v -0.270964 0.875600 -0.343885
v -0.270964 0.907035 -0.363240
v -0.207389 0.825731 -0.424877
v -0.207389 0.857166 -0.444232
v -0.112243 0.792410 -0.478994
v -0.112243 0.823845 -0.498349
vn 0.8707 0.0179 -0.4914
vn 0.9677 0.0747 0.2410
vn 0.9565 -0.1378 0.2573
vn 0.8610 -0.0715 -0.5036
vn 0.5989 -0.0243 -0.8004
vn 0.5998 -0.0004 -0.8001
vn 0.1816 0.1048 -0.9778
vn 0.8374 0.3362 -0.4309
vn 0.9485 0.2162 0.2315
vn -0.6073 0.3329 0.7213
vn -0.7856 0.4801 0.3903
vn -0.7159 0.5063 0.4808
vn -0.6261 0.2274 0.7458
vn -0.1923 -0.3559 0.9145
vn -0.0427 -0.0765 0.9962
vn 0.0184 0.1505 0.9884
vn -0.6407 0.3800 0.6671
vn -0.8574 0.4051 0.3174
vn -0.6775 0.1620 0.7174
vn -0.6835 0.4824 0.5479
vn -0.6804 0.4614 0.5694
vn -0.6918 0.1395 0.7085
vn -0.6242 -0.1811 0.7600
vn -0.5960 -0.1428 0.7902
vn 0.1659 -0.8822 0.4406
vn -0.0582 -0.7886 0.6121
vn -0.1051 -0.8355 0.5393
vn 0.1219 -0.9261 0.3570
vn 0.3315 -0.9317 0.1482
vn 0.3751 -0.8995 0.2239
vn 0.5412 -0.7206 0.4334
vn 0.3386 -0.6844 0.6457
vn 0.7908 -0.1464 -0.5943
vn 0.7884 -0.4311 -0.4388
vn 0.7692 -0.4236 -0.4785
vn 0.7840 -0.1053 -0.6117
vn 0.7078 0.2190 -0.6716
vn 0.6977 0.1952 -0.6893
vn 0.6567 0.1192 -0.7446
vn 0.8230 -0.1793 -0.5390
vn 0.8550 -0.3921 -0.3394
vn -0.0426 0.9489 -0.3127
vn 0.1743 0.8554 -0.4877
vn 0.2205 0.8844 -0.4114
vn -0.0071 0.9735 -0.2285
vn -0.2200 0.9748 -0.0377
vn -0.2564 0.9597 -0.1146
vn -0.4148 0.8480 -0.3300
vn -0.2218 0.8059 -0.5489
vn 0.0076 0.7121 -0.7021
vn 0.5136 -0.3504 0.7832
vn 0.7018 -0.3956 0.5924
vn 0.5966 -0.0586 0.8004
vn 0.8496 -0.1305 -0.5110
vn 0.9293 -0.2815 -0.2391
vn 0.6124 0.0314 -0.7899
vn -0.4259 0.5085 -0.7484
vn -0.1866 0.4418 -0.8775
vn -0.6111 0.5832 -0.5352
vn -0.7215 0.3195 -0.6142
vn -0.5289 0.2441 -0.8128
vn -0.2886 0.1971 -0.9369
vn 0.3254 0.3380 -0.8831
vn -0.4030 0.4871 -0.7748
vn -0.7665 0.6261 -0.1429
vn -0.9023 0.3795 -0.2043
vn -0.8339 0.5519 0.0032
vn 0.2229 0.5540 0.8022
vn 0.1232 0.5442 0.8298
vn 0.0856 0.4492 0.8893
vn 0.6296 0.4485 0.6343
vn 0.8920 0.3606 0.2727
vn -0.5609 0.1167 -0.8196
vn -0.3091 0.0587 -0.9492
vn -0.7709 0.1754 -0.6123
vn -0.6481 0.4256 0.6316
vn -0.8858 0.3791 0.2677
vn 0.0447 0.3325 0.9421
vn 0.6308 0.1810 0.7545
vn -0.8707 0.0179 -0.4914
vn -0.8610 -0.0715 -0.5036
vn -0.9565 -0.1378 0.2573
vn -0.9677 0.0747 0.2410
vn -0.9485 0.2162 0.2315
vn -0.8374 0.3362 -0.4309
vn -0.1816 0.1048 -0.9778
vn -0.5998 -0.0004 -0.8001
vn -0.5989 -0.0243 -0.8004
vn 0.6073 0.3329 0.7213
vn 0.6261 0.2274 0.7458
vn 0.7159 0.5063 0.4808
vn 0.7856 0.4801 0.3903
vn 0.8574 0.4051 0.3174
vn 0.6407 0.3800 0.6671
vn -0.0184 0.1505 0.9884
vn 0.0427 -0.0765 0.9962
vn 0.1923 -0.3559 0.9145
vn 0.6775 0.1620 0.7174
vn 0.6918 0.1395 0.7085
vn 0.6804 0.4614 0.5694
vn 0.6835 0.4824 0.5479
vn 0.5960 -0.1428 0.7902
vn 0.6242 -0.1811 0.7600
vn -0.1659 -0.8822 0.4406
vn -0.1219 -0.9261 0.3570
vn 0.1051 -0.8355 0.5393
vn 0.0582 -0.7886 0.6121
vn -0.3386 -0.6844 0.6457
vn -0.5412 -0.7206 0.4334
vn -0.3751 -0.8995 0.2239
vn -0.3315 -0.9317 0.1482
vn -0.7908 -0.1464 -0.5943
vn -0.7840 -0.1053 -0.6117
vn -0.7692 -0.4236 -0.4785
vn -0.7884 -0.4311 -0.4388
vn -0.8550 -0.3921 -0.3394
vn -0.8230 -0.1793 -0.5390
vn -0.6567 0.1192 -0.7446
vn -0.6977 0.1952 -0.6893
vn -0.7078 0.2190 -0.6716
vn 0.0426 0.9489 -0.3127
vn 0.0071 0.9735 -0.2285
vn -0.2205 0.8844 -0.4114
vn -0.1743 0.8554 -0.4877
vn -0.0076 0.7121 -0.7021
vn 0.2218 0.8059 -0.5489
vn 0.4148 0.8480 -0.3300
vn 0.2564 0.9597 -0.1146
vn 0.2200 0.9748 -0.0377
vn -0.5136 -0.3504 0.7832
vn -0.5966 -0.0586 0.8004
vn -0.7018 -0.3956 0.5924
vn -0.8496 -0.1305 -0.5110
vn -0.9293 -0.2815 -0.2391
vn -0.6124 0.0314 -0.7899
vn 0.4259 0.5085 -0.7484
vn 0.1866 0.4418 -0.8775
vn 0.2886 0.1971 -0.9369
vn 0.5289 0.2441 -0.8128
vn 0.7215 0.3195 -0.6142
vn 0.6111 0.5832 -0.5352
vn -0.3254 0.3380 -0.8831
vn 0.4030 0.4871 -0.7748
vn -0.8920 0.3606 0.2727
vn -0.6296 0.4485 0.6343
vn -0.2229 0.5540 0.8022
vn -0.0856 0.4492 0.8893
vn -0.1232 0.5442 0.8298
vn 0.7665 0.6261 -0.1429
vn 0.8339 0.5519 0.0032
vn 0.9023 0.3795 -0.2043
vn 0.5609 0.1167 -0.8196
vn 0.3091 0.0587 -0.9492
vn 0.7709 0.1754 -0.6123
vn 0.6481 0.4256 0.6316
vn 0.8858 0.3791 0.2676
vn -0.0447 0.3325 0.9421
vn -0.6308 0.1810 0.7545
vn 0.9811 -0.1935 -0.0069
vn 0.9528 -0.1747 0.2482
vn 0.8260 -0.4878 0.2823
vn 0.8401 -0.5415 0.0310
vn -0.2660 0.0026 -0.9640
vn 0.0028 -0.0521 -0.9986
vn -0.0371 -0.1506 -0.9879
vn 0.7120 -0.1043 0.6944
vn 0.4752 -0.1562 0.8659
vn 0.6374 -0.2886 0.7145
vn 0.4893 -0.1407 -0.8607
vn 0.6904 -0.1721 -0.7027
vn 0.5636 -0.4852 -0.6685
vn 0.3851 -0.3980 -0.8326
vn 0.9445 -0.1994 -0.2613
vn 0.7987 -0.5593 -0.2220
vn 0.8613 -0.1444 0.4872
vn 0.7571 -0.4017 0.5152
vn 0.2550 -0.0998 -0.9618
vn 0.1804 -0.2840 -0.9417
vn 0.8454 -0.1921 -0.4984
vn 0.7045 -0.5401 -0.4604
vn 0.5141 -0.0574 0.8558
vn 0.2660 -0.0027 0.9640
vn 0.1940 -0.5944 -0.7804
vn 0.0436 -0.4247 -0.9043
vn 0.5314 -0.8339 -0.1490
vn 0.4460 -0.8057 -0.3897
vn 0.5659 -0.5982 0.5674
vn 0.5935 -0.7268 0.3458
vn -0.1102 -0.2259 -0.9679
vn 0.3338 -0.1109 0.9361
vn 0.3311 -0.7242 -0.6049
vn 0.5816 -0.8071 0.1016
vn 0.4015 -0.2305 0.8864
vn 0.5005 -0.4292 0.7518
vn 0.3060 -0.2714 0.9125
vn 0.3223 -0.5049 0.8008
vn 0.0283 -0.8527 -0.5217
vn -0.0549 -0.7001 -0.7120
vn 0.2450 -0.9499 0.1942
vn 0.1832 -0.9816 -0.0533
vn 0.3170 -0.7038 0.6358
vn -0.1346 -0.5003 -0.8553
vn 0.1094 -0.9485 -0.2972
vn 0.2906 -0.8553 0.4290
vn -0.2056 -0.2663 -0.9417
vn 0.2876 -0.1307 0.9488
vn -0.3271 -0.4995 -0.8022
vn -0.3086 -0.2659 -0.9133
vn 0.2385 -0.1305 0.9623
vn 0.2030 -0.2709 0.9410
vn -0.2542 -0.9469 -0.1968
vn -0.2988 -0.8512 -0.4314
vn -0.0365 -0.8538 0.5193
vn -0.1186 -0.9482 0.2945
vn 0.1297 -0.5040 0.8539
vn -0.3238 -0.6989 -0.6378
vn -0.1928 -0.9799 0.0505
vn 0.0481 -0.7025 0.7100
vn -0.0477 -0.4268 0.9031
vn -0.1998 -0.5947 0.7787
vn -0.5717 -0.5910 -0.5691
vn -0.5047 -0.4223 -0.7530
vn -0.5395 -0.8291 0.1467
vn -0.5894 -0.8011 -0.1039
vn -0.3381 -0.7226 0.6029
vn -0.4035 -0.2246 -0.8870
vn 0.1933 -0.1108 0.9749
vn 0.1080 -0.2296 0.9673
vn -0.6005 -0.7200 -0.3478
vn -0.4538 -0.8024 0.3875
vn -0.4760 -0.1487 -0.8668
vn 0.0356 -0.1537 0.9875
vn -0.1832 -0.2849 0.9409
vn -0.8307 -0.4790 -0.2836
vn -0.7609 -0.3929 -0.5164
vn -0.7097 -0.5345 0.4589
vn -0.8041 -0.5521 0.2205
vn -0.3890 -0.3966 0.8315
vn -0.6402 -0.2804 -0.7152
vn -0.8454 -0.5332 -0.0325
vn -0.5683 -0.4816 0.6672
vn -0.4906 -0.1383 0.8603
vn -0.6920 -0.1674 0.7022
vn -0.7130 -0.0955 -0.6947
vn -0.5150 -0.0498 -0.8558
vn -0.0034 -0.0548 0.9985
vn -0.9829 -0.1839 0.0064
vn -0.9545 -0.1648 -0.2486
vn -0.8472 -0.1853 0.4978
vn -0.2560 -0.1000 0.9615
vn -0.8626 -0.1347 -0.4876
vn -0.9463 -0.1909 0.2607
vn -0.2550 0.0998 0.9618
vn -0.4893 0.1407 0.8607
vn -0.8613 0.1444 -0.4872
vn -0.7120 0.1043 -0.6944
vn -0.9445 0.1994 0.2613
vn -0.9811 0.1935 0.0069
vn -0.6904 0.1721 0.7027
vn -0.5144 0.0571 -0.8556
vn -0.0028 0.0521 0.9986
vn -0.9528 0.1747 -0.2482
vn -0.8454 0.1921 0.4984
vn -0.5636 0.4852 0.6685
vn -0.7045 0.5401 0.4604
vn -0.4745 0.1557 -0.8664
vn 0.0371 0.1506 0.9879
vn -0.1804 0.2840 0.9417
vn -0.8260 0.4878 -0.2823
vn -0.7571 0.4017 -0.5152
vn -0.7987 0.5592 0.2220
vn -0.3851 0.3980 0.8326
vn -0.6374 0.2886 -0.7145
vn -0.8401 0.5415 -0.0310
vn -0.1940 0.5944 0.7804
vn -0.3311 0.7242 0.6049
vn -0.5005 0.4292 -0.7518
vn -0.4013 0.2309 -0.8863
vn 0.1943 0.1062 0.9752
vn -0.5816 0.8071 -0.1016
vn -0.5935 0.7268 -0.3458
vn -0.4460 0.8057 0.3897
vn 0.1102 0.2259 0.9679
vn -0.0436 0.4247 0.9043
vn -0.5659 0.5981 -0.5674
vn -0.5314 0.8339 0.1490
vn -0.1094 0.9485 0.2972
vn -0.1832 0.9816 0.0533
vn 0.1346 0.5003 0.8553
vn 0.0549 0.7001 0.7120
vn -0.3170 0.7038 -0.6358
vn -0.3223 0.5049 -0.8008
vn -0.2450 0.9499 -0.1942
vn -0.0283 0.8527 0.5217
vn -0.3060 0.2714 -0.9125
vn 0.2397 0.1255 0.9627
vn 0.2056 0.2663 0.9417
vn -0.2906 0.8553 -0.4290
vn 0.2988 0.8512 0.4314
vn 0.2542 0.9469 0.1968
vn -0.2030 0.2709 -0.9409
vn 0.3086 0.2659 0.9133
vn 0.3271 0.4995 0.8022
vn 0.0365 0.8538 -0.5193
vn -0.0481 0.7025 -0.7100
vn 0.1928 0.9799 -0.0505
vn 0.3238 0.6989 0.6378
vn -0.1298 0.5040 -0.8539
vn 0.1186 0.9483 -0.2945
vn 0.2888 0.1253 0.9491
vn 0.5395 0.8291 -0.1467
vn 0.4538 0.8024 -0.3875
vn 0.5717 0.5910 0.5691
vn 0.6005 0.7200 0.3478
vn 0.0477 0.4268 -0.9031
vn -0.1080 0.2296 -0.9673
vn 0.3341 0.1056 0.9366
vn 0.4035 0.2246 0.8870
vn 0.3381 0.7226 -0.6029
vn 0.5894 0.8011 0.1039
vn 0.5047 0.4223 0.7530
vn 0.1998 0.5947 -0.7787
vn 0.8454 0.5332 0.0325
vn 0.8041 0.5521 -0.2205
vn 0.6402 0.2804 0.7152
vn 0.7609 0.3929 0.5164
vn 0.3890 0.3966 -0.8315
vn 0.1832 0.2849 -0.9409
vn 0.7097 0.5345 -0.4589
vn 0.8307 0.4790 0.2836
vn -0.0356 0.1537 -0.9875
vn 0.4760 0.1487 0.8668
vn 0.5683 0.4816 -0.6672
vn 0.8472 0.1853 -0.4978
vn 0.6920 0.1674 -0.7022
vn 0.9545 0.1648 0.2486
vn 0.9829 0.1839 -0.0064
vn 0.0034 0.0548 -0.9985
vn 0.7130 0.0955 0.6947
vn 0.4906 0.1383 -0.8603
vn 0.9463 0.1909 -0.2607
vn 0.8626 0.1347 0.4876
vn 0.2560 0.1000 -0.9615
vn 0.5150 0.0497 0.8558
vn -0.9811 -0.1935 -0.0069
vn -0.8401 -0.5415 0.0310
vn -0.8260 -0.4878 0.2823
vn -0.9528 -0.1747 0.2482
vn 0.2660 0.0026 -0.9640
vn 0.0371 -0.1506 -0.9879
vn -0.0028 -0.0521 -0.9986
vn -0.7120 -0.1043 0.6944
vn -0.6374 -0.2886 0.7145
vn -0.4752 -0.1562 0.8659
vn -0.4893 -0.1407 -0.8607
vn -0.3851 -0.3980 -0.8326
vn -0.5636 -0.4852 -0.6685
vn -0.6904 -0.1721 -0.7027
vn -0.9445 -0.1994 -0.2613
vn -0.7987 -0.5593 -0.2220
vn -0.8613 -0.1444 0.4872
vn -0.7571 -0.4017 0.5152
vn -0.2550 -0.0998 -0.9618
vn -0.1804 -0.2840 -0.9417
vn -0.8454 -0.1921 -0.4984
vn -0.7045 -0.5401 -0.4604
vn -0.5141 -0.0575 0.8558
vn -0.2660 -0.0027 0.9640
vn -0.0436 -0.4247 -0.9043
vn -0.1940 -0.5944 -0.7804
vn -0.4460 -0.8057 -0.3897
vn -0.5314 -0.8339 -0.1490
vn -0.5935 -0.7268 0.3458
vn -0.5659 -0.5982 0.5674
vn 0.1102 -0.2259 -0.9679
vn -0.3338 -0.1109 0.9361
vn -0.3311 -0.7242 -0.6049
vn -0.5816 -0.8071 0.1016
vn -0.5005 -0.4292 0.7518
vn -0.4015 -0.2305 0.8864
vn -0.3223 -0.5049 0.8008
vn -0.3060 -0.2714 0.9125
vn 0.0549 -0.7001 -0.7120
vn -0.0283 -0.8527 -0.5217
vn -0.1832 -0.9816 -0.0533
vn -0.2450 -0.9499 0.1942
vn -0.3170 -0.7038 0.6358
vn 0.1346 -0.5003 -0.8553
vn -0.1094 -0.9485 -0.2972
vn -0.2906 -0.8553 0.4290
vn 0.2056 -0.2663 -0.9417
vn -0.2876 -0.1307 0.9488
vn 0.3086 -0.2659 -0.9133
vn 0.3271 -0.4995 -0.8022
vn -0.2030 -0.2709 0.9410
vn -0.2385 -0.1305 0.9623
vn 0.2988 -0.8512 -0.4314
vn 0.2542 -0.9469 -0.1968
vn 0.1186 -0.9482 0.2945
vn 0.0365 -0.8538 0.5193
vn -0.1297 -0.5040 0.8539
vn 0.3238 -0.6989 -0.6378
vn 0.1928 -0.9799 0.0505
vn -0.0481 -0.7025 0.7100
vn 0.1998 -0.5947 0.7787
vn 0.0477 -0.4268 0.9031
vn 0.5047 -0.4223 -0.7530
vn 0.5717 -0.5910 -0.5691
vn 0.5894 -0.8011 -0.1039
vn 0.5395 -0.8291 0.1467
vn 0.3381 -0.7226 0.6029
vn 0.4035 -0.2246 -0.8870
vn -0.1080 -0.2296 0.9673
vn -0.1933 -0.1108 0.9749
vn 0.6005 -0.7200 -0.3478
vn 0.4538 -0.8024 0.3875
vn 0.4760 -0.1487 -0.8668
vn 0.1832 -0.2849 0.9409
vn -0.0356 -0.1537 0.9875
vn 0.7609 -0.3929 -0.5164
vn 0.8307 -0.4790 -0.2836
vn 0.8041 -0.5521 0.2205
vn 0.7097 -0.5345 0.4589
vn 0.3890 -0.3966 0.8315
vn 0.6401 -0.2804 -0.7152
vn 0.8454 -0.5332 -0.0325
vn 0.5683 -0.4816 0.6672
vn 0.6920 -0.1674 0.7022
vn 0.4906 -0.1383 0.8603
vn 0.5150 -0.0498 -0.8558
vn 0.7130 -0.0955 -0.6947
vn 0.0034 -0.0548 0.9985
vn 0.9545 -0.1648 -0.2486
vn 0.9829 -0.1839 0.0064
vn 0.8472 -0.1853 0.4978
vn 0.2560 -0.1000 0.9615
vn 0.8626 -0.1347 -0.4876
vn 0.9463 -0.1909 0.2607
vn 0.4893 0.1407 0.8607
vn 0.2550 0.0998 0.9618
vn 0.7120 0.1043 -0.6944
vn 0.8613 0.1444 -0.4872
vn 0.9811 0.1935 0.0069
vn 0.9445 0.1994 0.2613
vn 0.6904 0.1721 0.7027
vn 0.5144 0.0571 -0.8556
vn 0.0028 0.0521 0.9986
vn 0.9528 0.1747 -0.2482
vn 0.8454 0.1921 0.4984
vn 0.7045 0.5401 0.4604
vn 0.5636 0.4852 0.6685
vn 0.4745 0.1557 -0.8664
vn 0.1804 0.2840 0.9417
vn -0.0371 0.1506 0.9879
vn 0.7571 0.4017 -0.5152
vn 0.8260 0.4878 -0.2823
vn 0.7987 0.5592 0.2220
vn 0.3851 0.3980 0.8326
vn 0.6374 0.2886 -0.7145
vn 0.8401 0.5415 -0.0310
vn 0.3311 0.7242 0.6049
vn 0.1940 0.5944 0.7804
vn 0.4013 0.2309 -0.8863
vn 0.5005 0.4292 -0.7518
vn -0.1943 0.1062 0.9752
vn 0.5935 0.7268 -0.3458
vn 0.5816 0.8071 -0.1016
vn 0.4460 0.8057 0.3897
vn 0.0436 0.4247 0.9043
vn -0.1102 0.2259 0.9679
vn 0.5659 0.5981 -0.5674
vn 0.5314 0.8339 0.1490
vn 0.1832 0.9816 0.0533
vn 0.1094 0.9485 0.2972
vn -0.0549 0.7001 0.7120
vn -0.1346 0.5003 0.8553
vn 0.3223 0.5049 -0.8008
vn 0.3170 0.7038 -0.6358
vn 0.2450 0.9499 -0.1942
vn 0.0283 0.8527 0.5217
vn 0.3060 0.2714 -0.9125
vn -0.2056 0.2663 0.9417
vn -0.2397 0.1255 0.9627
vn 0.2906 0.8553 -0.4290
vn -0.2542 0.9469 0.1968
vn -0.2988 0.8512 0.4314
vn 0.2030 0.2709 -0.9409
vn -0.3271 0.4995 0.8022
vn -0.3086 0.2659 0.9133
vn 0.0481 0.7025 -0.7100
vn -0.0365 0.8538 -0.5193
vn -0.1928 0.9799 -0.0505
vn -0.3238 0.6989 0.6378
vn 0.1298 0.5040 -0.8539
vn -0.1186 0.9483 -0.2945
vn -0.2888 0.1253 0.9491
vn -0.4538 0.8024 -0.3875
vn -0.5395 0.8291 -0.1467
vn -0.6005 0.7201 0.3478
vn -0.5717 0.5910 0.5691
vn 0.1080 0.2296 -0.9673
vn -0.0477 0.4268 -0.9031
vn -0.4035 0.2246 0.8870
vn -0.3341 0.1056 0.9366
vn -0.3381 0.7226 -0.6029
vn -0.5894 0.8011 0.1039
vn -0.5047 0.4223 0.7530
vn -0.1998 0.5947 -0.7787
vn -0.8041 0.5521 -0.2205
vn -0.8454 0.5332 0.0325
vn -0.7609 0.3929 0.5164
vn -0.6402 0.2804 0.7152
vn -0.1832 0.2849 -0.9409
vn -0.3890 0.3966 -0.8315
vn -0.7097 0.5345 -0.4589
vn -0.8307 0.4790 0.2836
vn 0.0356 0.1537 -0.9875
vn -0.4760 0.1487 0.8668
vn -0.5683 0.4816 -0.6672
vn -0.6920 0.1674 -0.7022
vn -0.8472 0.1853 -0.4978
vn -0.9829 0.1840 -0.0064
vn -0.9545 0.1648 0.2486
vn -0.0034 0.0548 -0.9985
vn -0.7130 0.0955 0.6947
vn -0.4906 0.1383 -0.8603
vn -0.9463 0.1909 -0.2607
vn -0.8626 0.1347 0.4876
vn -0.2560 0.1000 -0.9615
vn -0.5150 0.0497 0.8558
vn -0.0000 0.1365 -0.9906
vn -0.0000 0.4815 -0.8764
vn 0.1889 0.5012 -0.8444
vn 0.2953 0.1673 -0.9406
vn 0.3491 0.5574 -0.7533
vn 0.5458 0.2551 -0.7982
vn 0.4562 0.6414 -0.6169
vn 0.7131 0.3865 -0.5849
vn 0.4938 0.7405 -0.4559
vn 0.7719 0.5414 -0.3333
vn 0.4562 0.8396 -0.2950
vn 0.7131 0.6963 -0.0817
vn 0.3491 0.9236 -0.1585
vn 0.5458 0.8275 0.1316
vn 0.1889 0.9797 -0.0674
vn 0.2954 0.9152 0.2741
vn -0.0000 0.9994 -0.0354
vn -0.0000 0.9460 0.3241
vn -0.1889 0.9797 -0.0674
vn -0.2954 0.9152 0.2741
vn -0.3491 0.9236 -0.1585
vn -0.5458 0.8275 0.1316
vn -0.4562 0.8396 -0.2950
vn -0.7131 0.6963 -0.0817
vn -0.4938 0.7405 -0.4559
vn -0.7719 0.5414 -0.3333
vn -0.4562 0.6414 -0.6169
vn -0.7131 0.3865 -0.5849
vn -0.3491 0.5574 -0.7533
vn -0.5458 0.2551 -0.7982
vn -0.3826 0.4844 0.7867
vn -0.7070 0.3708 0.6022
vn -0.1889 0.5012 -0.8444
vn -0.2954 0.1673 -0.9406
vn -0.0000 0.5243 0.8515
vn -0.9238 0.2007 0.3260
vn -1.0000 -0.0000 -0.0000
vn -0.9238 -0.2007 -0.3260
vn -0.7070 -0.3708 -0.6022
vn -0.3826 -0.4844 -0.7867
vn -0.0000 -0.5243 -0.8515
vn 0.3826 -0.4844 -0.7867
vn 0.7070 -0.3708 -0.6022
vn 0.9238 -0.2007 -0.3260
vn 1.0000 -0.0000 -0.0000
vn 0.9238 0.2007 0.3260
vn 0.7070 0.3708 0.6022
vn 0.3826 0.4844 0.7867
vn 0.0465 0.8253 -0.5628
vn 0.0608 0.8365 -0.5446
vn -0.0608 0.8629 -0.5017
vn -0.0658 0.8497 -0.5232
vn -0.0000 -0.8255 0.5644
vn 0.0183 -0.8274 0.5613
vn 0.0252 0.8816 -0.4714
vn -0.0000 0.8842 -0.4671
vn 0.0477 -0.8506 0.5237
vn 0.0441 -0.8601 0.5082
vn -0.0441 -0.8601 0.5082
vn -0.0477 -0.8506 0.5237
vn 0.0658 0.8497 -0.5232
vn -0.0608 0.8365 -0.5446
vn -0.0183 -0.8274 0.5613
vn -0.0252 0.8816 -0.4714
vn 0.0441 -0.8410 0.5393
vn -0.0337 -0.8683 0.4950
vn 0.0183 -0.8737 0.4862
vn -0.0000 -0.8756 0.4831
vn 0.0608 0.8629 -0.5017
vn -0.0465 0.8253 -0.5628
vn -0.0000 0.8152 -0.5792
vn 0.0252 0.8178 -0.5750
vn -0.0337 -0.8329 0.5524
vn -0.0337 -0.8329 0.5525
vn -0.0465 0.8741 -0.4835
vn 0.0337 -0.8329 0.5524
vn 0.0337 -0.8329 0.5525
vn -0.0183 -0.8737 0.4862
vn 0.0465 0.8741 -0.4835
vn -0.0252 0.8178 -0.5750
vn 0.0337 -0.8683 0.4950
vn -0.0441 -0.8410 0.5393
vt 0.109009 0.828420
vt 0.047099 0.829685
vt 0.015829 0.831712
s 1
usemtl Atlas
f 1/1/1 52/1/2 94/1/3 41/1/4
f 1/1/1 41/1/4 92/1/5 51/1/6
f 1/1/1 51/1/6 96/1/7 49/1/8
f 1/1/1 49/1/8 98/1/9 52/1/2
f 2/1/10 44/1/11 87/1/12 34/1/13
f 2/1/10 34/1/13 89/1/14 43/1/15
f 2/1/10 43/1/15 93/1/16 42/1/17
f 2/1/10 42/1/17 91/1/18 44/1/11
f 3/1/19 36/1/20 84/1/21 30/1/22
f 3/1/19 30/1/22 86/1/23 35/1/24
f 3/1/19 35/1/24 89/1/14 34/1/13
f 3/1/19 34/1/13 87/1/12 36/1/20
f 4/1/25 35/1/26 86/1/27 28/1/28
f 4/1/25 28/1/28 85/1/29 37/1/30
f 4/1/25 37/1/30 90/1/31 32/1/32
f 4/1/25 32/1/32 89/1/14 35/1/26
f 5/1/33 37/1/34 85/1/35 29/1/36
f 5/1/33 29/1/36 83/1/37 38/1/38
f 5/1/33 38/1/38 88/1/39 33/1/40
f 5/1/33 33/1/40 90/1/41 37/1/34
f 6/1/42 38/1/43 83/1/44 27/1/45
f 6/1/42 27/1/45 84/1/46 36/1/47
f 6/1/42 36/1/47 87/1/48 31/1/49
f 6/1/42 31/1/49 88/1/50 38/1/43
f 7/1/51 43/1/15 89/1/14 32/1/32
f 7/1/51 32/1/32 90/1/31 45/1/52
f 7/1/51 45/1/52 94/1/3 40/1/53
f 7/1/51 40/1/53 93/1/16 43/1/15
f 8/1/54 45/1/55 90/1/41 33/1/40
f 8/1/54 33/1/40 88/1/39 46/1/56
f 8/1/54 46/1/56 92/1/5 41/1/4
f 8/1/54 41/1/4 94/1/3 45/1/55
f 9/1/57 46/1/58 88/1/50 31/1/49
f 9/1/57 31/1/49 87/1/48 44/1/59
f 9/1/57 44/1/59 91/1/60 39/1/61
f 9/1/57 39/1/61 92/1/62 46/1/58
f 10/1/63 49/1/8 96/1/7 47/1/64
f 10/1/65 47/1/64 95/1/66 50/1/67
f 10/1/68 50/1/69 97/1/70 48/1/71
f 10/1/72 48/1/71 98/1/9 49/1/8
f 11/1/73 51/1/74 92/1/62 39/1/61
f 11/1/73 39/1/61 91/1/60 53/1/75
f 11/1/73 53/1/75 95/1/66 47/1/64
f 11/1/73 47/1/64 96/1/7 51/1/74
f 12/1/76 53/1/77 91/1/18 42/1/17
f 12/1/76 42/1/17 93/1/16 54/1/78
f 12/1/76 54/1/78 97/1/70 50/1/69
f 12/1/76 50/1/67 95/1/66 53/1/77
f 13/1/79 54/1/78 93/1/16 40/1/53
f 13/1/79 40/1/53 94/1/3 52/1/2
f 13/1/79 52/1/2 98/1/9 48/1/71
f 13/1/79 48/1/71 97/1/70 54/1/78
f 14/1/80 69/1/81 110/1/82 80/1/83
f 14/1/80 80/1/83 114/1/84 77/1/85
f 14/1/80 77/1/85 112/1/86 79/1/87
f 14/1/80 79/1/87 108/1/88 69/1/81
f 15/1/89 62/1/90 103/1/91 72/1/92
f 15/1/89 72/1/92 107/1/93 70/1/94
f 15/1/89 70/1/94 109/1/95 71/1/96
f 15/1/89 71/1/96 105/1/97 62/1/90
f 16/1/98 58/1/99 100/1/100 64/1/101
f 16/1/98 64/1/101 103/1/91 62/1/90
f 16/1/98 62/1/90 105/1/97 63/1/102
f 16/1/98 63/1/102 102/1/103 58/1/99
f 17/1/104 56/1/105 102/1/106 63/1/107
f 17/1/104 63/1/107 105/1/97 60/1/108
f 17/1/104 60/1/108 106/1/109 65/1/110
f 17/1/104 65/1/110 101/1/111 56/1/105
f 18/1/112 57/1/113 101/1/114 65/1/115
f 18/1/112 65/1/115 106/1/116 61/1/117
f 18/1/112 61/1/117 104/1/118 66/1/119
f 18/1/112 66/1/119 99/1/120 57/1/113
f 19/1/121 55/1/122 99/1/123 66/1/124
f 19/1/121 66/1/124 104/1/125 59/1/126
f 19/1/121 59/1/126 103/1/127 64/1/128
f 19/1/121 64/1/128 100/1/129 55/1/122
f 20/1/130 60/1/108 105/1/97 71/1/96
f 20/1/130 71/1/96 109/1/95 68/1/131
f 20/1/130 68/1/131 110/1/82 73/1/132
f 20/1/130 73/1/132 106/1/109 60/1/108
f 21/1/133 61/1/117 106/1/116 73/1/134
f 21/1/133 73/1/134 110/1/82 69/1/81
f 21/1/133 69/1/81 108/1/88 74/1/135
f 21/1/133 74/1/135 104/1/118 61/1/117
f 22/1/136 59/1/126 104/1/125 74/1/137
f 22/1/136 74/1/137 108/1/138 67/1/139
f 22/1/136 67/1/139 107/1/140 72/1/141
f 22/1/136 72/1/141 103/1/127 59/1/126
f 23/1/142 75/1/143 112/1/86 77/1/85
f 23/1/144 77/1/85 114/1/84 76/1/145
f 23/1/146 76/1/145 113/1/147 78/1/148
f 23/1/149 78/1/150 111/1/151 75/1/143
f 24/1/152 67/1/139 108/1/138 79/1/153
f 24/1/152 79/1/153 112/1/86 75/1/143
f 24/1/152 75/1/143 111/1/151 81/1/154
f 24/1/152 81/1/154 107/1/140 67/1/139
f 25/1/155 70/1/94 107/1/93 81/1/156
f 25/1/155 81/1/156 111/1/151 78/1/150
f 25/1/155 78/1/148 113/1/147 82/1/157
f 25/1/155 82/1/157 109/1/95 70/1/94
f 26/1/158 68/1/131 109/1/95 82/1/157
f 26/1/158 82/1/157 113/1/147 76/1/145
f 26/1/158 76/1/145 114/1/84 80/1/83
f 26/1/158 80/1/83 110/1/82 68/1/131
f 117/2/159 116/2/160 127/2/161 128/2/162
f 213/2/163 123/2/164 134/2/165
f 292/2/166 124/2/167 125/2/168
f 121/2/169 120/2/170 131/2/171 132/2/172
f 118/2/173 117/2/159 128/2/162 129/2/174
f 115/2/175 292/2/166 125/2/168 126/2/176
f 122/2/177 121/2/169 132/2/172 133/2/178
f 119/2/179 118/2/173 129/2/174 130/2/180
f 116/2/160 115/2/175 126/2/176 127/2/161
f 123/2/164 122/2/177 133/2/178 134/2/165
f 291/3/181 135/3/182 124/3/167
f 120/2/170 119/2/179 130/2/180 131/2/171
f 133/2/178 132/2/172 144/2/183 145/2/184
f 130/2/180 129/2/174 141/2/185 142/2/186
f 127/2/161 126/2/176 138/2/187 139/2/188
f 134/2/165 133/2/178 145/2/184 146/2/189
f 124/3/167 135/3/182 298/3/190
f 131/2/171 130/2/180 142/2/186 143/2/191
f 128/2/162 127/2/161 139/2/188 140/2/192
f 213/2/163 134/2/165 146/2/189
f 125/2/168 124/2/167 136/2/193 137/2/194
f 132/2/172 131/2/171 143/2/191 144/2/183
f 129/2/174 128/2/162 140/2/192 141/2/185
f 126/2/176 125/2/168 137/2/194 138/2/187
f 137/2/194 136/2/193 147/2/195 148/2/196
f 144/2/183 143/2/191 154/2/197 155/2/198
f 141/2/185 140/2/192 151/2/199 152/2/200
f 138/2/187 137/2/194 148/2/196 149/2/201
f 145/2/184 144/2/183 155/2/198 156/2/202
f 142/2/186 141/2/185 152/2/200 153/2/203
f 139/2/188 138/2/187 149/2/201 150/2/204
f 146/2/189 145/2/184 156/2/202 157/2/205
f 136/2/193 298/2/190 297/2/206 147/2/195
f 143/2/191 142/2/186 153/2/203 154/2/197
f 140/2/192 139/2/188 150/2/204 151/2/199
f 213/2/163 146/2/189 157/2/205
f 157/2/205 156/2/202 167/2/207 168/2/208
f 147/2/195 297/2/206 299/2/209 158/2/210
f 154/2/197 153/2/203 164/2/211 165/2/212
f 151/2/199 150/2/204 161/2/213 162/2/214
f 213/2/163 157/2/205 168/2/208
f 148/2/196 147/2/195 158/2/210 159/2/215
f 155/2/198 154/2/197 165/2/212 166/2/216
f 152/2/200 151/2/199 162/2/214 163/2/217
f 149/2/201 148/2/196 159/2/215 160/2/218
f 156/2/202 155/2/198 166/2/216 167/2/207
f 153/2/203 152/2/200 163/2/217 164/2/211
f 150/2/204 149/2/201 160/2/218 161/2/213
f 160/2/218 159/2/215 170/2/219 171/2/220
f 167/2/207 166/2/216 177/2/221 178/2/222
f 164/2/211 163/2/217 174/2/223 175/2/224
f 161/2/213 160/2/218 171/2/220 172/2/225
f 168/2/208 167/2/207 178/2/222 179/2/226
f 158/2/210 299/2/209 300/2/227 169/2/228
f 165/2/212 164/2/211 175/2/224 176/2/229
f 162/2/214 161/2/213 172/2/225 173/2/230
f 213/2/163 168/2/208 179/2/226
f 159/2/215 158/2/210 169/2/228 170/2/219
f 166/2/216 165/2/212 176/2/229 177/2/221
f 163/2/217 162/2/214 173/2/230 174/2/223
f 213/2/163 179/2/226 190/2/231
f 170/2/219 169/2/228 180/2/232 181/2/233
f 177/2/221 176/2/229 187/2/234 188/2/235
f 174/2/223 173/2/230 184/2/236 185/2/237
f 171/2/220 170/2/219 181/2/233 182/2/238
f 178/2/222 177/2/221 188/2/235 189/2/239
f 175/2/224 174/2/223 185/2/237 186/2/240
f 172/2/225 171/2/220 182/2/238 183/2/241
f 179/2/226 178/2/222 189/2/239 190/2/231
f 169/2/228 300/2/227 180/2/232
f 176/2/229 175/2/224 186/2/240 187/2/234
f 173/2/230 172/2/225 183/2/241 184/2/236
f 183/2/241 182/2/238 193/2/242 194/2/243
f 190/2/231 189/2/239 200/2/244 201/2/245
f 180/3/232 135/3/182 191/3/246
f 187/2/234 186/2/240 197/2/247 198/2/248
f 184/2/236 183/2/241 194/2/243 195/2/249
f 213/2/163 190/2/231 201/2/245
f 181/2/233 180/2/232 192/2/250
f 188/2/235 187/2/234 198/2/248 199/2/251
f 185/2/237 184/2/236 195/2/249 196/2/252
f 182/2/238 181/2/233 192/2/250 193/2/242
f 189/2/239 188/2/235 199/2/251 200/2/244
f 186/2/240 185/2/237 196/2/252 197/2/247
f 193/2/242 192/2/250 203/2/253 204/2/254
f 200/2/244 199/2/251 210/2/255 211/2/256
f 197/2/247 196/2/252 207/2/257 208/2/258
f 194/2/243 193/2/242 204/2/254 205/2/259
f 201/2/245 200/2/244 211/2/256 212/2/260
f 191/3/246 135/3/182 202/3/261
f 198/2/248 197/2/247 208/2/258 209/2/262
f 195/2/249 194/2/243 205/2/259 206/2/263
f 213/2/163 201/2/245 212/2/260
f 192/3/250 191/3/246 202/3/261 203/3/253
f 199/2/251 198/2/248 209/2/262 210/2/255
f 196/2/252 195/2/249 206/2/263 207/2/257
f 206/2/263 205/2/259 217/2/264 218/2/265
f 213/2/163 212/2/260 224/2/266
f 203/2/253 214/2/267 215/2/268
f 210/2/255 209/2/262 221/2/269 222/2/270
f 207/2/257 206/2/263 218/2/265 219/2/271
f 204/2/254 203/2/253 215/2/268 216/2/272
f 211/2/256 210/2/255 222/2/270 223/2/273
f 208/2/258 207/2/257 219/2/271 220/2/274
f 205/2/259 204/2/254 216/2/272 217/2/264
f 212/2/260 211/2/256 223/2/273 224/2/266
f 202/3/261 135/3/182 214/3/267
f 209/2/262 208/2/258 220/2/274 221/2/269
f 217/2/264 216/2/272 227/2/275 228/2/276
f 224/2/266 223/2/273 234/2/277 235/2/278
f 214/3/267 135/3/182 294/3/279
f 221/2/269 220/2/274 231/2/280 232/2/281
f 218/2/265 217/2/264 228/2/276 229/2/282
f 213/2/163 224/2/266 235/2/278
f 215/2/268 214/2/267 225/2/283 226/2/284
f 222/2/270 221/2/269 232/2/281 233/2/285
f 219/2/271 218/2/265 229/2/282 230/2/286
f 216/2/272 215/2/268 226/2/284 227/2/275
f 223/2/273 222/2/270 233/2/285 234/2/277
f 220/2/274 219/2/271 230/2/286 231/2/280
f 230/2/286 229/2/282 240/2/287 241/2/288
f 227/2/275 226/2/284 237/2/289 238/2/290
f 234/2/277 233/2/285 244/2/291 245/2/292
f 231/2/280 230/2/286 241/2/288 242/2/293
f 228/2/276 227/2/275 238/2/290 239/2/294
f 235/2/278 234/2/277 245/2/292 246/2/295
f 225/2/283 294/2/279 296/2/296 236/2/297
f 232/2/281 231/2/280 242/2/293 243/2/298
f 229/2/282 228/2/276 239/2/294 240/2/287
f 213/2/163 235/2/278 246/2/295
f 226/2/284 225/2/283 236/2/297 237/2/289
f 233/2/285 232/2/281 243/2/298 244/2/291
f 240/2/287 239/2/294 250/2/299 251/2/300
f 213/2/163 246/2/295 257/2/301
f 237/2/289 236/2/297 247/2/302 248/2/303
f 244/2/291 243/2/298 254/2/304 255/2/305
f 241/2/288 240/2/287 251/2/300 252/2/306
f 238/2/290 237/2/289 248/2/303 249/2/307
f 245/2/292 244/2/291 255/2/305 256/2/308
f 242/2/293 241/2/288 252/2/306 253/2/309
f 239/2/294 238/2/290 249/2/307 250/2/299
f 246/2/295 245/2/292 256/2/308 257/2/301
f 236/2/297 296/2/296 293/2/310 247/2/302
f 243/2/298 242/2/293 253/2/309 254/2/304
f 253/2/309 252/2/306 263/2/311 264/2/312
f 250/2/299 249/2/307 260/2/313 261/2/314
f 257/2/301 256/2/308 267/2/315 268/2/316
f 247/2/302 293/2/310 295/2/317 258/2/318
f 254/2/304 253/2/309 264/2/312 265/2/319
f 251/2/300 250/2/299 261/2/314 262/2/320
f 213/2/163 257/2/301 268/2/316
f 248/2/303 247/2/302 258/2/318 259/2/321
f 255/2/305 254/2/304 265/2/319 266/2/322
f 252/2/306 251/2/300 262/2/320 263/2/311
f 249/2/307 248/2/303 259/2/321 260/2/313
f 256/2/308 255/2/305 266/2/322 267/2/315
f 263/2/311 262/2/320 273/2/323 274/2/324
f 260/2/313 259/2/321 270/2/325 271/2/326
f 267/2/315 266/2/322 277/2/327 278/2/328
f 264/2/312 263/2/311 274/2/324 275/2/329
f 261/2/314 260/2/313 271/2/326 272/2/330
f 268/2/316 267/2/315 278/2/328 279/2/331
f 258/2/318 295/2/317 269/2/332
f 265/2/319 264/2/312 275/2/329 276/2/333
f 262/2/320 261/2/314 272/2/330 273/2/323
f 213/2/163 268/2/316 279/2/331
f 259/2/321 258/2/318 269/2/332 270/2/325
f 266/2/322 265/2/319 276/2/333 277/2/327
f 276/2/333 275/2/329 286/2/334 287/2/335
f 273/2/323 272/2/330 283/2/336 284/2/337
f 213/2/163 279/2/331 290/2/338
f 270/2/325 269/2/332 281/2/339
f 277/2/327 276/2/333 287/2/335 288/2/340
f 274/2/324 273/2/323 284/2/337 285/2/341
f 271/2/326 270/2/325 281/2/339 282/2/342
f 278/2/328 277/2/327 288/2/340 289/2/343
f 275/2/329 274/2/324 285/2/341 286/2/334
f 272/2/330 271/2/326 282/2/342 283/2/336
f 279/2/331 278/2/328 289/2/343 290/2/338
f 286/2/334 285/2/341 118/2/173 119/2/179
f 283/2/336 282/2/342 115/2/175 116/2/160
f 290/2/338 289/2/343 122/2/177 123/2/164
f 280/3/344 135/3/182 291/3/181
f 287/2/335 286/2/334 119/2/179 120/2/170
f 284/2/337 283/2/336 116/2/160 117/2/159
f 213/2/163 290/2/338 123/2/164
f 281/3/339 280/3/344 291/3/181 292/3/166
f 288/2/340 287/2/335 120/2/170 121/2/169
f 285/2/341 284/2/337 117/2/159 118/2/173
f 282/2/342 281/2/339 292/2/166 115/2/175
f 289/2/343 288/2/340 121/2/169 122/2/177
f 293/3/310 296/3/296 135/3/182
f 214/3/267 203/3/253 202/3/261
f 296/3/296 294/3/279 135/3/182
f 269/3/332 135/3/182 280/3/344
f 295/3/317 293/3/310 135/3/182
f 281/3/339 269/3/332 280/3/344
f 294/2/279 225/2/283 214/2/267
f 269/3/332 295/3/317 135/3/182
f 298/2/190 136/2/193 124/2/167
f 124/3/167 292/3/166 291/3/181
f 299/3/209 297/3/206 135/3/182
f 192/3/250 180/3/232 191/3/246
f 180/3/232 300/3/227 135/3/182
f 297/3/206 298/3/190 135/3/182
f 300/3/227 299/3/209 135/3/182
f 303/2/345 314/2/346 313/2/347 302/2/348
f 399/2/349 320/2/350 309/2/351
f 478/2/352 311/2/353 310/2/354
f 307/2/355 318/2/356 317/2/357 306/2/358
f 304/2/359 315/2/360 314/2/346 303/2/345
f 301/2/361 312/2/362 311/2/353 478/2/352
f 308/2/363 319/2/364 318/2/356 307/2/355
f 305/2/365 316/2/366 315/2/360 304/2/359
f 302/2/348 313/2/347 312/2/362 301/2/361
f 309/2/351 320/2/350 319/2/364 308/2/363
f 477/3/367 310/3/354 321/3/368
f 306/2/358 317/2/357 316/2/366 305/2/365
f 319/2/364 331/2/369 330/2/370 318/2/356
f 316/2/366 328/2/371 327/2/372 315/2/360
f 313/2/347 325/2/373 324/2/374 312/2/362
f 320/2/350 332/2/375 331/2/369 319/2/364
f 310/3/354 484/3/376 321/3/368
f 317/2/357 329/2/377 328/2/371 316/2/366
f 314/2/346 326/2/378 325/2/373 313/2/347
f 399/2/349 332/2/375 320/2/350
f 311/2/353 323/2/379 322/2/380 310/2/354
f 318/2/356 330/2/370 329/2/377 317/2/357
f 315/2/360 327/2/372 326/2/378 314/2/346
f 312/2/362 324/2/374 323/2/379 311/2/353
f 323/2/379 334/2/381 333/2/382 322/2/380
f 330/2/370 341/2/383 340/2/384 329/2/377
f 327/2/372 338/2/385 337/2/386 326/2/378
f 324/2/374 335/2/387 334/2/381 323/2/379
f 331/2/369 342/2/388 341/2/383 330/2/370
f 328/2/371 339/2/389 338/2/385 327/2/372
f 325/2/373 336/2/390 335/2/387 324/2/374
f 332/2/375 343/2/391 342/2/388 331/2/369
f 322/2/380 333/2/382 483/2/392 484/2/376
f 329/2/377 340/2/384 339/2/389 328/2/371
f 326/2/378 337/2/386 336/2/390 325/2/373
f 399/2/349 343/2/391 332/2/375
f 343/2/391 354/2/393 353/2/394 342/2/388
f 333/2/382 344/2/395 485/2/396 483/2/392
f 340/2/384 351/2/397 350/2/398 339/2/389
f 337/2/386 348/2/399 347/2/400 336/2/390
f 399/2/349 354/2/393 343/2/391
f 334/2/381 345/2/401 344/2/395 333/2/382
f 341/2/383 352/2/402 351/2/397 340/2/384
f 338/2/385 349/2/403 348/2/399 337/2/386
f 335/2/387 346/2/404 345/2/401 334/2/381
f 342/2/388 353/2/394 352/2/402 341/2/383
f 339/2/389 350/2/398 349/2/403 338/2/385
f 336/2/390 347/2/400 346/2/404 335/2/387
f 346/2/404 357/2/405 356/2/406 345/2/401
f 353/2/394 364/2/407 363/2/408 352/2/402
f 350/2/398 361/2/409 360/2/410 349/2/403
f 347/2/400 358/2/411 357/2/405 346/2/404
f 354/2/393 365/2/412 364/2/407 353/2/394
f 344/2/395 355/2/413 486/2/414 485/2/396
f 351/2/397 362/2/415 361/2/409 350/2/398
f 348/2/399 359/2/416 358/2/411 347/2/400
f 399/2/349 365/2/412 354/2/393
f 345/2/401 356/2/406 355/2/413 344/2/395
f 352/2/402 363/2/408 362/2/415 351/2/397
f 349/2/403 360/2/410 359/2/416 348/2/399
f 399/2/349 376/2/417 365/2/412
f 356/2/406 367/2/418 366/2/419 355/2/413
f 363/2/408 374/2/420 373/2/421 362/2/415
f 360/2/410 371/2/422 370/2/423 359/2/416
f 357/2/405 368/2/424 367/2/418 356/2/406
f 364/2/407 375/2/425 374/2/420 363/2/408
f 361/2/409 372/2/426 371/2/422 360/2/410
f 358/2/411 369/2/427 368/2/424 357/2/405
f 365/2/412 376/2/417 375/2/425 364/2/407
f 355/2/413 366/2/419 486/2/414
f 362/2/415 373/2/421 372/2/426 361/2/409
f 359/2/416 370/2/423 369/2/427 358/2/411
f 369/2/427 380/2/428 379/2/429 368/2/424
f 376/2/417 387/2/430 386/2/431 375/2/425
f 366/3/419 377/3/432 321/3/368
f 373/2/421 384/2/433 383/2/434 372/2/426
f 370/2/423 381/2/435 380/2/428 369/2/427
f 399/2/349 387/2/430 376/2/417
f 367/2/418 378/2/436 366/2/419
f 374/2/420 385/2/437 384/2/433 373/2/421
f 371/2/422 382/2/438 381/2/435 370/2/423
f 368/2/424 379/2/429 378/2/436 367/2/418
f 375/2/425 386/2/431 385/2/437 374/2/420
f 372/2/426 383/2/434 382/2/438 371/2/422
f 379/2/429 390/2/439 389/2/440 378/2/436
f 386/2/431 397/2/441 396/2/442 385/2/437
f 383/2/434 394/2/443 393/2/444 382/2/438
f 380/2/428 391/2/445 390/2/439 379/2/429
f 387/2/430 398/2/446 397/2/441 386/2/431
f 377/3/432 388/3/447 321/3/368
f 384/2/433 395/2/448 394/2/443 383/2/434
f 381/2/435 392/2/449 391/2/445 380/2/428
f 399/2/349 398/2/446 387/2/430
f 378/3/436 389/3/440 388/3/447 377/3/432
f 385/2/437 396/2/442 395/2/448 384/2/433
f 382/2/438 393/2/444 392/2/449 381/2/435
f 392/2/449 404/2/450 403/2/451 391/2/445
f 399/2/349 410/2/452 398/2/446
f 389/2/440 401/2/453 400/2/454
f 396/2/442 408/2/455 407/2/456 395/2/448
f 393/2/444 405/2/457 404/2/450 392/2/449
f 390/2/439 402/2/458 401/2/453 389/2/440
f 397/2/441 409/2/459 408/2/455 396/2/442
f 394/2/443 406/2/460 405/2/457 393/2/444
f 391/2/445 403/2/451 402/2/458 390/2/439
f 398/2/446 410/2/452 409/2/459 397/2/441
f 388/3/447 400/3/454 321/3/368
f 395/2/448 407/2/456 406/2/460 394/2/443
f 403/2/451 414/2/461 413/2/462 402/2/458
f 410/2/452 421/2/463 420/2/464 409/2/459
f 400/3/454 480/3/465 321/3/368
f 407/2/456 418/2/466 417/2/467 406/2/460
f 404/2/450 415/2/468 414/2/461 403/2/451
f 399/2/349 421/2/463 410/2/452
f 401/2/453 412/2/469 411/2/470 400/2/454
f 408/2/455 419/2/471 418/2/466 407/2/456
f 405/2/457 416/2/472 415/2/468 404/2/450
f 402/2/458 413/2/462 412/2/469 401/2/453
f 409/2/459 420/2/464 419/2/471 408/2/455
f 406/2/460 417/2/467 416/2/472 405/2/457
f 416/2/472 427/2/473 426/2/474 415/2/468
f 413/2/462 424/2/475 423/2/476 412/2/469
f 420/2/464 431/2/477 430/2/478 419/2/471
f 417/2/467 428/2/479 427/2/473 416/2/472
f 414/2/461 425/2/480 424/2/475 413/2/462
f 421/2/463 432/2/481 431/2/477 420/2/464
f 411/2/470 422/2/482 482/2/483 480/2/465
f 418/2/466 429/2/484 428/2/479 417/2/467
f 415/2/468 426/2/474 425/2/480 414/2/461
f 399/2/349 432/2/481 421/2/463
f 412/2/469 423/2/476 422/2/482 411/2/470
f 419/2/471 430/2/478 429/2/484 418/2/466
f 426/2/474 437/2/485 436/2/486 425/2/480
f 399/2/349 443/2/487 432/2/481
f 423/2/476 434/2/488 433/2/489 422/2/482
f 430/2/478 441/2/490 440/2/491 429/2/484
f 427/2/473 438/2/492 437/2/485 426/2/474
f 424/2/475 435/2/493 434/2/488 423/2/476
f 431/2/477 442/2/494 441/2/490 430/2/478
f 428/2/479 439/2/495 438/2/492 427/2/473
f 425/2/480 436/2/486 435/2/493 424/2/475
f 432/2/481 443/2/487 442/2/494 431/2/477
f 422/2/482 433/2/489 479/2/496 482/2/483
f 429/2/484 440/2/491 439/2/495 428/2/479
f 439/2/495 450/2/497 449/2/498 438/2/492
f 436/2/486 447/2/499 446/2/500 435/2/493
f 443/2/487 454/2/501 453/2/502 442/2/494
f 433/2/489 444/2/503 481/2/504 479/2/496
f 440/2/491 451/2/505 450/2/497 439/2/495
f 437/2/485 448/2/506 447/2/499 436/2/486
f 399/2/349 454/2/501 443/2/487
f 434/2/488 445/2/507 444/2/503 433/2/489
f 441/2/490 452/2/508 451/2/505 440/2/491
f 438/2/492 449/2/498 448/2/506 437/2/485
f 435/2/493 446/2/500 445/2/507 434/2/488
f 442/2/494 453/2/502 452/2/508 441/2/490
f 449/2/498 460/2/509 459/2/510 448/2/506
f 446/2/500 457/2/511 456/2/512 445/2/507
f 453/2/502 464/2/513 463/2/514 452/2/508
f 450/2/497 461/2/515 460/2/509 449/2/498
f 447/2/499 458/2/516 457/2/511 446/2/500
f 454/2/501 465/2/517 464/2/513 453/2/502
f 444/2/503 455/2/518 481/2/504
f 451/2/505 462/2/519 461/2/515 450/2/497
f 448/2/506 459/2/510 458/2/516 447/2/499
f 399/2/349 465/2/517 454/2/501
f 445/2/507 456/2/512 455/2/518 444/2/503
f 452/2/508 463/2/514 462/2/519 451/2/505
f 462/2/519 473/2/520 472/2/521 461/2/515
f 459/2/510 470/2/522 469/2/523 458/2/516
f 399/2/349 476/2/524 465/2/517
f 456/2/512 467/2/525 455/2/518
f 463/2/514 474/2/526 473/2/520 462/2/519
f 460/2/509 471/2/527 470/2/522 459/2/510
f 457/2/511 468/2/528 467/2/525 456/2/512
f 464/2/513 475/2/529 474/2/526 463/2/514
f 461/2/515 472/2/521 471/2/527 460/2/509
f 458/2/516 469/2/523 468/2/528 457/2/511
f 465/2/517 476/2/524 475/2/529 464/2/513
f 472/2/521 305/2/365 304/2/359 471/2/527
f 469/2/523 302/2/348 301/2/361 468/2/528
f 476/2/524 309/2/351 308/2/363 475/2/529
f 466/3/530 477/3/367 321/3/368
f 473/2/520 306/2/358 305/2/365 472/2/521
f 470/2/522 303/2/345 302/2/348 469/2/523
f 399/2/349 309/2/351 476/2/524
f 467/3/525 478/3/352 477/3/367 466/3/530
f 474/2/526 307/2/355 306/2/358 473/2/520
f 471/2/527 304/2/359 303/2/345 470/2/522
f 468/2/528 301/2/361 478/2/352 467/2/525
f 475/2/529 308/2/363 307/2/355 474/2/526
f 479/3/496 321/3/368 482/3/483
f 400/3/454 388/3/447 389/3/440
f 482/3/483 321/3/368 480/3/465
f 455/3/518 466/3/530 321/3/368
f 481/3/504 321/3/368 479/3/496
f 467/3/525 466/3/530 455/3/518
f 480/2/465 400/2/454 411/2/470
f 455/3/518 321/3/368 481/3/504
f 484/2/376 310/2/354 322/2/380
f 310/3/354 477/3/367 478/3/352
f 485/3/396 321/3/368 483/3/392
f 378/3/436 377/3/432 366/3/419
f 366/3/419 321/3/368 486/3/414
f 483/3/392 321/3/368 484/3/376
f 486/3/414 321/3/368 485/3/396
f 487/1/531 488/1/532 490/1/533 489/1/534
f 489/1/534 490/1/533 492/1/535 491/1/536
f 491/1/536 492/1/535 494/1/537 493/1/538
f 493/1/538 494/1/537 496/1/539 495/1/540
f 495/1/540 496/1/539 498/1/541 497/1/542
f 497/1/542 498/1/541 500/1/543 499/1/544
f 499/1/544 500/1/543 502/1/545 501/1/546
f 501/1/546 502/1/545 504/1/547 503/1/548
f 503/1/548 504/1/547 506/1/549 505/1/550
f 505/1/550 506/1/549 508/1/551 507/1/552
f 507/1/552 508/1/551 510/1/553 509/1/554
f 509/1/554 510/1/553 512/1/555 511/1/556
f 511/1/556 512/1/555 514/1/557 513/1/558
f 513/1/558 514/1/557 516/1/559 515/1/560
f 520/1/561 523/1/562 524/1/562 521/1/561
f 515/1/560 516/1/559 518/1/563 517/1/564
f 517/1/564 518/1/563 488/1/532 487/1/531
f 519/1/565 520/1/561 521/1/561 522/1/565
f 523/1/562 525/1/566 526/1/566 524/1/562
f 525/1/566 527/1/567 528/1/567 526/1/566
f 527/1/567 529/1/568 530/1/568 528/1/567
f 529/1/568 531/1/569 532/1/569 530/1/568
f 531/1/569 533/1/570 534/1/570 532/1/569
f 533/1/570 535/1/571 536/1/571 534/1/570
f 535/1/571 537/1/572 538/1/572 536/1/571
f 537/1/572 539/1/573 540/1/573 538/1/572
f 539/1/573 541/1/574 542/1/574 540/1/573
f 541/1/574 543/1/575 544/1/575 542/1/574
f 543/1/575 545/1/576 546/1/576 544/1/575
f 545/1/576 547/1/577 548/1/577 546/1/576
f 547/1/577 549/1/578 550/1/578 548/1/577
f 549/1/578 519/1/565 522/1/565 550/1/578
f 492/1/535 524/1/579 526/1/580 494/1/537
f 510/1/553 542/1/581 544/1/582 512/1/555
f 503/1/583 535/1/583 533/1/584 501/1/584
f 502/1/545 534/1/585 536/1/586 504/1/547
f 495/1/587 527/1/587 525/1/588 493/1/588
f 513/1/589 545/1/589 543/1/590 511/1/590
f 494/1/537 526/1/580 528/1/591 496/1/539
f 512/1/555 544/1/582 546/1/592 514/1/557
f 505/1/593 537/1/593 535/1/583 503/1/583
f 504/1/547 536/1/586 538/1/594 506/1/549
f 497/1/595 529/1/595 527/1/587 495/1/587
f 515/1/596 547/1/596 545/1/589 513/1/589
f 489/1/597 520/1/597 519/1/598 487/1/598
f 496/1/539 528/1/591 530/1/599 498/1/541
f 514/1/557 546/1/592 548/1/600 516/1/559
f 488/1/532 522/1/601 521/1/602 490/1/533
f 507/1/603 539/1/604 537/1/593 505/1/593
f 506/1/549 538/1/594 540/1/605 508/1/551
f 499/1/606 531/1/607 529/1/595 497/1/595
f 517/1/608 549/1/608 547/1/596 515/1/596
f 498/1/541 530/1/599 532/1/609 500/1/543
f 516/1/559 548/1/600 550/1/610 518/1/563
f 491/1/611 523/1/611 520/1/597 489/1/597
f 509/1/612 541/1/612 539/1/604 507/1/603
f 490/1/533 521/1/602 524/1/579 492/1/535
f 508/1/551 540/1/605 542/1/581 510/1/553
f 501/1/584 533/1/584 531/1/607 499/1/606
f 487/1/598 519/1/598 549/1/608 517/1/608
f 500/1/543 532/1/609 534/1/585 502/1/545
f 518/1/563 550/1/610 522/1/601 488/1/532
f 493/1/588 525/1/588 523/1/611 491/1/611
f 511/1/590 543/1/590 541/1/612 509/1/612
o Demon_Flying.002
v 2.130849 -0.541911 -0.453810
v 0.804101 0.430074 -0.510357
v 1.304246 0.445012 -0.378789
v 1.024949 0.009748 -0.818809
v 1.339530 -0.019924 -0.835238
v 1.934173 -0.359261 -0.571706
v 0.786380 0.177858 -0.592967
v 1.251571 0.348581 -0.493212
v 0.779594 0.241642 -0.593412
v 0.781010 0.161768 -0.639027
v 2.183765 -0.622491 -0.511815
v 1.594561 -0.114436 -0.712731
v 1.930177 -0.264731 -0.480208
v 1.414831 -0.235573 -0.929987
v 1.610569 0.349167 -0.488313
v 1.088956 -0.291393 -1.111222
v 1.567319 0.302344 -0.495421
v 1.465758 -0.172907 -0.805265
v 0.825747 0.415811 -0.448542
v 2.166575 -0.524467 -0.468413
v 1.336411 0.508114 -0.402095
v 1.611138 0.327131 -0.334912
v 1.926396 0.052586 -0.336828
v 1.146551 0.496271 -0.516325
v 1.936187 0.069426 -0.404002
v 1.871694 0.016673 -0.314522
v 0.827389 0.357512 -0.416261
v 2.106767 -0.282066 -0.448668
v 1.658566 0.388993 -0.427055
v 1.656922 0.376505 -0.354673
v 1.561771 0.282152 -0.389157
v 1.268118 0.374376 -0.431660
v 2.074909 -0.273419 -0.478116
v 0.809889 0.310964 -0.441136
v 1.827675 -0.002890 -0.350905
v 1.897365 0.053784 -0.447307
v 1.120866 0.444995 -0.561932
v 2.146823 -0.589558 -0.520965
v 0.783969 0.388241 -0.541949
v 2.087251 -0.522527 -0.458340
v 2.072448 -0.490501 -0.478900
v 0.780565 0.340025 -0.529563
v 2.118237 -0.558455 -0.524846
v 1.171043 -0.310809 -1.096932
v 1.205134 -0.171973 -0.943354
v 1.855174 0.027572 -0.442068
v 1.823438 0.002236 -0.398517
v 0.792713 0.307312 -0.485429
v 2.038309 -0.279806 -0.466771
v 1.184251 0.009292 -0.856054
v 1.104975 0.388662 -0.558394
v 1.110771 -0.346850 -1.146045
v 1.391134 0.267616 -0.519835
v 1.269376 -0.027843 -0.893827
v 1.432959 0.486585 -0.466727
v 1.354540 0.611171 -0.272583
v 1.388602 0.425447 -0.531114
v 1.403877 0.417659 -0.372913
v 1.360839 0.349606 -0.429328
v 1.546666 0.272212 -0.450898
v 1.849774 -0.425667 -0.652780
v 1.112100 -0.218074 -0.955775
v 1.239926 -0.000786 -0.905289
v 1.097425 -0.375270 -1.107898
v 1.123443 -0.317513 -1.184478
v 1.089611 -0.193467 -0.969455
v 1.274283 0.383830 -0.542084
v 1.067350 0.128434 -0.759130
v 1.298347 0.450945 -0.534732
v 1.110135 0.364902 -0.458278
v 1.329617 0.515657 -0.473416
v 1.155373 0.483221 -0.448382
v 1.028293 -0.064167 -0.927635
v 1.094791 0.350193 -0.509386
v 1.090010 -0.151562 -0.960584
v 1.136746 0.422260 -0.420650
v 1.237231 0.316267 -0.536543
v 1.254662 0.301593 -0.520455
v 1.321498 0.278229 -0.502722
v 1.267758 0.091721 -0.672399
v 1.529072 0.249857 -0.498174
v 1.807186 -0.005607 -0.436070
v 0.786106 0.305347 -0.508599
v 1.083733 0.327914 -0.542940
v 1.154009 0.140762 -0.675105
v 1.167403 0.117532 -0.669051
v 1.215957 0.093871 -0.652257
v 1.374951 0.119125 -0.655868
v 2.005133 -0.304914 -0.423202
v 2.007536 -0.324410 -0.389636
v 2.098351 -0.302283 -0.392317
v 1.660689 -0.060285 -0.563607
v 0.785757 0.255810 -0.538595
v 1.043020 0.205562 -0.634335
v 2.047497 -0.326924 -0.370829
v 1.377484 0.718534 -0.148108
v 1.410941 0.613230 -0.292849
v 1.402775 0.583328 -0.249712
v 1.461398 0.584929 -0.269865
v 0.500094 0.308436 -0.391521
v 0.496188 0.288675 -0.399451
v 0.484395 0.296716 -0.437690
v 0.518947 0.429613 -0.396793
v 0.497976 0.387864 -0.429886
v 0.544597 0.355584 -0.301688
v 0.525634 0.308037 -0.327333
v 0.493977 0.339664 -0.419315
v 0.541888 0.414365 -0.335026
v 0.480443 0.256461 -0.441440
v 0.506517 0.303470 -0.372817
v 0.489372 0.254187 -0.413293
v 1.866560 -0.382682 -0.590665
v 2.172156 -0.510648 -0.508058
v 2.142495 -0.480716 -0.530891
v 2.105623 -0.465393 -0.522469
v 1.143073 -0.221230 -0.975353
v 1.198786 0.000719 -0.888746
v 1.706704 0.207363 -0.457054
v 0.788366 0.310743 -0.499961
v 2.049096 -0.526993 -0.559391
v 2.055238 -0.444331 -0.530164
v 0.614477 0.220666 -0.530380
v 0.784876 0.157284 -0.616519
v 1.876279 -0.404975 -0.639610
v 0.622460 0.223428 -0.498056
v 0.782304 0.326660 -0.521740
v 0.778206 0.190753 -0.638962
v 0.934666 0.114054 -0.702878
v 0.941168 0.201491 -0.676102
v 0.934634 0.079541 -0.776589
v 1.989371 -0.291414 -0.446730
v 1.838730 0.015312 -0.439524
v 1.848565 -0.419012 -0.630152
v 1.461356 -0.193388 -0.888234
v 1.770777 -0.239379 -0.636235
v 1.662552 -0.271131 -0.694535
v 1.612524 -0.297829 -0.789285
v 0.624080 0.329194 -0.487481
v 1.822435 0.003234 -0.416903
v 1.421611 -0.226097 -0.888546
v 0.673929 0.344413 -0.370193
v 1.254847 -0.263560 -1.030402
v 1.439919 -0.027585 -0.784510
v 1.301348 -0.143903 -0.889182
v 1.787177 0.259547 -0.332215
v 2.038397 -0.164253 -0.358422
v 0.991151 0.448757 -0.467713
v 1.939357 0.065580 -0.368257
v 2.076013 -0.315728 -0.374305
v 1.902283 0.035248 -0.316821
v 2.185670 -0.597166 -0.495769
v 2.174677 -0.515936 -0.487133
v 0.829928 0.389645 -0.425322
v 0.816558 0.431252 -0.479339
v 0.671067 0.403289 -0.403415
v 2.189241 -0.588189 -0.521879
v 2.098496 -0.547744 -0.502467
v 0.944070 0.368555 -0.555304
v 1.942783 -0.186433 -0.402398
v 1.736938 0.216120 -0.311727
v 1.975958 -0.161325 -0.445967
v 0.985644 0.387055 -0.435366
v 1.794869 0.271909 -0.401988
v 0.648280 0.418442 -0.465297
v 0.655423 0.297199 -0.395701
v 2.158237 -0.552891 -0.539856
v 2.162157 -0.608688 -0.486310
v 0.974575 0.462910 -0.531570
v 1.982494 -0.193178 -0.335164
v 1.689264 0.183037 -0.357926
v 2.048203 -0.143446 -0.421459
v 0.966712 0.337127 -0.462475
v 2.160824 -0.501332 -0.524780
v 0.820136 0.328338 -0.421503
v 1.843762 0.002180 -0.326890
v 1.920875 0.065130 -0.433770
v 2.168327 -0.615078 -0.519298
v 0.792107 0.415070 -0.533954
v 2.021704 -0.331331 -0.377427
v 1.751362 0.243131 -0.455164
v 0.627764 0.377026 -0.498254
v 2.119435 -0.582258 -0.488898
v 0.950205 0.417397 -0.565402
v 1.942351 -0.199770 -0.361982
v 2.014072 -0.145488 -0.456172
v 0.636621 0.293001 -0.440984
v 2.123377 -0.528913 -0.535144
v 1.678809 0.180467 -0.413175
v 0.951917 0.332260 -0.508457
v 2.002758 -0.313243 -0.405534
v 0.780112 0.359675 -0.538854
v 2.127409 -0.564496 -0.521314
v 1.873000 0.039724 -0.448673
v 1.821511 -0.001842 -0.377699
v 0.799686 0.304375 -0.465665
v 2.122364 -0.463753 -0.529188
v 1.117855 -0.330914 -1.166686
v 1.135531 -0.344792 -1.135994
v 1.103498 -0.362612 -1.125447
v 1.095480 -0.325850 -1.135186
v 1.265163 -0.015083 -0.903522
v 1.091953 -0.177721 -0.975554
v 1.427392 0.270649 -0.525156
v 1.283850 -0.031816 -0.872389
v 1.414006 0.464976 -0.503887
v 1.366345 0.507606 -0.470262
v 1.435519 0.524788 -0.402353
v 1.531397 0.451503 -0.456741
v 1.353144 0.532902 -0.367741
v 1.416388 0.478167 -0.337676
v 1.537771 0.469836 -0.353890
v 1.340982 0.316289 -0.471001
v 1.261508 0.334296 -0.500419
v 1.443241 0.290065 -0.490203
v 1.364609 0.379655 -0.554405
v 1.331327 0.442581 -0.533376
v 1.481081 0.399676 -0.521372
v 1.339334 0.437772 -0.376014
v 1.380971 0.381687 -0.391614
v 1.495838 0.385118 -0.363555
v 1.300538 0.366526 -0.430716
v 1.449225 0.324789 -0.419916
v 1.286842 0.370435 -0.549221
v 1.451186 0.327673 -0.536749
v 1.544750 0.269201 -0.471467
v 1.547956 0.271948 -0.426561
v 1.174951 -0.283655 -1.047587
v 1.090654 0.347661 -0.526317
v 1.086191 -0.265345 -1.062823
v 1.100393 0.351518 -0.488448
v 1.101181 0.370145 -0.552812
v 1.283078 0.408586 -0.546384
v 1.044043 -0.008622 -0.896043
v 1.555789 0.284563 -0.493852
v 1.215057 -0.228473 -1.043305
v 1.582652 0.321426 -0.499537
v 1.284848 0.407599 -0.396086
v 1.148964 0.456070 -0.425945
v 1.637423 0.354391 -0.334825
v 1.665464 0.389295 -0.387630
v 1.155033 0.498838 -0.481151
v 1.583974 0.301164 -0.353601
v 1.133937 0.477811 -0.546022
v 1.639315 0.375420 -0.463603
v 1.155921 -0.232637 -1.122818
v 1.098490 -0.341406 -1.061923
v 1.171246 -0.253234 -1.114078
v 1.093095 -0.204985 -0.957681
v 1.118621 -0.343501 -1.076732
v 1.085536 -0.321945 -1.071845
v 1.132567 -0.229626 -1.108609
v 1.372633 0.266929 -0.506756
v 1.247705 0.344002 -0.512974
v 1.025956 -0.054741 -0.889375
v 1.255948 0.351838 -0.469075
v 1.267590 0.363510 -0.539302
v 1.110476 0.411191 -0.565750
v 1.118066 -0.207798 -1.058135
v 1.122884 0.389327 -0.431678
v 1.323443 0.480957 -0.380836
v 1.338179 0.521186 -0.435165
v 1.315549 0.492256 -0.509321
v 1.221754 0.389319 -0.546642
v 1.151381 0.050657 -0.823014
v 1.243743 0.453499 -0.543115
v 1.219110 0.375257 -0.439572
v 1.273469 0.513946 -0.486883
v 1.279050 0.504162 -0.416266
v 1.073970 -0.212029 -1.051108
v 1.203400 0.353021 -0.497727
v 1.073869 -0.095649 -0.912571
v 1.252491 0.442142 -0.391889
v 0.630084 0.296372 -0.460898
v 0.944970 0.322586 -0.536870
v 1.914127 -0.173432 -0.441949
v 1.661425 0.163138 -0.457612
v 1.250222 0.309134 -0.533557
v 1.295600 0.104614 -0.677766
v 1.271348 0.292167 -0.507120
v 1.254005 0.087021 -0.658245
v 1.190778 0.323921 -0.537825
v 1.206022 0.245346 -0.579498
v 1.221494 0.226704 -0.566272
v 1.282837 0.206845 -0.550644
v 1.346052 0.204625 -0.571494
v 1.477717 0.207874 -0.554463
v 1.758250 -0.029433 -0.476094
v 0.785400 0.288043 -0.518932
v 1.070298 0.283473 -0.574077
v 2.024756 -0.288325 -0.461903
v 0.627094 0.269528 -0.474589
v 0.939806 0.239536 -0.592945
v 1.822350 -0.196982 -0.520284
v 1.496708 0.076874 -0.612459
v 2.110080 -0.289944 -0.419044
v 2.093386 -0.277079 -0.471566
v 2.055247 -0.273516 -0.474467
v 1.164766 0.128281 -0.679617
v 1.178849 0.106763 -0.655848
v 1.118116 0.162254 -0.658189
v 1.197969 0.000114 -0.778469
v 1.108625 0.053544 -0.772873
v 1.117328 0.024748 -0.772987
v 1.155451 0.001740 -0.758008
v 2.063181 -0.348377 -0.487350
v 1.284557 0.034036 -0.754991
v 2.030005 -0.373486 -0.443782
v 2.036990 -0.397611 -0.415021
v 2.099881 -0.350012 -0.497615
v 2.130927 -0.366523 -0.470612
v 2.123559 -0.384376 -0.420433
v 1.574224 -0.081417 -0.653325
v 1.906672 -0.308312 -0.521020
v 0.786200 0.226624 -0.558423
v 1.025698 0.140116 -0.696658
v 2.078294 -0.406358 -0.401490
v 1.385834 0.696174 -0.190700
v 1.356522 0.690819 -0.178857
v 1.384298 0.680744 -0.167119
v 1.413221 0.686108 -0.178940
v 1.364370 0.596714 -0.256055
v 1.370803 0.619184 -0.288464
v 1.451040 0.599508 -0.286421
v 1.444576 0.577125 -0.254066
v 0.363530 0.277580 -0.360232
v 0.372459 0.275306 -0.332085
v 0.377064 0.360783 -0.338107
v 0.427684 0.376703 -0.220480
v 0.424975 0.435484 -0.253817
v 0.402035 0.450733 -0.315584
v 0.408722 0.329156 -0.246125
v 0.381063 0.408984 -0.348678
v 0.389604 0.324589 -0.291609
v 0.383181 0.329555 -0.310313
v 0.379276 0.309795 -0.318243
v 0.502023 0.308832 -0.386188
v 0.498793 0.301857 -0.394161
v 0.493670 0.275932 -0.404566
v 0.478445 0.275142 -0.451574
v 0.495496 0.327644 -0.410385
v 0.506399 0.414779 -0.420506
v 0.531988 0.430198 -0.365911
v 0.493796 0.359337 -0.428350
v 0.546730 0.387648 -0.311247
v 0.537046 0.326328 -0.306874
v 0.514185 0.300491 -0.352752
v 0.485661 0.247274 -0.423332
v 0.616652 0.272388 -0.517225
v 1.192649 -0.004025 -0.873368
v 1.211698 0.007222 -0.900096
v 2.024217 -0.460870 -0.516364
v 2.150935 -0.533905 -0.455953
v 2.108795 -0.540711 -0.456451
v 2.072907 -0.501184 -0.464237
v 1.160823 -0.203595 -0.975633
v 1.133283 -0.225906 -0.962140
v 0.367482 0.317835 -0.356482
v 0.491665 0.265788 -0.408637
v 0.492091 0.314566 -0.417612
v 1.887959 -0.343005 -0.553509
v 2.150159 -0.433756 -0.488080
v 2.119760 -0.410985 -0.513138
v 2.082979 -0.402964 -0.503733
v 1.164546 -0.094377 -0.868248
v 1.093237 -0.035426 -0.857389
v 1.084251 0.271865 -0.613632
v 1.097410 -0.069201 -0.862105
v 1.248861 0.221152 -0.652591
v 1.304451 0.223912 -0.667156
v 1.127921 -0.092138 -0.848137
v 1.351483 0.196452 -0.656126
v 1.228636 0.217804 -0.632883
v 1.238339 -0.053362 -0.840775
v 2.049803 -0.428072 -0.460164
v 2.060436 -0.455883 -0.435229
v 2.143625 -0.449727 -0.442815
v 1.517808 -0.117011 -0.724177
v 1.749018 -0.039801 -0.526613
v 0.781775 0.295057 -0.544163
v 0.786244 0.204249 -0.574791
v 1.991235 -0.314112 -0.497829
v 1.480412 0.176385 -0.607430
v 1.022992 0.082079 -0.751775
v 2.102810 -0.469592 -0.425897
v 0.632105 0.297934 -0.454682
v 0.625654 0.316838 -0.478828
v 2.037996 -0.514157 -0.542225
v 2.055512 -0.502634 -0.558494
v 0.612035 0.242215 -0.538163
v 0.619459 0.212739 -0.511227
v 0.947866 0.333601 -0.524348
v 0.944724 0.353150 -0.548527
v 0.934527 0.079717 -0.747255
v 0.937013 0.119038 -0.762852
v 1.938625 -0.179605 -0.421469
v 1.960279 -0.169690 -0.442738
v 1.618056 -0.296990 -0.755913
v 1.656736 -0.277884 -0.760269
v 1.677537 0.178733 -0.433249
v 1.263029 -0.241696 -0.984093
v 1.691845 0.192584 -0.455786
v 1.303997 -0.192982 -0.981737
v 1.798533 0.271887 -0.364421
v 2.013751 -0.179561 -0.338595
v 2.051518 -0.150976 -0.388195
v 1.765114 0.239911 -0.312547
v 2.168207 -0.585574 -0.479788
v 2.186207 -0.571951 -0.503426
v 0.986041 0.464990 -0.499534
v 0.991226 0.420815 -0.443882
v 0.675947 0.376548 -0.379665
v 0.661205 0.419098 -0.434329
v 1.778438 0.261566 -0.435371
v 0.635922 0.403643 -0.489034
v 0.666569 0.315193 -0.375403
v 2.177327 -0.578410 -0.534951
v 2.142568 -0.604717 -0.489303
v 0.960615 0.445646 -0.555938
v 1.955177 -0.201213 -0.344253
v 1.709392 0.194843 -0.327545
v 2.033903 -0.141629 -0.447642
v 0.976220 0.355205 -0.441159
v 1.724054 0.222760 -0.462051
v 0.623814 0.348805 -0.496542
v 2.101748 -0.557777 -0.491239
v 0.945150 0.388856 -0.564192
v 1.939668 -0.193345 -0.383112
v 1.993244 -0.152796 -0.453473
v 0.644203 0.289959 -0.420944
v 2.138183 -0.530202 -0.539089
v 1.678400 0.178653 -0.390469
v 0.957841 0.329789 -0.488223
v 1.466840 0.282915 -0.498562
v 1.254875 0.331442 -0.515267
v 1.277401 0.356041 -0.547338
v 1.472332 0.308182 -0.528309
v 1.115356 -0.262105 -1.113265
v 1.163853 -0.287323 -1.116225
v 1.131016 -0.340079 -1.098195
v 1.087337 -0.316790 -1.096275
v 1.355976 0.495511 -0.355098
v 1.506607 0.442848 -0.344423
v 1.371724 0.535095 -0.409562
v 1.525643 0.481093 -0.398445
v 1.511259 0.433114 -0.493982
v 1.350392 0.484082 -0.506770
v 1.318263 0.400008 -0.393880
v 1.471103 0.352422 -0.382386
v 1.422991 0.297744 -0.469106
v 1.278540 0.334275 -0.475855
v 1.440380 0.356234 -0.544977
v 1.307487 0.391727 -0.553381
v 1.160546 -0.167159 -1.060807
v 1.193139 -0.184380 -1.064201
v 1.116645 -0.314347 -1.040446
v 1.089970 -0.298325 -1.037051
v 1.199835 0.349177 -0.516591
v 1.070259 -0.190490 -1.006210
v 1.207746 0.355501 -0.474568
v 1.216127 0.369355 -0.542801
v 1.229722 0.413679 -0.552121
v 1.098794 -0.137150 -1.005264
v 1.234526 0.405728 -0.406921
v 1.268930 0.477124 -0.394764
v 1.280969 0.518249 -0.449389
v 1.259764 0.492055 -0.520746
v 0.628949 0.287255 -0.465558
v 0.942837 0.292327 -0.555696
v 1.842541 -0.140233 -0.475193
v 1.608356 0.127200 -0.508103
v 1.217942 0.235836 -0.578736
v 1.380625 0.214166 -0.578467
v 1.236130 0.216574 -0.552847
v 1.329245 0.200338 -0.556935
v 1.163986 0.260099 -0.575850
v 2.047749 -0.337865 -0.478113
v 0.625382 0.252495 -0.483260
v 0.934396 0.192362 -0.630641
v 2.002246 -0.354025 -0.472459
v 1.756843 -0.224414 -0.582120
v 1.399356 0.028186 -0.713809
v 2.103695 -0.396341 -0.404473
v 2.133948 -0.373444 -0.444202
v 2.118303 -0.359937 -0.491227
v 2.053882 -0.408694 -0.406625
v 2.028677 -0.382684 -0.427224
v 2.080046 -0.343806 -0.494686
v 1.116411 0.036771 -0.781645
v 1.125678 0.014022 -0.760508
v 1.082618 0.084818 -0.745210
v 1.220545 0.013462 -0.781188
v 1.186293 -0.005050 -0.764422
v 1.367813 0.675755 -0.213174
v 1.416357 0.667875 -0.212605
v 1.365118 0.662231 -0.193079
v 1.413872 0.654396 -0.192553
v 0.385110 0.329952 -0.304980
v 0.378583 0.348764 -0.329176
v 0.361532 0.296262 -0.370366
v 0.368748 0.268394 -0.342124
v 0.429818 0.408768 -0.230039
v 0.415075 0.451318 -0.284703
v 0.389487 0.435899 -0.339298
v 0.420133 0.347448 -0.225666
v 0.376883 0.380456 -0.347142
v 0.397272 0.321610 -0.271544
v 0.381881 0.322977 -0.312953
v 0.376757 0.297052 -0.323358
v 2.052432 -0.385959 -0.497560
v 0.622968 0.299128 -0.489854
v 0.624018 0.238936 -0.490162
v 0.932892 0.153113 -0.662057
v 0.943833 0.295270 -0.587733
v 1.892421 -0.195899 -0.506770
v 1.708470 -0.248085 -0.632607
v 1.599744 0.101146 -0.559236
v 1.347877 -0.043432 -0.794666
v 2.152948 -0.439915 -0.464229
v 2.138138 -0.425897 -0.506879
v 2.099786 -0.399760 -0.510781
v 1.341895 0.210769 -0.665250
v 1.098121 -0.055939 -0.869338
v 1.378970 0.189348 -0.639888
v 1.241738 0.212681 -0.641248
v 1.264825 0.229477 -0.662649
v 1.103334 -0.079678 -0.850245
v 1.184493 0.237160 -0.624551
v 1.072184 0.006190 -0.820401
v 2.012495 -0.403867 -0.492940
v 2.125733 -0.460513 -0.428488
v 2.079499 -0.470279 -0.429868
v 2.049310 -0.437963 -0.444490
v 1.184883 -0.078831 -0.870011
v 1.153922 -0.099202 -0.854640
v 0.375178 0.335685 -0.336404
v 0.374752 0.286907 -0.327429
v 1.091389 -1.025804 0.005051
v 0.944386 -0.794238 1.117889
v 1.173145 -0.608329 0.150010
v 0.561816 -0.254691 0.030354
v 0.654908 -0.166471 0.022016
v 0.908877 -0.826367 1.064965
v 1.273320 -1.117810 0.563010
v 0.953557 -0.697220 0.727611
v 1.113545 -1.155034 0.581550
v 1.146318 -0.671368 0.734360
v 1.362617 -0.964640 0.638196
v 1.318151 -0.787617 0.709655
v 0.894524 -0.863843 0.677095
v 1.212648 -1.245196 0.979178
v 1.061252 -0.982875 1.158625
v 0.497619 -0.321728 -0.168989
v 0.553430 -0.267875 -0.252331
v 0.707747 -0.118804 -0.062339
v 0.894638 -1.068776 0.378807
v 0.830493 -0.890683 0.439072
v 1.324689 -0.740038 0.476614
v 1.362424 -0.908308 0.435855
v 1.155783 -0.642027 0.513052
v 1.054817 -1.143447 0.365896
v 1.250568 -1.076913 0.387965
v 0.815409 -0.529546 0.734323
v 0.805876 -0.708661 0.530813
v 0.903020 -0.606034 0.442604
v 0.901353 -0.668979 0.661672
v 0.787107 -0.478451 0.720692
v 0.845068 -0.457204 0.707010
v 0.755677 -0.535754 0.687927
v 0.785336 -0.463412 0.660614
v 1.255496 -1.228450 1.019924
v 1.139857 -1.082307 1.147198
v 1.044113 -1.075735 1.140074
v 1.156996 -0.989446 1.165747
v 1.089464 -1.049642 1.203873
v 1.020285 -0.741205 1.090302
v 1.002587 -0.836660 1.083510
v 0.926575 -0.730911 1.071757
v 0.971976 -1.052238 0.630924
v 1.235440 -1.170277 1.016984
v 1.278423 -1.252413 0.961515
v 1.301215 -1.177494 0.999321
v 0.826852 -0.506437 0.573919
v 0.773725 -0.596978 0.619415
v 0.910667 -0.493803 0.648616
v 0.857540 -0.584345 0.694112
v 0.966039 -0.693881 0.913107
v 1.077588 -0.824760 0.931504
v 1.094260 -0.703872 0.938622
v 0.949367 -0.814769 0.905989
v 1.250080 -0.885308 0.977107
v 1.047063 -1.040497 0.930935
v 1.201380 -1.039415 0.944098
v 1.095764 -0.886390 0.963944
v 1.332646 -1.074352 0.852161
v 1.286057 -1.181145 0.781340
v 1.239106 -1.074675 0.891113
v 1.192516 -1.181469 0.820292
v 0.998497 -0.566352 0.573462
v 1.347701 -0.825297 0.079715
v 0.640854 -0.181811 -0.264042
v 0.899084 -0.823560 0.083737
v 0.703729 -0.122727 -0.176047
v 1.256048 -0.960682 0.015706
v 1.314793 -0.689578 0.129176
v 0.985982 -0.655381 0.131587
v 0.953149 -0.972865 0.037797
v 0.908779 -0.783250 -0.065994
v 0.989880 -0.690113 0.028399
v 1.183677 -0.581964 -0.174985
v 1.093022 -0.648128 -0.268503
v 0.984843 -0.751280 -0.263223
v 0.916975 -0.807835 -0.181169
v 1.114643 -0.593948 0.020787
v 1.190651 -0.561256 -0.063922
v 0.495969 -0.319961 -0.058653
v 1.248841 -1.033244 0.251383
v 1.064253 -1.097783 0.230883
v 1.161535 -0.621699 0.357975
v 0.945143 -0.650289 0.324275
v 1.285516 -1.135582 0.653290
v 1.164709 -1.149471 0.697119
v 1.131573 -0.684355 0.831415
v 0.974374 -0.683555 0.807995
v 1.038907 -0.788415 1.092462
v 1.155340 -1.128931 0.371920
v 1.020285 -0.679346 0.924373
v 1.060512 -0.609321 0.539412
v 0.853332 -0.857294 0.287880
v 0.912358 -1.027998 0.245082
v 1.354628 -0.874831 0.299499
v 1.319821 -0.716528 0.337751
v 0.948393 -0.824415 0.789835
v 1.035332 -1.025846 0.779371
v 1.352417 -1.005984 0.739809
v 1.296983 -0.825836 0.838878
v 0.939679 -0.741136 0.906441
v 0.947265 -0.858468 1.071620
v 0.976117 -0.829152 1.111774
v 0.910247 -0.821511 1.098752
v 1.231244 -1.029261 0.855478
v 1.107712 -0.837315 0.883279
v 1.324823 -0.999376 0.410465
v 0.922752 -0.754098 1.103875
v 0.820771 -0.791349 0.485177
v 0.988622 -0.761739 1.116898
v 1.362627 -0.817323 0.459462
v 1.253958 -0.680318 0.492685
v 0.850097 -0.989035 0.400835
v 0.963187 -1.122662 0.368617
v 0.908057 -1.079831 0.494451
v 0.838357 -0.897712 0.562073
v 1.323936 -0.761927 0.589034
v 1.365276 -0.936641 0.539489
v 1.150414 -0.659172 0.633043
v 1.067442 -1.164309 0.471753
v 0.922809 -0.702989 0.677116
v 1.258620 -1.105647 0.483550
v 0.860949 -0.546852 0.516041
v 0.953846 -0.524165 0.611199
v 0.789098 -0.643558 0.575663
v 0.881994 -0.620870 0.670822
v 0.780076 -0.461176 0.693931
v 0.819001 -0.456441 0.720998
v 0.761845 -0.509475 0.708773
v 0.800770 -0.504740 0.735841
v 0.846745 -0.490069 0.733167
v 0.800985 -0.615161 0.667248
v 0.821043 -0.443977 0.676083
v 0.780700 -0.553002 0.578881
v 1.335577 -1.048993 0.590888
v 0.901386 -0.767475 0.706473
v 1.356217 -0.874324 0.684572
v 1.248243 -0.716104 0.723048
v 0.921783 -0.965655 0.648802
v 1.038198 -1.117422 0.612245
v 1.193444 -1.157641 0.558563
v 1.039160 -0.662158 0.737807
v 1.087700 -1.102236 1.138999
v 1.262369 -0.963574 0.963453
v 1.187037 -0.845839 0.979219
v 1.028746 -1.027663 1.147569
v 1.067542 -1.014142 1.194722
v 1.116931 -1.076616 1.187543
v 1.123455 -1.021515 1.198233
v 1.061017 -1.069244 1.184032
v 0.827861 -0.716090 0.617676
v 0.832046 -0.665654 0.454612
v 0.973577 -0.562149 0.485362
v 0.975262 -0.606131 0.650900
v 1.271519 -1.252326 0.992737
v 1.225361 -1.247484 1.005320
v 1.286349 -1.200865 1.019191
v 1.240191 -1.196021 1.031773
v 1.241592 -1.266193 0.961294
v 1.184224 -1.134423 0.863575
v 1.305724 -1.041546 0.891207
v 1.304509 -1.218099 0.975604
v 0.906422 -0.534052 0.690927
v 0.776555 -0.552489 0.717052
v 0.880676 -0.479348 0.599006
v 0.757147 -0.499381 0.663573
v 0.801417 -0.480164 0.620644
v 0.761878 -0.563013 0.658144
v 0.873045 -0.472429 0.681844
v 0.833506 -0.555278 0.719345
v 1.132010 -0.756123 0.944713
v 0.973811 -0.715285 1.081808
v 0.898342 -0.772975 1.064644
v 0.995278 -0.860678 0.913696
v 0.944716 -0.714299 1.011508
v 1.033257 -0.830588 1.025840
v 1.051467 -0.724596 1.032683
v 0.926507 -0.820291 1.004665
v 1.113986 -1.077000 0.929706
v 1.172363 -1.037519 1.158253
v 1.113409 -0.962945 1.166823
v 1.030893 -0.965197 0.943707
v 1.196925 -0.946392 1.095633
v 1.039284 -1.066895 1.059781
v 1.165566 -1.069107 1.070246
v 1.070643 -0.944179 1.085168
v 1.235840 -1.201736 0.784976
v 1.205846 -1.207273 1.002098
v 1.275779 -1.153815 1.018003
v 1.324535 -1.133937 0.805148
v 1.312510 -1.141077 0.947812
v 1.281505 -1.228691 0.899851
v 1.236619 -1.135176 0.971461
v 1.205614 -1.222790 0.923500
v 0.905016 -0.803804 -0.127033
v 0.936248 -0.796801 -0.083418
v 0.934936 -0.745448 -0.010500
v 0.770909 -0.639266 -0.039070
v 1.017612 -0.660664 -0.028281
v 1.056003 -0.633482 0.040256
v 0.847183 -0.563660 0.064031
v 1.199614 -0.566098 -0.115976
v 1.299528 -0.726194 -0.121097
v 1.145947 -0.607279 -0.230698
v 1.010502 -0.412087 -0.170503
v 1.187597 -0.767282 -0.236857
v 1.036564 -0.699848 -0.280942
v 0.936606 -0.481815 -0.267883
v 1.067827 -0.876756 -0.224866
v 0.944097 -0.792030 -0.226862
v 0.836403 -0.580220 -0.258867
v 0.973567 -0.903051 -0.142614
v 0.772820 -0.641312 -0.166876
v 1.175558 -0.604535 -0.015223
v 1.161225 -0.570291 -0.018260
v 0.955016 -0.461471 0.054373
v 1.287997 -0.647967 -0.049229
v 1.016221 -0.406257 -0.043340
v 0.490395 -0.327024 -0.117068
v 0.518417 -0.297023 -0.005570
v 0.915239 -0.907646 0.059010
v 0.917924 -0.734312 0.108796
v 0.612027 -0.206622 0.041942
v 1.079410 -0.607313 0.147260
v 1.255515 -0.641294 0.142703
v 0.687726 -0.136458 -0.016914
v 0.679191 -0.145197 -0.230563
v 0.596381 -0.225170 -0.272594
v 1.176677 -1.007074 0.000812
v 1.317641 -0.897228 0.043635
v 1.012358 -1.014197 0.019607
v 0.518383 -0.302527 -0.214161
v 0.713553 -0.114047 -0.115102
v 1.346979 -0.751730 0.108688
v 0.858377 -0.746034 0.335479
v 1.048450 -0.601488 0.378477
v 1.159552 -1.082893 0.234524
v 1.318294 -0.960270 0.275717
v 1.334988 -1.078151 0.682368
v 1.222568 -1.164086 0.656800
v 0.944002 -0.737040 0.798065
v 1.037551 -0.665486 0.819240
v 0.870595 -0.951954 0.262378
v 0.977070 -1.078771 0.235518
v 1.355530 -0.789471 0.321591
v 1.253242 -0.659453 0.349403
v 1.001687 -0.916520 0.805349
v 1.126860 -1.089477 0.776503
v 1.332636 -0.932178 0.823302
v 1.225767 -0.745226 0.856302
v 1.330716 -1.028667 0.507868
v 1.165393 -1.155042 0.470268
v 0.836124 -0.790855 0.619801
v 1.030250 -0.642897 0.663903
v 1.362837 -0.843188 0.569512
v 1.251990 -0.698655 0.607172
v 0.861096 -0.997460 0.518272
v 0.977439 -1.137792 0.481861
v 0.924057 -0.513149 0.547917
v 0.803103 -0.599060 0.522859
v 0.942449 -0.565029 0.665596
v 0.816279 -0.658207 0.637352
v 0.806996 -0.449701 0.697304
v 0.763128 -0.489168 0.688431
v 0.824276 -0.482199 0.733111
v 0.777610 -0.524785 0.722636
v 1.101101 -0.996938 1.190097
v 1.140520 -1.046801 1.184366
v 1.087684 -1.087189 1.172350
v 1.048266 -1.037327 1.178081
v 0.942074 -0.842140 1.095802
v 0.905059 -0.782535 1.090497
v 0.961055 -0.739792 1.103375
v 1.005259 -0.793903 1.110315
v 1.290486 -1.225200 0.996597
v 1.245258 -1.259773 0.986310
v 1.220223 -1.217688 1.015631
v 1.268569 -1.180732 1.026626
v 0.872686 -0.510098 0.716811
v 0.786303 -0.581679 0.697203
v 0.845612 -0.457405 0.640953
v 0.765245 -0.521701 0.625009
v 1.075574 -0.775222 1.036139
v 0.996120 -0.697893 1.022223
v 0.915448 -0.759777 1.004377
v 0.968806 -0.856881 1.011957
v 1.095071 -1.098309 1.058777
v 1.212331 -1.008674 1.085446
v 1.142108 -0.914236 1.096858
v 1.022908 -1.005354 1.069748
v 1.239952 -1.244476 0.900628
v 1.197999 -1.180675 0.952451
v 1.286460 -1.113055 0.972569
v 1.311835 -1.189528 0.916977
v 0.956538 -0.727015 -0.053655
v 0.796912 -0.612695 0.022419
v 1.097827 -0.614339 -0.013378
v 0.905345 -0.507979 0.077454
v 1.125145 -0.820312 -0.250170
v 0.885356 -0.531719 -0.278926
v 1.248224 -0.732347 -0.190263
v 0.981280 -0.439081 -0.230240
v 1.017472 -0.918241 -0.173641
v 0.796606 -0.619393 -0.218064
v 0.764453 -0.647447 -0.106735
v 0.945656 -0.859227 -0.114076
v 1.241904 -0.619484 -0.029046
v 0.993030 -0.426706 0.009279
v 1.022681 -0.401068 -0.103320
v 1.309667 -0.686965 -0.077787
v -2.130868 -0.541911 -0.453811
v -0.804121 0.430074 -0.510357
v -1.304266 0.445012 -0.378789
v -1.024968 0.009747 -0.818809
v -1.339550 -0.019924 -0.835238
v -1.934193 -0.359261 -0.571706
v -0.786400 0.177858 -0.592967
v -1.251591 0.348581 -0.493212
v -0.779614 0.241642 -0.593413
v -0.781030 0.161768 -0.639027
v -2.183784 -0.622492 -0.511815
v -1.594580 -0.114436 -0.712731
v -1.930196 -0.264731 -0.480208
v -1.414851 -0.235574 -0.929987
v -1.610588 0.349167 -0.488314
v -1.088975 -0.291393 -1.111222
v -1.567338 0.302344 -0.495422
v -1.465778 -0.172907 -0.805265
v -0.825766 0.415812 -0.448543
v -2.166594 -0.524467 -0.468413
v -1.336431 0.508114 -0.402095
v -1.611158 0.327131 -0.334912
v -1.926416 0.052585 -0.336828
v -1.146571 0.496271 -0.516325
v -1.936206 0.069426 -0.404002
v -1.871714 0.016673 -0.314522
v -0.827409 0.357512 -0.416261
v -2.106786 -0.282066 -0.448669
v -1.658585 0.388993 -0.427055
v -1.656942 0.376505 -0.354673
v -1.561790 0.282152 -0.389157
v -1.268138 0.374376 -0.431660
v -2.074928 -0.273419 -0.478116
v -0.809909 0.310964 -0.441136
v -1.827694 -0.002890 -0.350905
v -1.897384 0.053784 -0.447308
v -1.120885 0.444995 -0.561932
v -2.146842 -0.589558 -0.520965
v -0.783988 0.388241 -0.541949
v -2.087271 -0.522528 -0.458340
v -2.072467 -0.490502 -0.478900
v -0.780584 0.340025 -0.529564
v -2.118256 -0.558456 -0.524847
v -1.171063 -0.310809 -1.096932
v -1.205154 -0.171973 -0.943354
v -1.855193 0.027572 -0.442069
v -1.823457 0.002236 -0.398517
v -0.792732 0.307312 -0.485429
v -2.038328 -0.279806 -0.466772
v -1.184271 0.009292 -0.856054
v -1.104995 0.388662 -0.558395
v -1.110790 -0.346850 -1.146045
v -1.391154 0.267616 -0.519835
v -1.269395 -0.027843 -0.893828
v -1.432978 0.486585 -0.466727
v -1.354559 0.611170 -0.272583
v -1.388622 0.425447 -0.531114
v -1.403896 0.417659 -0.372913
v -1.360859 0.349606 -0.429328
v -1.546686 0.272212 -0.450899
v -1.849793 -0.425667 -0.652781
v -1.112119 -0.218074 -0.955775
v -1.239945 -0.000787 -0.905289
v -1.097444 -0.375270 -1.107898
v -1.123462 -0.317514 -1.184478
v -1.089630 -0.193467 -0.969455
v -1.274302 0.383830 -0.542085
v -1.067370 0.128434 -0.759130
v -1.298367 0.450945 -0.534732
v -1.110155 0.364902 -0.458278
v -1.329637 0.515657 -0.473416
v -1.155393 0.483221 -0.448382
v -1.028312 -0.064167 -0.927636
v -1.094810 0.350193 -0.509386
v -1.090029 -0.151563 -0.960585
v -1.136765 0.422259 -0.420650
v -1.237251 0.316267 -0.536543
v -1.254681 0.301593 -0.520455
v -1.321517 0.278228 -0.502722
v -1.267777 0.091721 -0.672399
v -1.529092 0.249857 -0.498174
v -1.807205 -0.005607 -0.436071
v -0.786125 0.305347 -0.508599
v -1.083752 0.327913 -0.542940
v -1.154029 0.140762 -0.675105
v -1.167422 0.117532 -0.669051
v -1.215976 0.093871 -0.652257
v -1.374970 0.119125 -0.655868
v -2.005153 -0.304915 -0.423203
v -2.007555 -0.324410 -0.389636
v -2.098370 -0.302283 -0.392317
v -1.660708 -0.060286 -0.563607
v -0.785777 0.255811 -0.538595
v -1.043039 0.205561 -0.634335
v -2.047516 -0.326924 -0.370830
v -1.377504 0.718534 -0.148108
v -1.410961 0.613229 -0.292849
v -1.402794 0.583328 -0.249712
v -1.461417 0.584929 -0.269865
v -0.500113 0.308436 -0.391521
v -0.496208 0.288676 -0.399452
v -0.484415 0.296716 -0.437691
v -0.518967 0.429614 -0.396793
v -0.497996 0.387864 -0.429886
v -0.544617 0.355584 -0.301688
v -0.525654 0.308037 -0.327333
v -0.493997 0.339664 -0.419315
v -0.541908 0.414365 -0.335026
v -0.480462 0.256461 -0.441440
v -0.506537 0.303470 -0.372817
v -0.489391 0.254187 -0.413293
v -1.866579 -0.382682 -0.590666
v -2.172175 -0.510649 -0.508059
v -2.142514 -0.480717 -0.530891
v -2.105642 -0.465393 -0.522469
v -1.143093 -0.221230 -0.975354
v -1.198806 0.000718 -0.888746
v -1.706723 0.207363 -0.457055
v -0.788386 0.310743 -0.499961
v -2.049115 -0.526994 -0.559392
v -2.055257 -0.444331 -0.530165
v -0.614497 0.220666 -0.530380
v -0.784896 0.157285 -0.616519
v -1.876298 -0.404975 -0.639611
v -0.622479 0.223429 -0.498056
v -0.782323 0.326660 -0.521740
v -0.778226 0.190753 -0.638962
v -0.934685 0.114054 -0.702878
v -0.941188 0.201491 -0.676102
v -0.934653 0.079541 -0.776589
v -1.989390 -0.291414 -0.446730
v -1.838749 0.015312 -0.439524
v -1.848584 -0.419012 -0.630153
v -1.461375 -0.193388 -0.888234
v -1.770796 -0.239379 -0.636235
v -1.662571 -0.271132 -0.694536
v -1.612544 -0.297829 -0.789285
v -0.624100 0.329194 -0.487481
v -1.822455 0.003234 -0.416903
v -1.421630 -0.226097 -0.888546
v -0.673949 0.344413 -0.370193
v -1.254866 -0.263560 -1.030402
v -1.439938 -0.027585 -0.784510
v -1.301368 -0.143903 -0.889182
v -1.787197 0.259547 -0.332216
v -2.038416 -0.164254 -0.358422
v -0.991171 0.448757 -0.467714
v -1.939376 0.065580 -0.368258
v -2.076032 -0.315728 -0.374305
v -1.902303 0.035248 -0.316821
v -2.185689 -0.597166 -0.495770
v -2.174696 -0.515936 -0.487134
v -0.829948 0.389645 -0.425322
v -0.816578 0.431253 -0.479339
v -0.671086 0.403289 -0.403415
v -2.189260 -0.588190 -0.521879
v -2.098515 -0.547745 -0.502468
v -0.944089 0.368555 -0.555304
v -1.942802 -0.186433 -0.402399
v -1.736957 0.216120 -0.311727
v -1.975977 -0.161325 -0.445968
v -0.985663 0.387055 -0.435366
v -1.794888 0.271909 -0.401988
v -0.648299 0.418442 -0.465297
v -0.655442 0.297199 -0.395701
v -2.158256 -0.552891 -0.539857
v -2.162176 -0.608688 -0.486311
v -0.974595 0.462910 -0.531570
v -1.982513 -0.193178 -0.335164
v -1.689283 0.183037 -0.357926
v -2.048223 -0.143447 -0.421459
v -0.966732 0.337127 -0.462475
v -2.160843 -0.501333 -0.524780
v -0.820156 0.328338 -0.421503
v -1.843782 0.002180 -0.326891
v -1.920894 0.065130 -0.433770
v -2.168346 -0.615078 -0.519298
v -0.792126 0.415071 -0.533954
v -2.021723 -0.331332 -0.377428
v -1.751381 0.243131 -0.455164
v -0.627784 0.377026 -0.498254
v -2.119454 -0.582258 -0.488899
v -0.950225 0.417397 -0.565403
v -1.942370 -0.199770 -0.361983
v -2.014091 -0.145488 -0.456173
v -0.636640 0.293001 -0.440984
v -2.123396 -0.528913 -0.535145
v -1.678829 0.180467 -0.413175
v -0.951937 0.332260 -0.508457
v -2.002777 -0.313243 -0.405535
v -0.780132 0.359675 -0.538854
v -2.127428 -0.564496 -0.521314
v -1.873019 0.039724 -0.448674
v -1.821531 -0.001842 -0.377699
v -0.799706 0.304375 -0.465665
v -2.122383 -0.463753 -0.529188
v -1.117875 -0.330914 -1.166686
v -1.135550 -0.344792 -1.135994
v -1.103518 -0.362612 -1.125447
v -1.095500 -0.325851 -1.135186
v -1.265182 -0.015084 -0.903522
v -1.091972 -0.177722 -0.975554
v -1.427411 0.270649 -0.525157
v -1.283869 -0.031817 -0.872389
v -1.414026 0.464976 -0.503887
v -1.366365 0.507606 -0.470262
v -1.435538 0.524788 -0.402353
v -1.531417 0.451503 -0.456741
v -1.353163 0.532902 -0.367741
v -1.416407 0.478166 -0.337676
v -1.537791 0.469836 -0.353890
v -1.341002 0.316289 -0.471001
v -1.261527 0.334296 -0.500419
v -1.443260 0.290065 -0.490203
v -1.364628 0.379654 -0.554405
v -1.331346 0.442580 -0.533376
v -1.481101 0.399676 -0.521372
v -1.339354 0.437772 -0.376015
v -1.380991 0.381687 -0.391614
v -1.495857 0.385118 -0.363555
v -1.300558 0.366526 -0.430716
v -1.449244 0.324789 -0.419916
v -1.286861 0.370434 -0.549221
v -1.451205 0.327673 -0.536749
v -1.544770 0.269201 -0.471467
v -1.547976 0.271947 -0.426561
v -1.174970 -0.283656 -1.047587
v -1.090673 0.347661 -0.526317
v -1.086210 -0.265346 -1.062823
v -1.100412 0.351518 -0.488449
v -1.101201 0.370144 -0.552812
v -1.283097 0.408585 -0.546384
v -1.044062 -0.008622 -0.896044
v -1.555808 0.284563 -0.493852
v -1.215076 -0.228473 -1.043305
v -1.582671 0.321426 -0.499538
v -1.284868 0.407599 -0.396086
v -1.148983 0.456070 -0.425946
v -1.637443 0.354391 -0.334826
v -1.665484 0.389295 -0.387631
v -1.155053 0.498837 -0.481151
v -1.583994 0.301164 -0.353601
v -1.133957 0.477811 -0.546022
v -1.639334 0.375420 -0.463603
v -1.155940 -0.232637 -1.122818
v -1.098509 -0.341406 -1.061923
v -1.171266 -0.253234 -1.114078
v -1.093114 -0.204986 -0.957681
v -1.118640 -0.343502 -1.076732
v -1.085556 -0.321945 -1.071845
v -1.132587 -0.229626 -1.108609
v -1.372653 0.266929 -0.506757
v -1.247725 0.344002 -0.512974
v -1.025975 -0.054742 -0.889375
v -1.255968 0.351838 -0.469075
v -1.267610 0.363510 -0.539302
v -1.110496 0.411191 -0.565750
v -1.118086 -0.207798 -1.058136
v -1.122903 0.389327 -0.431678
v -1.323462 0.480956 -0.380836
v -1.338198 0.521186 -0.435165
v -1.315568 0.492255 -0.509321
v -1.221774 0.389319 -0.546642
v -1.151400 0.050657 -0.823015
v -1.243763 0.453498 -0.543116
v -1.219130 0.375257 -0.439572
v -1.273489 0.513946 -0.486884
v -1.279070 0.504162 -0.416267
v -1.073989 -0.212029 -1.051108
v -1.203419 0.353021 -0.497728
v -1.073888 -0.095649 -0.912572
v -1.252511 0.442141 -0.391890
v -0.630103 0.296372 -0.460898
v -0.944989 0.322586 -0.536870
v -1.914147 -0.173432 -0.441950
v -1.661444 0.163138 -0.457612
v -1.250241 0.309134 -0.533557
v -1.295620 0.104613 -0.677767
v -1.271368 0.292167 -0.507120
v -1.254025 0.087020 -0.658245
v -1.190798 0.323920 -0.537825
v -1.206041 0.245345 -0.579498
v -1.221514 0.226703 -0.566272
v -1.282856 0.206844 -0.550644
v -1.346071 0.204625 -0.571494
v -1.477737 0.207874 -0.554463
v -1.758269 -0.029433 -0.476094
v -0.785419 0.288043 -0.518932
v -1.070318 0.283473 -0.574078
v -2.024775 -0.288325 -0.461904
v -0.627114 0.269528 -0.474589
v -0.939825 0.239536 -0.592945
v -1.822369 -0.196983 -0.520285
v -1.496727 0.076874 -0.612459
v -2.110099 -0.289944 -0.419045
v -2.093405 -0.277080 -0.471566
v -2.055266 -0.273517 -0.474468
v -1.164786 0.128280 -0.679617
v -1.178868 0.106763 -0.655848
v -1.118136 0.162253 -0.658189
v -1.197988 0.000114 -0.778469
v -1.108644 0.053544 -0.772873
v -1.117347 0.024747 -0.772988
v -1.155470 0.001739 -0.758008
v -2.063200 -0.348377 -0.487351
v -1.284576 0.034036 -0.754991
v -2.030024 -0.373486 -0.443782
v -2.037009 -0.397611 -0.415021
v -2.099900 -0.350012 -0.497616
v -2.130947 -0.366523 -0.470612
v -2.123578 -0.384376 -0.420433
v -1.574243 -0.081417 -0.653325
v -1.906691 -0.308312 -0.521021
v -0.786219 0.226624 -0.558423
v -1.025717 0.140116 -0.696658
v -2.078313 -0.406358 -0.401490
v -1.385854 0.696174 -0.190700
v -1.356542 0.690819 -0.178857
v -1.384318 0.680744 -0.167119
v -1.413240 0.686107 -0.178940
v -1.364390 0.596714 -0.256055
v -1.370823 0.619184 -0.288464
v -1.451059 0.599507 -0.286421
v -1.444595 0.577125 -0.254066
v -0.363550 0.277580 -0.360232
v -0.372479 0.275306 -0.332085
v -0.377084 0.360783 -0.338107
v -0.427704 0.376703 -0.220480
v -0.424995 0.435485 -0.253818
v -0.402054 0.450733 -0.315585
v -0.408741 0.329156 -0.246125
v -0.381083 0.408984 -0.348678
v -0.389624 0.324589 -0.291609
v -0.383200 0.329555 -0.310313
v -0.379295 0.309795 -0.318243
v -0.502043 0.308832 -0.386188
v -0.498813 0.301857 -0.394161
v -0.493689 0.275932 -0.404566
v -0.478465 0.275143 -0.451574
v -0.495516 0.327644 -0.410385
v -0.506419 0.414779 -0.420506
v -0.532007 0.430198 -0.365911
v -0.493815 0.359337 -0.428350
v -0.546750 0.387648 -0.311248
v -0.537065 0.326328 -0.306874
v -0.514204 0.300491 -0.352752
v -0.485681 0.247274 -0.423332
v -0.616671 0.272388 -0.517225
v -1.192669 -0.004025 -0.873369
v -1.211717 0.007222 -0.900096
v -2.024237 -0.460871 -0.516365
v -2.150955 -0.533905 -0.455954
v -2.108814 -0.540711 -0.456451
v -2.072926 -0.501184 -0.464237
v -1.160842 -0.203596 -0.975634
v -1.133303 -0.225906 -0.962140
v -0.367502 0.317835 -0.356482
v -0.491684 0.265788 -0.408637
v -0.492111 0.314566 -0.417613
v -1.887979 -0.343005 -0.553509
v -2.150178 -0.433756 -0.488081
v -2.119779 -0.410985 -0.513138
v -2.082999 -0.402964 -0.503733
v -1.164565 -0.094377 -0.868248
v -1.093256 -0.035426 -0.857389
v -1.084270 0.271864 -0.613632
v -1.097430 -0.069202 -0.862105
v -1.248880 0.221152 -0.652591
v -1.304470 0.223911 -0.667156
v -1.127940 -0.092138 -0.848137
v -1.351502 0.196452 -0.656126
v -1.228655 0.217804 -0.632883
v -1.238359 -0.053362 -0.840775
v -2.049823 -0.428073 -0.460165
v -2.060455 -0.455884 -0.435229
v -2.143644 -0.449728 -0.442816
v -1.517827 -0.117011 -0.724177
v -1.749037 -0.039801 -0.526613
v -0.781795 0.295057 -0.544163
v -0.786264 0.204249 -0.574791
v -1.991255 -0.314112 -0.497829
v -1.480432 0.176385 -0.607430
v -1.023012 0.082079 -0.751775
v -2.102830 -0.469593 -0.425897
v -0.632125 0.297935 -0.454682
v -0.625674 0.316839 -0.478828
v -2.038014 -0.514157 -0.542225
v -2.055531 -0.502634 -0.558495
v -0.612054 0.242215 -0.538163
v -0.619478 0.212739 -0.511228
v -0.947885 0.333601 -0.524348
v -0.944743 0.353150 -0.548527
v -0.934547 0.079717 -0.747255
v -0.937033 0.119038 -0.762852
v -1.938644 -0.179606 -0.421469
v -1.960298 -0.169690 -0.442738
v -1.618075 -0.296990 -0.755914
v -1.656755 -0.277884 -0.760269
v -1.677557 0.178733 -0.433249
v -1.263049 -0.241696 -0.984094
v -1.691864 0.192584 -0.455786
v -1.304016 -0.192982 -0.981738
v -1.798552 0.271887 -0.364421
v -2.013770 -0.179561 -0.338595
v -2.051538 -0.150976 -0.388195
v -1.765133 0.239911 -0.312547
v -2.168226 -0.585574 -0.479788
v -2.186226 -0.571951 -0.503427
v -0.986061 0.464991 -0.499534
v -0.991246 0.420815 -0.443882
v -0.675967 0.376548 -0.379666
v -0.661224 0.419099 -0.434329
v -1.778457 0.261566 -0.435371
v -0.635942 0.403644 -0.489034
v -0.666589 0.315193 -0.375403
v -2.177346 -0.578410 -0.534952
v -2.142587 -0.604718 -0.489303
v -0.960634 0.445646 -0.555938
v -1.955196 -0.201213 -0.344253
v -1.709412 0.194843 -0.327545
v -2.033922 -0.141630 -0.447643
v -0.976240 0.355205 -0.441159
v -1.724074 0.222760 -0.462052
v -0.623833 0.348805 -0.496542
v -2.101768 -0.557777 -0.491239
v -0.945170 0.388856 -0.564192
v -1.939688 -0.193345 -0.383112
v -1.993264 -0.152796 -0.453473
v -0.644222 0.289959 -0.420944
v -2.138202 -0.530202 -0.539089
v -1.678419 0.178653 -0.390469
v -0.957861 0.329789 -0.488223
v -1.466859 0.282915 -0.498563
v -1.254895 0.331441 -0.515268
v -1.277421 0.356041 -0.547338
v -1.472352 0.308182 -0.528310
v -1.115375 -0.262106 -1.113265
v -1.163872 -0.287323 -1.116225
v -1.131035 -0.340079 -1.098195
v -1.087356 -0.316790 -1.096276
v -1.355996 0.495511 -0.355098
v -1.506627 0.442848 -0.344423
v -1.371744 0.535095 -0.409563
v -1.525663 0.481093 -0.398446
v -1.511279 0.433114 -0.493982
v -1.350411 0.484082 -0.506770
v -1.318282 0.400008 -0.393880
v -1.471123 0.352422 -0.382386
v -1.423011 0.297744 -0.469106
v -1.278559 0.334274 -0.475855
v -1.440400 0.356234 -0.544977
v -1.307506 0.391727 -0.553381
v -1.160566 -0.167160 -1.060807
v -1.193158 -0.184380 -1.064201
v -1.116665 -0.314347 -1.040446
v -1.089989 -0.298325 -1.037051
v -1.199855 0.349177 -0.516591
v -1.070278 -0.190491 -1.006210
v -1.207765 0.355501 -0.474568
v -1.216147 0.369354 -0.542801
v -1.229741 0.413679 -0.552121
v -1.098813 -0.137150 -1.005264
v -1.234546 0.405728 -0.406921
v -1.268949 0.477123 -0.394764
v -1.280988 0.518249 -0.449389
v -1.259784 0.492055 -0.520746
v -0.628969 0.287256 -0.465559
v -0.942857 0.292328 -0.555696
v -1.842560 -0.140233 -0.475194
v -1.608375 0.127200 -0.508103
v -1.217961 0.235835 -0.578736
v -1.380645 0.214166 -0.578467
v -1.236149 0.216573 -0.552847
v -1.329265 0.200337 -0.556936
v -1.164006 0.260098 -0.575850
v -2.047769 -0.337865 -0.478113
v -0.625402 0.252495 -0.483260
v -0.934415 0.192362 -0.630641
v -2.002265 -0.354025 -0.472459
v -1.756862 -0.224414 -0.582121
v -1.399376 0.028186 -0.713809
v -2.103714 -0.396341 -0.404473
v -2.133967 -0.373445 -0.444202
v -2.118322 -0.359937 -0.491228
v -2.053902 -0.408694 -0.406626
v -2.028696 -0.382684 -0.427224
v -2.080065 -0.343806 -0.494686
v -1.116431 0.036770 -0.781645
v -1.125697 0.014022 -0.760508
v -1.082638 0.084818 -0.745210
v -1.220564 0.013462 -0.781188
v -1.186312 -0.005050 -0.764422
v -1.367833 0.675755 -0.213174
v -1.416376 0.667874 -0.212605
v -1.365138 0.662231 -0.193079
v -1.413891 0.654396 -0.192554
v -0.385130 0.329952 -0.304980
v -0.378603 0.348764 -0.329177
v -0.361552 0.296262 -0.370366
v -0.368768 0.268394 -0.342124
v -0.429837 0.408768 -0.230039
v -0.415095 0.451318 -0.284703
v -0.389506 0.435899 -0.339298
v -0.420153 0.347448 -0.225666
v -0.376902 0.380456 -0.347142
v -0.397291 0.321610 -0.271544
v -0.381900 0.322977 -0.312953
v -0.376777 0.297052 -0.323358
v -2.052451 -0.385960 -0.497561
v -0.622988 0.299129 -0.489854
v -0.624038 0.238936 -0.490162
v -0.932912 0.153113 -0.662057
v -0.943853 0.295271 -0.587733
v -1.892440 -0.195899 -0.506770
v -1.708489 -0.248085 -0.632607
v -1.599763 0.101146 -0.559236
v -1.347897 -0.043432 -0.794666
v -2.152967 -0.439915 -0.464230
v -2.138157 -0.425897 -0.506879
v -2.099805 -0.399760 -0.510781
v -1.341915 0.210769 -0.665250
v -1.098140 -0.055939 -0.869338
v -1.378990 0.189348 -0.639888
v -1.241757 0.212680 -0.641248
v -1.264845 0.229476 -0.662649
v -1.103354 -0.079678 -0.850245
v -1.184512 0.237160 -0.624551
v -1.072203 0.006190 -0.820402
v -2.012515 -0.403868 -0.492941
v -2.125752 -0.460513 -0.428488
v -2.079518 -0.470279 -0.429869
v -2.049329 -0.437963 -0.444491
v -1.184903 -0.078831 -0.870011
v -1.153942 -0.099202 -0.854640
v -0.375198 0.335685 -0.336404
v -0.374772 0.286908 -0.327429
v -1.136983 -0.996814 0.004511
v -0.957587 -0.777210 1.115020
v -1.187880 -0.574742 0.150732
v -0.569939 -0.248800 0.030354
v -0.659104 -0.156613 0.022016
v -0.925267 -0.811704 1.061544
v -1.317182 -1.076140 0.565367
v -0.966004 -0.679343 0.724937
v -1.160161 -1.124564 0.581394
v -1.156330 -0.639965 0.734713
v -1.394262 -0.917138 0.641951
v -1.336302 -0.743774 0.712707
v -0.919672 -0.849658 0.673494
v -1.259137 -1.207963 0.980527
v -1.086818 -0.957180 1.157581
v -0.508719 -0.318567 -0.168989
v -0.562135 -0.262336 -0.252331
v -0.709819 -0.106692 -0.062339
v -0.938917 -1.053733 0.375240
v -0.861431 -0.880677 0.434495
v -1.343118 -0.695588 0.479800
v -1.393264 -0.860729 0.439633
v -1.167167 -0.609778 0.513583
v -1.104148 -1.116903 0.364844
v -1.294348 -1.036750 0.389987
v -0.816281 -0.521840 0.729483
v -0.822599 -0.700949 0.525844
v -0.913630 -0.591625 0.439175
v -0.912977 -0.654780 0.658187
v -0.784661 -0.472853 0.715411
v -0.841187 -0.447555 0.702642
v -0.757870 -0.532193 0.682154
v -0.782775 -0.457909 0.655313
v -1.300053 -1.188282 1.021941
v -1.172412 -1.050805 1.147387
v -1.076566 -1.050997 1.138761
v -1.182663 -0.956988 1.166206
v -1.118958 -1.021841 1.203265
v -1.029978 -0.718924 1.088631
v -1.019168 -0.815382 1.081559
v -0.936077 -0.715246 1.068616
v -1.010936 -1.032067 0.628541
v -1.275991 -1.131666 1.018688
v -1.325526 -1.210501 0.963899
v -1.342380 -1.134204 1.002060
v -0.828576 -0.497799 0.569280
v -0.781264 -0.591914 0.613933
v -0.910110 -0.479369 0.645285
v -0.862798 -0.573484 0.689938
v -0.975310 -0.675343 0.910607
v -1.095514 -0.798048 0.930750
v -1.103501 -0.676293 0.938132
v -0.967323 -0.797098 0.903224
v -1.271112 -0.846328 0.979055
v -1.080298 -1.015400 0.929695
v -1.233929 -1.003449 0.945280
v -1.117482 -0.858279 0.963469
v -1.368757 -1.028934 0.855416
v -1.330934 -1.138667 0.783868
v -1.274874 -1.035900 0.892893
v -1.237051 -1.145633 0.821346
v -1.004008 -0.545455 0.571518
v -1.378271 -0.779227 0.082924
v -0.645731 -0.172550 -0.264042
v -0.930372 -0.808464 0.080302
v -0.705976 -0.110786 -0.176047
v -1.296790 -0.920723 0.017467
v -1.335265 -0.646009 0.131984
v -1.004686 -0.634707 0.129462
v -0.995197 -0.953543 0.035217
v -0.939864 -0.762631 -0.066508
v -1.015971 -0.665744 0.028094
v -1.205659 -0.547825 -0.174483
v -1.118237 -0.618402 -0.268317
v -1.014907 -0.726494 -0.263238
v -0.949739 -0.786504 -0.181511
v -1.136078 -0.563407 0.020977
v -1.211007 -0.526776 -0.063362
v -0.506994 -0.316873 -0.058653
v -1.291634 -0.993211 0.253367
v -1.112396 -1.070559 0.229985
v -1.173900 -0.588918 0.358616
v -0.960618 -0.632664 0.321521
v -1.329186 -1.093110 0.655827
v -1.208988 -1.115536 0.697752
v -1.141020 -0.654070 0.831525
v -0.984543 -0.664336 0.805638
v -1.051848 -0.764706 1.091081
v -1.203290 -1.095339 0.372447
v -1.028213 -0.657030 0.922723
v -1.069425 -0.583903 0.538445
v -0.884223 -0.845588 0.283682
v -0.955809 -1.011654 0.241811
v -1.385264 -0.827730 0.303173
v -1.338779 -0.672321 0.340878
v -0.968852 -0.806657 0.787068
v -1.069939 -1.001440 0.777965
v -1.385413 -0.959214 0.743390
v -1.315862 -0.783538 0.841581
v -0.952458 -0.724332 0.903526
v -0.965715 -0.841025 1.068800
v -0.991794 -0.809792 1.109404
v -0.925762 -0.806802 1.095349
v -1.264387 -0.991113 0.857141
v -1.127201 -0.808391 0.883004
v -1.362585 -0.954195 0.413654
v -0.933397 -0.738680 1.100670
v -0.844004 -0.782328 0.480445
v -0.999430 -0.741671 1.114725
v -1.386678 -0.769984 0.463243
v -1.268107 -0.641024 0.494760
v -0.888522 -0.977358 0.396569
v -1.011248 -1.102636 0.366127
v -0.951270 -1.063945 0.491080
v -0.867844 -0.887274 0.557604
v -1.342150 -0.717603 0.592194
v -1.396485 -0.888908 0.543299
v -1.161142 -0.627395 0.633474
v -1.116554 -1.136943 0.470886
v -0.936534 -0.687209 0.673966
v -1.302908 -1.064954 0.485687
v -0.866343 -0.535642 0.511943
v -0.955906 -0.506566 0.608549
v -0.800568 -0.637243 0.570427
v -0.890131 -0.608167 0.667034
v -0.776850 -0.456087 0.688544
v -0.814914 -0.448648 0.716219
v -0.761842 -0.505568 0.703096
v -0.799906 -0.498130 0.730772
v -0.844769 -0.480249 0.728821
v -0.808986 -0.608183 0.662188
v -0.816776 -0.436020 0.671342
v -0.785753 -0.547509 0.573516
v -1.373984 -1.003134 0.594221
v -0.919257 -0.753079 0.702980
v -1.380780 -0.827551 0.688223
v -1.261322 -0.677386 0.725003
v -0.954486 -0.949260 0.645631
v -1.081877 -1.092396 0.610903
v -1.240395 -1.121501 0.559665
v -1.048749 -0.638341 0.736477
v -1.121926 -1.074355 1.138369
v -1.289105 -0.923517 0.965593
v -1.205417 -0.811407 0.980177
v -1.057730 -1.004136 1.146015
v -1.094732 -0.987966 1.193772
v -1.148512 -1.046792 1.187367
v -1.150964 -0.991380 1.198160
v -1.092279 -1.043378 1.182979
v -0.843690 -0.706908 0.613041
v -0.846860 -0.656117 0.450064
v -0.980237 -0.542921 0.483037
v -0.982426 -0.586863 0.648579
v -1.318144 -1.210938 0.995009
v -1.271569 -1.209378 1.006865
v -1.328890 -1.158588 1.021693
v -1.282315 -1.157027 1.033550
v -1.289766 -1.226845 0.963099
v -1.224783 -1.099338 0.864495
v -1.338980 -0.998154 0.894035
v -1.348902 -1.174448 0.978397
v -0.908054 -0.519865 0.687523
v -0.779418 -0.547448 0.711603
v -0.879955 -0.467009 0.595210
v -0.757151 -0.495780 0.657828
v -0.800623 -0.473439 0.615600
v -0.766445 -0.558914 0.652472
v -0.870559 -0.460739 0.677918
v -0.836381 -0.546214 0.714791
v -1.144744 -0.725757 0.944814
v -0.981930 -0.696337 1.079408
v -0.910997 -0.759188 1.061059
v -1.016232 -0.839662 0.911650
v -0.953943 -0.697327 1.008660
v -1.050232 -0.807096 1.024377
v -1.060809 -0.700091 1.031509
v -0.943366 -0.804331 1.001528
v -1.149641 -1.047090 0.929516
v -1.201500 -1.003849 1.158953
v -1.137304 -0.933630 1.166599
v -1.058659 -0.941443 0.942213
v -1.220549 -0.911144 1.096730
v -1.072384 -1.042427 1.058402
v -1.198328 -1.035738 1.070849
v -1.094605 -0.917834 1.084283
v -1.282245 -1.162753 0.786714
v -1.249318 -1.170640 1.003338
v -1.315048 -1.112400 1.020341
v -1.365608 -1.088889 0.808279
v -1.351883 -1.097023 0.950736
v -1.327891 -1.186551 0.902291
v -1.275404 -1.096517 0.973191
v -1.251413 -1.186045 0.924747
v -0.937378 -0.783209 -0.127489
v -0.967924 -0.778146 -0.085768
v -0.963909 -0.723694 -0.010979
v -0.795567 -0.623913 -0.039070
v -1.039572 -0.637164 -0.029674
v -1.079254 -0.605893 0.040191
v -0.868479 -0.545060 0.064031
v -1.220527 -0.531130 -0.115374
v -1.327547 -0.684310 -0.119103
v -1.169260 -0.575047 -0.230369
v -1.025048 -0.386525 -0.170503
v -1.218553 -0.732704 -0.236332
v -1.064182 -0.672687 -0.280851
v -0.954256 -0.459402 -0.267883
v -1.104708 -0.848320 -0.224976
v -0.976188 -0.769252 -0.227042
v -0.858430 -0.562074 -0.258867
v -1.012706 -0.881249 -0.144239
v -0.797566 -0.625874 -0.166876
v -1.193702 -0.570756 -0.014572
v -1.181739 -0.537353 -0.017847
v -0.971763 -0.438275 0.054373
v -1.309639 -0.606675 -0.047143
v -1.030508 -0.380451 -0.043340
v -0.501733 -0.324172 -0.117069
v -0.528422 -0.292980 -0.005570
v -0.952630 -0.891163 0.055841
v -0.942624 -0.718170 0.105633
v -0.618011 -0.198591 0.041942
v -1.094306 -0.580246 0.146564
v -1.272517 -0.601933 0.144643
v -0.690585 -0.125201 -0.016914
v -0.682438 -0.134302 -0.230563
v -0.603186 -0.217803 -0.272594
v -1.220833 -0.972366 0.001461
v -1.353663 -0.853198 0.046302
v -1.057262 -0.990652 0.017919
v -0.528628 -0.298481 -0.214161
v -0.715413 -0.101687 -0.115102
v -1.372030 -0.705818 0.111942
v -0.880660 -0.734303 0.331357
v -1.059363 -0.576759 0.377340
v -1.206301 -1.049027 0.235101
v -1.355425 -0.915493 0.278820
v -1.374021 -1.032365 0.685680
v -1.268359 -1.125988 0.658347
v -0.958179 -0.719818 0.795231
v -1.046103 -0.641867 0.817875
v -0.908519 -0.938765 0.258451
v -1.024084 -1.057724 0.233264
v -1.379794 -0.742545 0.325279
v -1.268165 -0.620098 0.351485
v -1.028262 -0.894790 0.803415
v -1.165762 -1.058453 0.776533
v -1.359169 -0.887083 0.826564
v -1.238872 -0.708173 0.857887
v -1.369003 -0.983107 0.511136
v -1.213618 -1.120788 0.470940
v -0.857172 -0.780906 0.615293
v -1.039661 -0.619672 0.662443
v -1.386988 -0.795895 0.573282
v -1.265643 -0.659585 0.609201
v -0.898246 -0.985119 0.514163
v -1.024757 -1.116852 0.479580
v -0.926408 -0.497607 0.544808
v -0.812225 -0.591808 0.517851
v -0.946569 -0.548195 0.662760
v -0.827745 -0.650009 0.632534
v -0.802837 -0.442745 0.692339
v -0.762007 -0.485198 0.682777
v -0.821803 -0.473985 0.728413
v -0.778428 -0.519744 0.717204
v -1.127062 -0.968433 1.189675
v -1.169986 -1.015383 1.184563
v -1.120326 -1.059385 1.171717
v -1.077403 -1.012434 1.176829
v -0.959007 -0.825131 1.092899
v -0.917966 -0.768280 1.087015
v -0.970598 -0.721708 1.100772
v -1.018395 -0.772573 1.108403
v -1.335087 -1.182545 0.999166
v -1.292578 -1.220211 0.988170
v -1.264181 -1.180030 1.017095
v -1.309621 -1.139768 1.028850
v -0.872311 -0.498380 0.712874
v -0.791511 -0.575854 0.691910
v -0.842778 -0.447642 0.636602
v -0.767407 -0.517429 0.619395
v -1.088370 -0.748895 1.035342
v -1.003887 -0.677347 1.020181
v -0.928071 -0.744748 1.001068
v -0.988022 -0.837854 1.009484
v -1.130257 -1.069826 1.058273
v -1.240468 -0.972173 1.086783
v -1.163588 -0.882937 1.097094
v -1.051553 -0.982206 1.068113
v -1.287549 -1.205229 0.902416
v -1.240393 -1.144606 0.953575
v -1.323536 -1.070936 0.975082
v -1.355112 -1.145365 0.919893
v -0.983224 -0.707321 -0.055811
v -0.820389 -0.596236 0.022419
v -1.116542 -0.585678 -0.013739
v -0.924163 -0.486901 0.077454
v -1.158818 -0.788875 -0.249931
v -0.905226 -0.511488 -0.278926
v -1.277323 -0.694352 -0.189258
v -0.997028 -0.414764 -0.230240
v -1.057517 -0.893232 -0.174534
v -0.820375 -0.602941 -0.218064
v -0.789473 -0.632367 -0.106735
v -0.981773 -0.839617 -0.116204
v -1.261288 -0.581275 -0.027531
v -1.008229 -0.401890 0.009279
v -1.036736 -0.374986 -0.103320
v -1.334391 -0.644236 -0.075484
v 0.438485 -0.121402 0.016169
v 0.525449 -0.038989 0.008380
v 0.378513 -0.184026 -0.170052
v 0.431081 -0.133207 -0.249728
v 0.574809 0.005540 -0.070423
v 0.513181 -0.052298 -0.262487
v 0.571487 0.002386 -0.178465
v 0.376972 -0.182376 -0.066979
v 0.371765 -0.188973 -0.121549
v 0.397942 -0.160947 -0.017390
v 0.485391 -0.076497 0.026994
v 0.556106 -0.010952 -0.027988
v 0.548886 -0.018222 -0.230757
v 0.471527 -0.092930 -0.270021
v 0.398018 -0.165961 -0.212705
v 0.580341 0.010111 -0.120168
v -0.448336 -0.128344 0.016984
v -0.531969 -0.041877 0.009163
v -0.390914 -0.193782 -0.169991
v -0.441400 -0.140542 -0.249877
v -0.579536 0.004946 -0.069958
v -0.520194 -0.055828 -0.262576
v -0.576316 0.001605 -0.178326
v -0.389296 -0.192194 -0.066501
v -0.384362 -0.199039 -0.121292
v -0.409395 -0.169783 -0.016711
v -0.493425 -0.081251 0.027852
v -0.561496 -0.012414 -0.027352
v -0.554527 -0.020079 -0.230746
v -0.480192 -0.098398 -0.270169
v -0.409684 -0.174818 -0.212789
v -0.584880 0.009765 -0.119877
vn 0.0306 -0.3971 0.9173
vn 0.0380 -0.3458 0.9375
vn -0.3427 -0.4480 0.8258
vn -0.3646 -0.5239 0.7698
vn -0.2568 -0.5353 0.8047
vn 0.2782 -0.4583 0.8441
vn 0.4666 -0.2739 0.8410
vn 0.4493 -0.2060 0.8693
vn 0.4458 -0.1756 0.8778
vn -0.1752 0.9540 -0.2432
vn -0.1793 0.9476 -0.2643
vn -0.1439 0.6482 -0.7478
vn -0.2281 0.6385 -0.7351
vn -0.2777 0.6480 -0.7092
vn -0.1034 0.9597 -0.2614
vn 0.0738 0.9797 0.1864
vn -0.0896 0.9688 0.2310
vn -0.1875 0.9570 0.2213
vn -0.2480 -0.1007 0.9635
vn -0.2421 -0.0324 0.9697
vn -0.1502 -0.5025 0.8514
vn -0.1792 -0.4974 0.8488
vn -0.1784 -0.5242 0.8327
vn -0.2412 -0.2803 0.9291
vn -0.6494 -0.2014 0.7332
vn -0.4530 0.3075 0.8368
vn -0.2719 0.4520 0.8496
vn -0.0437 -0.7139 0.6989
vn -0.1545 -0.6811 0.7157
vn -0.0436 -0.6793 0.7326
vn 0.0564 -0.6857 0.7256
vn 0.2053 -0.6479 0.7336
vn 0.1364 -0.7209 0.6795
vn -0.0245 -0.7631 0.6459
vn -0.2389 -0.7005 0.6725
vn -0.3349 -0.6417 0.6900
vn 0.3756 0.5680 -0.7323
vn 0.6032 0.4158 -0.6806
vn 0.4845 0.4520 -0.7490
vn 0.4389 0.4980 -0.7479
vn 0.5336 0.4279 -0.7295
vn 0.5013 0.5061 -0.7018
vn 0.4423 0.4214 -0.7917
vn 0.4846 0.3823 -0.7867
vn 0.8566 -0.2180 -0.4678
vn 0.5644 0.4116 -0.7156
vn 0.5922 0.4181 -0.6889
vn 0.5582 0.4077 -0.7226
vn 0.5282 0.4217 -0.7370
vn 0.2544 0.4074 -0.8771
vn 0.4144 0.4054 -0.8148
vn 0.4148 0.1246 -0.9013
vn 0.5234 0.2004 -0.8282
vn 0.5780 0.2414 -0.7795
vn 0.2070 -0.6858 0.6978
vn 0.2736 -0.5664 0.7774
vn 0.3571 -0.4763 0.8035
vn 0.2630 -0.6499 0.7131
vn 0.1562 -0.7795 0.6067
vn 0.1395 -0.7690 0.6238
vn -0.3928 -0.8809 0.2642
vn -0.0473 -0.9865 0.1567
vn -0.0769 -0.8548 0.5132
vn -0.4013 -0.7563 0.5167
vn -0.7671 -0.3595 0.5314
vn -0.7625 -0.4709 0.4437
vn -0.4129 -0.6550 0.6329
vn -0.2725 -0.8541 0.4430
vn -0.0502 -0.9499 0.3086
vn -0.2139 0.6652 -0.7153
vn -0.2647 0.6534 -0.7093
vn -0.2664 0.6395 -0.7212
vn -0.2191 0.6214 -0.7523
vn -0.1329 0.6203 -0.7730
vn -0.1177 0.6991 -0.7053
vn -0.3096 0.5330 -0.7874
vn -0.4295 0.3547 -0.8305
vn -0.2807 0.6063 -0.7440
vn -0.4652 -0.8806 -0.0905
vn -0.4483 -0.8853 -0.1236
vn -0.4175 -0.8773 -0.2368
vn -0.5460 -0.6309 -0.5512
vn -0.5875 0.0309 -0.8086
vn -0.5735 -0.2936 -0.7648
vn -0.5075 0.3688 -0.7788
vn -0.7295 -0.6834 0.0299
vn -0.5876 -0.8091 -0.0117
vn -0.3386 -0.9336 0.1175
vn -0.5980 -0.7615 -0.2501
vn -0.1884 -0.7820 -0.5941
vn 0.3890 -0.3830 -0.8379
vn -0.0849 -0.3732 -0.9239
vn 0.9914 -0.0666 0.1127
vn 0.9922 0.0821 -0.0935
vn 0.9792 0.1140 0.1678
vn 0.8327 -0.2149 0.5103
vn 0.5104 -0.4306 0.7443
vn 0.5804 0.4534 -0.6764
vn 0.5550 0.4082 -0.7248
vn 0.5574 0.3242 -0.7644
vn -0.5640 -0.4049 0.7197
vn -0.5476 -0.4058 0.7318
vn -0.6859 -0.4020 0.6065
vn -0.7512 -0.4339 0.4974
vn -0.7849 -0.4906 0.3786
vn -0.5797 -0.4071 0.7058
vn -0.5229 -0.3859 0.7601
vn -0.5400 -0.4066 0.7370
vn -0.5586 -0.4117 0.7200
vn -0.1872 -0.9326 0.3085
vn -0.4228 -0.7599 0.4938
vn -0.1730 -0.7919 0.5856
vn 0.0748 -0.9052 0.4184
vn 0.5125 0.2123 -0.8320
vn 0.4930 0.2550 -0.8318
vn 0.5627 0.0623 -0.8243
vn -0.4614 -0.8686 0.1809
vn -0.5814 -0.6882 0.4340
vn 0.3501 0.2334 -0.9072
vn 0.3223 0.1869 -0.9280
vn 0.0892 -0.0920 -0.9917
vn 0.2343 -0.0667 -0.9699
vn 0.3571 0.2152 -0.9089
vn 0.2818 0.3297 -0.9010
vn 0.3526 0.5887 -0.7274
vn 0.4791 0.5265 -0.7023
vn 0.5661 0.4554 -0.6871
vn -0.8691 0.2723 -0.4129
vn -0.9686 -0.2034 0.1432
vn -0.9413 -0.3321 0.0606
vn -0.9665 -0.2509 0.0534
vn -0.1998 0.5632 -0.8018
vn -0.0459 0.6231 -0.7808
vn -0.2123 0.6395 -0.7389
vn -0.7571 0.4375 -0.4853
vn -0.9001 0.0460 -0.4333
vn -0.9855 -0.0628 -0.1576
vn 0.1876 -0.2390 -0.9527
vn -0.0024 -0.2086 -0.9780
vn 0.2858 0.0939 -0.9537
vn 0.3582 0.1013 -0.9281
vn 0.4142 0.1695 -0.8943
vn 0.5056 -0.0093 -0.8627
vn -0.5350 -0.5014 0.6800
vn -0.5975 -0.4587 0.6577
vn -0.5808 -0.4278 0.6926
vn -0.5546 -0.4570 0.6954
vn -0.3847 -0.5541 0.7382
vn -0.3467 -0.5839 0.7340
vn 0.0084 0.7936 0.6083
vn 0.2232 0.8000 0.5569
vn 0.3330 0.4623 0.8218
vn 0.1097 0.4713 0.8751
vn -0.1008 0.4650 0.8795
vn -0.1624 0.7798 0.6046
vn 0.7944 0.0044 0.6074
vn 0.7868 0.0301 0.6165
vn 0.9638 0.1834 0.1936
vn 0.9552 0.2099 0.2088
vn -0.5365 0.7562 0.3747
vn -0.2279 0.8008 0.5539
vn -0.9260 0.3776 0.0080
vn -0.1723 0.9052 -0.3884
vn -0.1418 0.9887 -0.0491
vn -0.1302 0.9811 0.1428
vn -0.2583 -0.1236 0.9581
vn -0.2450 -0.2719 0.9306
vn -0.3267 -0.4898 0.8083
vn -0.4455 -0.4058 0.7980
vn -0.4895 -0.3601 0.7942
vn -0.1737 -0.0732 0.9821
vn 0.2041 0.2452 0.9477
vn 0.0638 0.2253 0.9722
vn 0.0776 -0.2105 0.9745
vn 0.6543 0.3462 0.6724
vn 0.5390 0.5154 0.6662
vn 0.3092 0.1242 0.9428
vn 0.3726 0.0123 0.9279
vn 0.7102 0.2215 0.6682
vn 0.8897 0.3767 0.2579
vn 0.8391 0.4880 0.2404
vn 0.7249 0.6555 0.2116
vn -0.1030 0.9485 -0.2994
vn -0.0035 0.9422 -0.3351
vn 0.1000 0.6674 -0.7379
vn -0.0055 0.6644 -0.7473
vn -0.1984 0.9628 0.1835
vn 0.8241 0.5126 -0.2412
vn 0.8725 0.4427 -0.2066
vn 0.6186 0.3887 -0.6829
vn 0.6006 0.3985 -0.6932
vn 0.7255 0.6297 -0.2777
vn -0.1037 -0.1201 0.9873
vn -0.5091 -0.3521 0.7854
vn -0.4943 -0.3933 0.7752
vn -0.0390 -0.1985 0.9793
vn 0.2029 0.0049 0.9792
vn 0.3802 -0.0202 0.9247
vn 0.3167 -0.5693 0.7587
vn 0.2457 -0.5546 0.7950
vn 0.1389 -0.5459 0.8263
vn 0.0117 0.0024 0.9999
vn 0.9056 0.3683 -0.2104
vn 0.9195 0.3226 -0.2248
vn 0.6887 0.3619 -0.6283
vn 0.6517 0.3808 -0.6559
vn 0.9343 0.2683 0.2347
vn 0.9548 0.2091 0.2113
vn 0.5752 0.7346 -0.3599
vn 0.4312 0.7782 -0.4565
vn 0.5512 0.8007 -0.2348
vn 0.6011 0.7956 0.0760
vn 0.4417 0.6309 0.6378
vn 0.4070 0.0738 0.9104
vn 0.7004 0.7080 0.0900
vn -0.5136 -0.6627 0.5451
vn -0.3322 -0.7149 0.6153
vn -0.1397 -0.8537 0.5018
vn -0.4684 -0.8453 0.2569
vn -0.7025 -0.6990 0.1340
vn -0.6686 -0.5730 0.4740
vn -0.1816 -0.7357 0.6525
vn -0.0765 -0.7907 0.6074
vn -0.2286 -0.7026 0.6739
vn 0.1312 0.2592 -0.9569
vn 0.2055 0.3045 -0.9301
vn -0.2627 0.1743 -0.9490
vn -0.2832 0.0897 -0.9549
vn -0.2190 -0.0253 -0.9754
vn 0.1363 0.1771 -0.9747
vn 0.2005 -0.9005 0.3858
vn 0.1678 -0.9030 0.3956
vn 0.0236 -0.9990 0.0393
vn 0.1275 -0.9918 0.0081
vn 0.1560 -0.9862 0.0550
vn 0.1790 -0.8871 0.4254
vn -0.7712 -0.5124 0.3777
vn -0.8220 -0.5695 -0.0025
vn -0.8703 -0.4782 -0.1177
vn -0.8215 -0.4908 0.2901
vn 0.2284 0.1590 -0.9605
vn -0.0824 -0.0735 -0.9939
vn 0.0503 0.2592 -0.9645
vn 0.1374 0.3125 -0.9399
vn 0.1125 -0.0403 -0.9928
vn 0.0631 -0.1161 -0.9912
vn -0.0482 -0.1988 -0.9789
vn -0.0955 0.1895 -0.9772
vn -0.5284 -0.4966 -0.6886
vn -0.7421 -0.6679 0.0568
vn -0.8147 -0.5732 -0.0881
vn -0.5167 -0.5103 -0.6875
vn -0.1266 -0.0533 -0.9905
vn 0.0599 -0.0610 -0.9963
vn -0.2201 0.1528 -0.9634
vn -0.1736 -0.2408 -0.9549
vn -0.3561 -0.2169 -0.9089
vn -0.3589 0.1799 -0.9159
vn -0.6977 -0.5263 0.4861
vn -0.7370 -0.4653 0.4902
vn -0.9341 -0.3570 0.0047
vn -0.9107 -0.4076 0.0665
vn -0.8844 -0.4238 0.1955
vn -0.9091 -0.3732 0.1851
vn -0.6526 -0.4065 0.6394
vn -0.6316 -0.4459 0.6343
vn -0.5955 -0.6927 0.4069
vn -0.7392 -0.6735 -0.0007
vn -0.1351 -0.4593 -0.8780
vn -0.0225 -0.3929 -0.9193
vn -0.0271 -0.4052 -0.9138
vn -0.1298 -0.5059 -0.8528
vn -0.3128 -0.5615 -0.7661
vn -0.3223 -0.4819 -0.8148
vn -0.5842 -0.7999 -0.1376
vn -0.5105 -0.8433 0.1682
vn 0.0298 -0.3253 -0.9451
vn 0.3509 -0.1326 -0.9270
vn 0.0129 -0.0889 -0.9960
vn 0.4727 -0.8179 0.3281
vn 0.0612 -0.7861 0.6151
vn 0.6091 -0.7563 0.2388
vn 0.6946 -0.6600 -0.2862
vn 0.8111 -0.1067 -0.5751
vn -0.1711 -0.6298 0.7577
vn -0.1744 -0.6353 0.7523
vn 0.2330 -0.6890 0.6863
vn 0.2923 -0.6620 0.6902
vn -0.1537 -0.1379 -0.9785
vn -0.2736 -0.0656 -0.9596
vn -0.2024 -0.0282 -0.9789
vn 0.2301 0.1442 -0.9624
vn -0.8102 -0.5809 -0.0784
vn -0.6827 -0.7306 0.0079
vn -0.6647 -0.6386 0.3878
vn -0.7609 -0.5411 0.3582
vn -0.8697 -0.4859 -0.0862
vn 0.0726 -0.9765 -0.2029
vn -0.0816 -0.9737 -0.2129
vn -0.0055 -0.9999 0.0088
vn 0.1347 -0.9800 0.1465
vn 0.1313 -0.9396 0.3162
vn 0.1239 -0.9870 -0.1023
vn -0.3816 0.0421 -0.9234
vn -0.3142 0.1886 -0.9304
vn 0.0058 0.3015 -0.9535
vn -0.3550 0.0612 -0.9329
vn -0.0001 0.7089 -0.7053
vn 0.1527 0.6889 -0.7086
vn 0.1243 0.6098 -0.7828
vn -0.0301 0.6414 -0.7666
vn -0.5591 0.6197 -0.5507
vn -0.6099 0.6281 -0.4833
vn 0.0621 -0.3135 -0.9476
vn 0.0820 -0.2376 -0.9679
vn 0.0876 0.1438 -0.9857
vn 0.0354 0.1079 -0.9935
vn 0.6484 -0.6737 -0.3546
vn 0.8052 -0.3593 -0.4717
vn 0.5981 -0.8014 -0.0114
vn -0.8918 -0.0023 -0.4525
vn -0.9473 -0.1978 -0.2520
vn -0.8265 0.3028 -0.4746
vn 0.2679 -0.8135 0.5162
vn 0.4351 -0.7443 0.5067
vn 0.0442 -0.7022 0.7106
vn -0.0675 -0.7590 0.6476
vn -0.2386 -0.8456 0.4775
vn -0.0334 -0.9527 0.3020
vn 0.1242 -0.7336 0.6681
vn 0.2736 -0.7083 0.6507
vn 0.8875 0.0857 -0.4527
vn 0.7396 0.2359 -0.6304
vn 0.8414 0.0558 -0.5375
vn 0.7264 0.2852 -0.6252
vn 0.6945 0.3599 -0.6230
vn 0.5776 0.3765 -0.7243
vn 0.3044 0.7990 -0.5186
vn 0.2520 0.6267 -0.7374
vn 0.2115 0.6372 -0.7411
vn 0.1978 0.8455 -0.4960
vn 0.2934 0.8078 -0.5113
vn -0.7256 0.5405 -0.4259
vn -0.3779 0.7349 -0.5632
vn -0.9370 -0.2386 0.2550
vn -0.6922 -0.4937 0.5263
vn -0.6252 -0.5255 0.5771
vn -0.5634 -0.4681 0.6807
vn -0.3998 0.7793 -0.4825
vn -0.3816 0.7343 -0.5614
vn 0.1800 0.4099 -0.8942
vn 0.1533 0.4453 -0.8822
vn -0.1193 0.3782 -0.9180
vn 0.1245 0.4082 -0.9044
vn -0.1954 -0.3668 0.9096
vn -0.2219 -0.5181 0.8261
vn -0.2169 -0.5281 0.8210
vn -0.2376 -0.7073 0.6658
vn -0.2040 -0.6701 0.7137
vn -0.4068 -0.9090 0.0901
vn -0.4456 -0.7862 0.4283
vn 0.4721 0.0117 -0.8815
vn -0.5285 -0.8276 0.1890
vn -0.5795 -0.6742 0.4578
vn -0.2391 -0.6204 0.7469
vn -0.1970 -0.6399 0.7428
vn -0.7223 -0.4008 0.5636
vn -0.7776 -0.3783 0.5023
vn -0.8126 -0.3616 0.4570
vn -0.3247 -0.7206 0.6127
vn 0.4223 -0.6475 0.6344
vn 0.4295 -0.6307 0.6463
vn 0.3978 -0.6698 0.6270
vn 0.2063 0.6538 -0.7280
vn 0.1664 0.6146 -0.7711
vn 0.2231 0.5397 -0.8118
vn -0.3284 0.6915 -0.6434
vn -0.3174 0.7110 -0.6275
vn -0.3363 0.6581 -0.6737
vn -0.9758 -0.1811 -0.1226
vn -0.9793 -0.1792 0.0936
vn 0.6567 -0.7339 0.1737
vn 0.5797 -0.6884 0.4359
vn 0.8675 -0.2784 -0.4122
vn -0.8250 0.3852 -0.4134
vn -0.6511 0.5770 -0.4931
vn -0.7721 0.5108 -0.3782
vn -0.5850 0.3017 -0.7528
vn 0.2371 -0.7704 0.5919
vn 0.5904 -0.7024 0.3975
vn 0.6528 -0.5835 0.4831
vn -0.9964 -0.0226 0.0821
vn -0.9842 -0.0339 0.1739
vn -0.9319 -0.1838 0.3127
vn -0.9905 -0.0661 0.1205
vn -0.1656 -0.0723 -0.9835
vn -0.5905 0.4336 -0.6807
vn -0.1605 0.2138 -0.9636
vn -0.0022 0.1108 -0.9938
vn 0.0539 0.7073 -0.7048
vn 0.0271 0.6188 -0.7851
vn -0.1611 0.6143 -0.7724
vn 0.1288 0.3703 -0.9200
vn 0.1647 0.6611 -0.7320
vn 0.0635 -0.8474 0.5272
vn 0.0830 -0.9787 0.1877
vn -0.0314 -0.5197 0.8538
vn 0.0957 0.9148 -0.3924
vn -0.2540 0.7816 0.5697
vn -0.2530 0.4592 0.8516
vn -0.9145 -0.4000 0.0610
vn -0.8352 -0.5469 0.0569
vn -0.3273 0.5335 -0.7799
vn 0.0689 -0.9963 0.0518
vn 0.0306 -0.8906 0.4537
vn -0.7990 -0.3795 0.4665
vn -0.2921 -0.6238 0.7249
vn -0.3204 -0.6411 0.6974
vn -0.3416 -0.6368 0.6912
vn -0.1708 -0.0114 0.9852
vn -0.2767 -0.4941 0.8242
vn -0.7410 -0.1901 0.6440
vn -0.0906 -0.5630 0.8215
vn -0.0968 -0.5563 0.8253
vn -0.2400 -0.5008 0.8316
vn -0.3762 -0.4512 0.8092
vn -0.8395 -0.0777 0.5378
vn -0.9175 0.1418 0.3716
vn -0.8437 -0.0147 0.5367
vn -0.4820 -0.3711 0.7937
vn -0.4728 -0.3857 0.7923
vn -0.1347 -0.5621 0.8160
vn -0.0988 -0.5778 0.8101
vn 0.5189 -0.7688 0.3739
vn 0.1755 -0.7693 0.6143
vn 0.3017 -0.7733 0.5577
vn 0.3283 -0.7634 0.5563
vn -0.4255 -0.5214 0.7397
vn -0.5409 -0.4198 0.7288
vn -0.3717 -0.5023 0.7807
vn -0.5130 -0.3755 0.7719
vn -0.5652 -0.3908 0.7265
vn -0.5231 -0.3666 0.7694
vn 0.2238 -0.6986 0.6796
vn 0.1376 -0.6558 0.7423
vn 0.2454 -0.7485 0.6160
vn 0.3415 -0.4609 0.8191
vn 0.2487 -0.5097 0.8236
vn 0.1457 -0.5615 0.8146
vn -0.0026 -0.6066 0.7950
vn -0.0116 -0.5736 0.8191
vn -0.1422 0.2715 -0.9519
vn -0.2503 -0.6203 0.7433
vn -0.3964 -0.5587 0.7285
vn -0.1121 -0.6601 0.7428
vn -0.0861 -0.6988 0.7102
vn -0.2419 -0.6479 0.7223
vn -0.4792 -0.5530 0.6815
vn -0.8849 -0.0167 0.4654
vn -0.9309 0.1280 0.3420
vn -0.9647 0.1068 0.2408
vn -0.9404 -0.0202 0.3395
vn -0.6602 -0.3991 0.6362
vn -0.5641 -0.4204 0.7107
vn -0.1340 -0.6672 0.7327
vn -0.1795 -0.6734 0.7171
vn -0.1991 0.1990 -0.9596
vn 0.3144 0.3302 -0.8900
vn -0.2793 -0.5887 0.7585
vn -0.5028 -0.4399 0.7441
vn -0.1716 -0.6716 0.7208
vn -0.4349 -0.5325 0.7261
vn -0.9167 -0.3987 0.0281
vn -0.9224 -0.3606 0.1388
vn -0.9393 -0.3376 -0.0613
vn -0.9132 -0.3869 -0.1282
vn -0.8296 -0.4679 0.3046
vn -0.7999 -0.4563 0.3898
vn -0.3956 -0.4588 0.7956
vn -0.4408 -0.4461 0.7789
vn 0.7286 0.3628 -0.5810
vn 0.9205 0.3221 -0.2214
vn -0.5524 -0.4198 0.7202
vn 0.7647 0.0953 0.6372
vn 0.4315 -0.1123 0.8951
vn 0.4480 -0.1745 0.8768
vn 0.7868 0.0302 0.6165
vn -0.5546 -0.4049 0.7270
vn -0.5647 -0.4315 0.7036
vn 0.3497 -0.4746 0.8077
vn 0.4378 -0.4193 0.7953
vn 0.4396 -0.4192 0.7944
vn 0.2546 -0.5334 0.8066
vn 0.1583 -0.6060 0.7795
vn 0.3459 -0.4640 0.8155
vn 0.2619 -0.5590 0.7867
vn 0.1821 -0.6337 0.7518
vn -0.0076 -0.6448 0.7643
vn 0.0305 -0.6831 0.7297
vn 0.0197 -0.3022 0.9530
vn 0.0347 -0.3471 0.9372
vn 0.0263 0.8843 -0.4661
vn 0.0873 0.8666 -0.4913
vn -0.4834 -0.4791 0.7327
vn -0.0513 -0.5082 0.8597
vn 0.4093 -0.3513 0.8421
vn 0.4045 -0.4631 0.7886
vn 0.4604 -0.3386 0.8206
vn 0.5155 0.7869 -0.3392
vn 0.5953 0.7132 -0.3702
vn 0.2224 0.7870 -0.5754
vn 0.6164 0.7042 -0.3522
vn -0.1898 -0.6416 0.7431
vn 0.3185 -0.4783 0.8184
vn 0.6265 -0.2375 0.7423
vn 0.8179 0.5664 -0.1013
vn 0.4354 -0.4213 0.7956
vn 0.4332 -0.4214 0.7967
vn -0.0433 -0.9888 0.1427
vn -0.1669 -0.9841 -0.0611
vn -0.2438 -0.9646 -0.1001
vn -0.1019 -0.9887 0.1104
vn 0.4703 -0.4072 0.7830
vn 0.4357 -0.4198 0.7962
vn -0.3173 0.6666 -0.6745
vn -0.3250 0.6524 -0.6846
vn -0.3653 0.5719 -0.7345
vn -0.3959 0.5717 -0.7186
vn -0.3230 0.6925 -0.6451
vn -0.3610 0.6334 -0.6845
vn -0.0430 0.9604 -0.2752
vn 0.2121 0.9669 0.1417
vn -0.3209 0.6684 -0.6711
vn -0.3184 0.6991 -0.6402
vn 0.0006 0.9680 -0.2509
vn 0.2788 0.9478 0.1549
vn -0.4844 0.2187 -0.8471
vn -0.5252 -0.1746 -0.8329
vn -0.5825 -0.1624 -0.7964
vn -0.5249 0.2374 -0.8174
vn 0.5174 -0.0374 0.8549
vn 0.3730 -0.5673 0.7342
vn 0.5104 0.4338 0.7426
vn 0.5701 0.4029 0.7160
vn 0.5645 -0.0443 0.8242
vn 0.4114 -0.5416 0.7331
vn 0.1369 -0.8973 0.4198
vn -0.0761 -0.9931 0.0891
vn 0.1516 -0.8813 0.4475
vn -0.0854 -0.9873 0.1338
vn -0.5019 -0.4622 -0.7311
vn -0.4873 -0.5553 -0.6739
vn -0.5428 -0.5440 -0.6399
vn -0.5620 -0.4548 -0.6909
vn 0.4003 0.7741 0.4905
vn 0.4674 0.7425 0.4798
vn -0.5130 -0.6684 -0.5386
vn -0.5693 -0.4120 -0.7115
vn -0.3972 -0.8643 -0.3084
vn -0.3835 -0.8635 -0.3276
vn -0.4879 -0.7010 -0.5201
vn -0.5647 -0.4394 -0.6987
vn -0.2320 -0.9565 -0.1770
vn -0.2719 -0.9515 -0.1440
vn -0.3946 0.5238 -0.7550
vn -0.3109 0.5410 -0.7814
vn 0.3240 -0.6483 0.6890
vn 0.1804 -0.8217 0.5407
vn 0.3720 -0.6148 0.6954
vn 0.1989 -0.8400 0.5048
vn -0.4218 0.5202 -0.7426
vn -0.5678 -0.4533 0.6872
vn 0.9250 0.2798 -0.2573
vn 0.7856 0.2536 -0.5643
vn 0.7102 0.2896 -0.6417
vn 0.3546 0.2699 -0.8952
vn -0.1173 0.1925 -0.9743
vn -0.0304 0.2531 -0.9670
vn 0.7118 -0.5303 0.4606
vn -0.1436 0.5511 -0.8220
vn -0.7598 0.5492 -0.3480
vn 0.5322 0.3884 -0.7522
vn -0.2372 0.5550 -0.7973
vn 0.4993 0.4064 -0.7652
vn 0.0629 -0.9012 -0.4287
vn -0.0183 -0.6402 -0.7680
vn 0.2685 -0.4414 -0.8562
vn 0.3974 -0.8070 -0.4367
vn 0.3404 -0.8981 -0.2783
vn -0.0272 -0.9487 -0.3151
vn -0.4278 -0.8440 -0.3234
vn -0.3648 -0.8485 -0.3833
vn -0.3309 -0.7477 -0.5757
vn -0.2274 -0.0492 0.9726
vn -0.3996 -0.1982 0.8950
vn -0.2501 -0.7515 0.6105
vn 0.1669 -0.5324 0.8299
vn 0.4181 -0.1635 0.8936
vn 0.1900 0.2801 0.9410
vn -0.1163 0.5956 0.7948
vn -0.5504 0.4395 0.7099
vn -0.8732 0.1019 0.4766
vn 0.1929 0.9804 0.0409
vn 0.2796 0.9568 0.0801
vn 0.5231 0.8463 0.1007
vn 0.4983 0.8637 0.0752
vn 0.5241 0.8059 0.2754
vn 0.1479 0.9886 0.0275
vn -0.2590 0.9640 -0.0602
vn -0.2074 0.9771 -0.0467
vn 0.0138 0.9939 -0.1090
vn -0.3025 -0.1788 0.9362
vn -0.5592 -0.4321 0.7075
vn -0.4639 -0.4956 0.7343
vn -0.2007 -0.2694 0.9419
vn 0.0777 0.0136 0.9969
vn 0.0008 0.1163 0.9932
vn 0.3047 0.4032 0.8629
vn 0.3476 0.3226 0.8804
vn 0.5264 0.5472 0.6508
vn 0.5039 0.5859 0.6346
vn -0.8541 -0.5173 -0.0544
vn -0.9821 0.1884 -0.0072
vn -0.9580 0.2078 -0.1976
vn -0.8377 -0.4824 -0.2561
vn -0.6329 -0.7463 -0.2060
vn -0.2001 -0.9694 0.1420
vn -0.8486 -0.4921 0.1941
vn 0.6205 -0.7555 -0.2101
vn 0.2174 -0.9719 -0.0904
vn 0.2690 -0.9483 -0.1686
vn 0.6142 -0.7532 -0.2356
vn 0.8607 -0.4782 -0.1746
vn 0.8845 -0.4455 -0.1389
vn 0.9061 -0.4094 -0.1064
vn 0.6217 -0.7479 -0.2329
vn 0.1057 -0.9804 -0.1664
vn -0.6289 0.7483 0.2108
vn -0.1184 0.9853 0.1229
vn 0.1388 0.9496 0.2810
vn -0.5599 0.4325 0.7067
vn -0.8918 -0.1026 0.4406
vn -0.8738 0.1804 0.4516
vn -0.9534 0.2644 0.1451
vn -0.5894 0.8068 0.0420
vn -0.0577 0.9936 0.0968
vn -0.2013 -0.9666 0.1587
vn -0.4656 -0.8163 0.3419
vn -0.4628 -0.8770 0.1293
vn -0.1151 -0.9932 -0.0183
vn -0.4533 -0.8867 0.0912
vn -0.6371 -0.7440 0.2014
vn 0.2890 0.9427 0.1668
vn 0.5839 0.7854 0.2054
vn 0.5476 0.8235 0.1483
vn 0.3080 0.9349 0.1766
vn 0.3422 0.9042 0.2555
vn 0.5907 0.7098 0.3837
vn 0.9931 -0.1153 0.0217
vn 0.9883 -0.1456 -0.0462
vn 0.9739 0.2159 0.0704
vn 0.9684 0.1934 0.1577
vn 0.9426 0.1461 0.3003
vn 0.9904 -0.0837 0.1104
vn 0.8331 0.5099 0.2145
vn 0.8116 0.5686 0.1341
vn 0.8129 0.4341 0.3883
vn -0.8165 -0.2713 0.5097
vn -0.9267 -0.2414 0.2881
vn -0.8729 -0.4172 0.2529
vn -0.7712 -0.4220 0.4766
vn -0.8570 -0.4134 0.3078
vn -0.9106 -0.2760 0.3076
vn -0.7924 -0.5988 0.1163
vn -0.9058 0.0422 0.4215
vn -0.9592 0.1650 0.2296
vn -0.8547 -0.5086 -0.1039
vn -0.6155 -0.7508 -0.2396
vn -0.1483 -0.9839 -0.0999
vn -0.0295 -0.9343 0.3553
vn -0.4217 -0.6722 0.6086
vn -0.6096 -0.2157 0.7628
vn -0.6081 0.6419 0.4671
vn -0.0120 0.7406 0.6719
vn -0.4122 0.8401 0.3526
vn -0.6241 0.7324 0.2723
vn -0.7973 0.5791 0.1701
vn -0.9512 0.0929 0.2942
vn -0.7850 -0.0131 0.6194
vn -0.4604 0.3215 0.8274
vn -0.0265 0.5116 0.8588
vn -0.7058 -0.6119 -0.3570
vn -0.5589 -0.4852 -0.6725
vn -0.5581 -0.4639 -0.6880
vn -0.7133 -0.6061 -0.3519
vn -0.7479 -0.6636 0.0177
vn -0.7590 -0.6510 -0.0102
vn -0.3548 -0.3048 -0.8839
vn -0.0754 -0.0499 -0.9959
vn -0.0562 -0.0331 -0.9979
vn -0.3367 -0.2774 -0.8998
vn 0.6341 0.7005 0.3275
vn 0.6434 0.6924 0.3265
vn 0.6797 0.7303 -0.0682
vn 0.6821 0.7303 -0.0381
vn -0.7693 -0.6244 -0.1350
vn -0.9400 -0.3307 -0.0832
vn -0.9334 -0.2696 -0.2368
vn -0.7601 -0.5809 -0.2912
vn -0.4527 -0.8697 -0.1965
vn -0.7245 -0.6543 0.2165
vn -0.9931 -0.1018 -0.0576
vn -0.9970 -0.0454 -0.0628
vn -0.9034 0.3280 -0.2763
vn -0.9789 0.0085 -0.2041
vn 0.7984 0.5945 0.0958
vn 0.9742 0.2248 0.0186
vn 0.9732 0.2300 -0.0015
vn 0.7907 0.6085 0.0672
vn 0.5317 0.8364 0.1330
vn 0.9827 -0.1643 -0.0859
vn 0.8495 -0.4933 -0.1872
vn 0.8478 -0.5047 -0.1629
vn 0.9812 -0.1733 -0.0846
vn 0.3285 0.9334 0.1440
vn 0.3972 0.9044 0.1560
vn -0.0618 -0.9658 -0.2518
vn 0.3144 -0.9082 -0.2764
vn 0.6223 -0.7402 -0.2546
vn 0.6306 -0.7425 -0.2261
vn 0.0237 -0.2798 0.9598
vn -0.5439 -0.4412 0.7138
vn -0.0189 -0.6202 0.7842
vn 0.1887 -0.4760 0.8589
vn 0.3968 -0.3057 0.8655
vn 0.4387 0.2125 0.8732
vn 0.0368 0.3313 0.9428
vn -0.2761 0.0800 0.9578
vn -0.5805 -0.0914 0.8091
vn -0.9895 -0.1308 -0.0619
vn -0.8383 0.2814 -0.4670
vn -0.9421 -0.2654 0.2052
vn -0.8675 -0.4260 0.2571
vn -0.9699 -0.2400 -0.0405
vn -0.8042 0.2430 -0.5424
vn -0.3950 0.7108 -0.5820
vn 0.2182 0.9146 -0.3404
vn -0.5406 0.7895 -0.2905
vn -0.3233 0.6580 -0.6801
vn -0.0926 0.7701 -0.6311
vn -0.2124 -0.0413 0.9763
vn -0.4549 -0.1262 0.8816
vn -0.0770 0.2991 0.9511
vn 0.0658 0.1058 0.9922
vn 0.2959 -0.2153 0.9306
vn 0.0693 -0.3468 0.9354
vn -0.2172 -0.4311 0.8758
vn -0.5464 0.4510 0.7057
vn -0.0439 0.7404 0.6707
vn -0.2626 0.9330 0.2461
vn -0.6590 0.7257 0.1977
vn -0.8959 0.4150 0.1587
vn -0.8494 0.1353 0.5101
vn 0.4651 0.7810 0.4167
vn 0.7159 0.4672 0.5188
vn 0.6417 0.7183 0.2687
vn 0.4859 0.8739 -0.0150
vn 0.0085 0.9945 -0.1046
vn -0.9629 -0.1745 0.2056
vn -0.9291 0.3157 -0.1926
vn -0.8804 0.2446 -0.4063
vn -0.9468 -0.3204 0.0309
vn -0.8103 -0.5221 0.2660
vn -0.5647 0.7591 -0.3239
vn -0.1980 0.8347 -0.5139
vn -0.4464 0.7063 -0.5494
vn 0.1554 -0.4906 0.8574
vn 0.4516 -0.7741 0.4438
vn 0.7371 -0.4717 0.4840
vn 0.6098 -0.1881 0.7699
vn 0.2447 0.1614 0.9561
vn -0.2506 0.0226 0.9678
vn 0.5468 -0.7989 0.2504
vn -0.0992 -0.9859 0.1347
vn 0.3883 -0.9197 -0.0591
vn 0.6008 -0.7988 0.0312
vn 0.7714 -0.6266 0.1108
vn 0.8121 -0.2722 0.5162
vn 0.6007 -0.2645 0.7545
vn 0.3082 -0.6469 0.6975
vn -0.1242 -0.8559 0.5020
vn -0.7644 -0.6230 0.1657
vn -0.9682 -0.2434 -0.0581
vn -0.7922 -0.6007 -0.1075
vn -0.4905 -0.8593 -0.1450
vn -0.5546 -0.5194 0.6501
vn 0.5904 0.3700 0.7173
vn 0.8638 0.1260 0.4879
vn 0.6946 0.4310 0.5760
vn 0.4240 0.6787 0.5997
vn 0.3349 0.1531 0.9297
vn -0.1061 -0.2036 0.9733
vn 0.5003 0.5517 0.6674
vn 0.7400 -0.1615 0.6529
vn 0.7425 0.4230 0.5193
vn 0.5657 0.6873 0.4556
vn 0.0188 0.9652 0.2608
vn -0.0272 0.8729 0.4872
vn 0.4826 -0.7672 0.4226
vn 0.3585 -0.9271 0.1096
vn 0.5639 -0.7947 0.2246
vn 0.7220 -0.6164 0.3143
vn -0.6254 0.7427 0.2393
vn -0.6086 0.7931 0.0242
vn -0.6586 -0.6153 0.4332
vn -0.7441 -0.6115 0.2691
vn -0.5167 0.5071 0.6898
vn 0.2580 0.5578 0.7888
vn -0.3498 0.7457 0.5671
vn -0.5803 0.6496 0.4913
vn 0.5872 -0.8070 -0.0621
vn 0.3321 -0.8831 -0.3314
vn 0.6001 -0.7535 -0.2684
vn 0.9394 -0.3406 -0.0397
vn 0.9147 -0.3763 0.1474
vn 0.8746 0.0889 0.4767
vn 0.9487 0.1254 0.2903
vn 0.8213 0.3433 0.4557
vn -0.3716 0.6823 -0.6296
vn -0.1339 0.8008 -0.5838
vn -0.8373 0.2384 -0.4920
vn -0.9483 -0.3169 -0.0145
vn -0.8111 -0.5292 0.2492
vn 0.6651 0.7092 0.2338
vn 0.7313 0.4581 0.5053
vn 0.7587 0.4389 0.4814
vn 0.7103 0.6785 0.1874
vn 0.5772 0.8076 -0.1209
vn 0.5137 0.8556 -0.0632
vn 0.1923 -0.4871 0.8519
vn -0.0431 -0.6127 0.7891
vn 0.3936 -0.3235 0.8605
vn -0.6039 0.7966 0.0272
vn -0.0103 0.9833 0.1814
vn -0.9697 0.2258 -0.0935
vn 0.5162 -0.7688 0.3775
vn 0.3316 -0.8949 0.2986
vn 0.2952 -0.8484 0.4395
vn 0.4646 -0.7260 0.5069
vn 0.5941 -0.5908 0.5458
vn 0.6484 -0.6076 0.4587
vn 0.4609 0.8026 0.3787
vn 0.6161 0.6254 0.4788
vn -0.9119 -0.4037 -0.0738
vn -0.7590 -0.6510 0.0033
vn 0.7486 0.4088 0.5219
vn 0.8934 0.1327 0.4292
vn 0.5238 0.6408 0.5613
vn -0.8011 -0.5947 -0.0668
vn -0.9688 -0.2475 -0.0103
vn -0.5100 -0.8541 -0.1023
vn 0.5989 -0.7977 0.0706
vn 0.4126 -0.9109 -0.0050
vn 0.4204 -0.9035 0.0830
vn 0.5944 -0.7908 0.1464
vn 0.7221 -0.6636 0.1955
vn 0.7444 -0.6513 0.1473
vn -0.6139 0.7219 0.3195
vn -0.4463 0.7997 0.4017
vn -0.4603 0.7660 0.4487
vn -0.5882 0.7026 0.4005
vn -0.7359 0.5949 0.3235
vn -0.7662 0.6007 0.2282
vn 0.9776 -0.0033 0.2103
vn 0.9227 -0.3779 -0.0760
vn 0.9084 0.1894 0.3727
vn 0.6053 -0.7500 -0.2667
vn -0.0743 -0.9537 -0.2914
vn -0.5490 0.5695 0.6118
vn -0.3120 0.6276 0.7133
vn -0.2827 0.5571 0.7808
vn -0.4737 0.4837 0.7360
vn -0.6900 0.3570 0.6297
vn -0.7341 0.4336 0.5226
vn -0.7611 -0.6461 -0.0571
vn -0.9311 -0.3538 0.0888
vn 0.6336 0.7547 0.1703
vn 0.6756 0.5887 0.4438
vn 0.9664 -0.1710 -0.1922
vn 0.8244 -0.4654 -0.3222
vn 0.7454 -0.0279 -0.6660
vn 0.8929 0.0537 -0.4470
vn 0.8977 0.3770 -0.2282
vn 0.9702 0.2362 -0.0543
vn 0.2375 0.2477 -0.9393
vn 0.4950 0.5089 -0.7042
vn 0.4834 0.4896 -0.7257
vn 0.2405 0.2425 -0.9399
vn -0.9737 0.0726 -0.2158
vn -0.9759 0.0753 -0.2049
vn -0.8899 -0.4470 -0.0913
vn -0.9314 -0.2627 -0.2520
vn -0.8625 0.4710 -0.1852
vn -0.8593 0.4808 -0.1744
vn 0.6406 0.6701 -0.3749
vn 0.6286 0.6572 -0.4159
vn 0.6429 -0.6546 -0.3977
vn 0.5348 -0.2227 -0.8151
vn 0.7812 0.6227 0.0440
vn 0.7430 0.6692 0.0065
vn -0.5896 0.7970 -0.1311
vn -0.6013 0.7881 -0.1314
vn -0.7443 -0.5902 -0.3126
vn -0.6989 -0.6086 -0.3757
vn -0.6268 -0.6646 0.4068
vn -0.7494 -0.6514 0.1186
vn -0.5900 -0.6164 0.5215
vn 0.6263 -0.6320 0.4564
vn 0.6953 -0.6851 0.2173
vn 0.6930 -0.6835 0.2292
vn -0.3843 -0.5684 0.7275
vn -0.6692 -0.6384 0.3803
vn 0.6656 -0.7462 0.0139
vn 0.6320 -0.7749 0.0095
vn 0.4390 -0.8667 0.2369
vn 0.5359 -0.8406 0.0782
vn -0.0897 -0.3545 0.9308
vn 0.1850 -0.0535 0.9813
vn 0.6839 0.5337 -0.4975
vn 0.7203 0.6597 -0.2145
vn 0.5501 0.3747 -0.7463
vn 0.3171 0.1507 -0.9363
vn 0.0295 -0.1010 -0.9944
vn -0.2556 -0.3293 -0.9090
vn -0.4965 -0.4942 -0.7136
vn -0.7163 -0.5910 -0.3710
vn 0.3664 -0.8672 0.3372
vn 0.4181 0.2858 0.8623
vn 0.3957 0.2441 0.8854
vn 0.5258 0.4934 0.6929
vn 0.6564 0.7208 0.2226
vn -0.7225 -0.6028 0.3386
vn -0.0306 -0.3971 0.9173
vn 0.3646 -0.5239 0.7698
vn 0.3427 -0.4480 0.8258
vn -0.0380 -0.3458 0.9375
vn -0.2782 -0.4583 0.8441
vn 0.2568 -0.5353 0.8047
vn -0.4493 -0.2060 0.8693
vn -0.4666 -0.2739 0.8410
vn -0.4458 -0.1756 0.8778
vn 0.1752 0.9540 -0.2432
vn 0.2281 0.6385 -0.7351
vn 0.1439 0.6482 -0.7478
vn 0.1793 0.9476 -0.2643
vn 0.1034 0.9597 -0.2614
vn 0.2777 0.6480 -0.7092
vn 0.0896 0.9688 0.2310
vn -0.0738 0.9797 0.1864
vn 0.1875 0.9570 0.2213
vn 0.2480 -0.1007 0.9635
vn 0.1792 -0.4974 0.8488
vn 0.1502 -0.5025 0.8514
vn 0.2421 -0.0324 0.9697
vn 0.2412 -0.2803 0.9291
vn 0.1784 -0.5242 0.8327
vn 0.4530 0.3075 0.8368
vn 0.6494 -0.2014 0.7332
vn 0.2719 0.4520 0.8496
vn 0.0437 -0.7139 0.6989
vn -0.0564 -0.6857 0.7256
vn 0.0436 -0.6793 0.7326
vn 0.1545 -0.6811 0.7157
vn -0.1364 -0.7209 0.6795
vn -0.2053 -0.6479 0.7336
vn 0.2389 -0.7005 0.6725
vn 0.0245 -0.7631 0.6459
vn 0.3349 -0.6417 0.6900
vn -0.3756 0.5680 -0.7323
vn -0.4389 0.4980 -0.7479
vn -0.4845 0.4520 -0.7490
vn -0.6032 0.4158 -0.6806
vn -0.5013 0.5061 -0.7018
vn -0.5336 0.4279 -0.7295
vn -0.4846 0.3823 -0.7867
vn -0.4423 0.4214 -0.7917
vn -0.8566 -0.2180 -0.4678
vn -0.5644 0.4116 -0.7156
vn -0.5282 0.4217 -0.7370
vn -0.5582 0.4077 -0.7226
vn -0.5922 0.4181 -0.6889
vn -0.4144 0.4054 -0.8148
vn -0.2544 0.4074 -0.8771
vn -0.5234 0.2004 -0.8282
vn -0.4148 0.1246 -0.9013
vn -0.5780 0.2414 -0.7795
vn -0.2070 -0.6858 0.6978
vn -0.2736 -0.5664 0.7774
vn -0.2630 -0.6499 0.7131
vn -0.3571 -0.4763 0.8035
vn -0.1395 -0.7690 0.6238
vn -0.1562 -0.7795 0.6067
vn 0.3928 -0.8809 0.2642
vn 0.4013 -0.7563 0.5167
vn 0.0769 -0.8548 0.5132
vn 0.0473 -0.9865 0.1567
vn 0.7625 -0.4709 0.4437
vn 0.7671 -0.3595 0.5314
vn 0.2725 -0.8541 0.4430
vn 0.4129 -0.6550 0.6329
vn 0.0502 -0.9499 0.3086
vn 0.2139 0.6652 -0.7153
vn 0.2191 0.6214 -0.7523
vn 0.2664 0.6395 -0.7212
vn 0.2647 0.6534 -0.7093
vn 0.1177 0.6991 -0.7053
vn 0.1329 0.6203 -0.7730
vn 0.4295 0.3547 -0.8305
vn 0.3096 0.5330 -0.7874
vn 0.2807 0.6063 -0.7440
vn 0.4652 -0.8806 -0.0905
vn 0.5460 -0.6309 -0.5512
vn 0.4175 -0.8773 -0.2368
vn 0.4483 -0.8853 -0.1236
vn 0.5875 0.0309 -0.8086
vn 0.5735 -0.2936 -0.7648
vn 0.5075 0.3688 -0.7788
vn 0.5876 -0.8091 -0.0117
vn 0.7295 -0.6834 0.0299
vn 0.3386 -0.9336 0.1175
vn 0.1883 -0.7820 -0.5941
vn 0.5980 -0.7615 -0.2501
vn -0.3890 -0.3830 -0.8379
vn 0.0849 -0.3732 -0.9238
vn -0.9914 -0.0666 0.1127
vn -0.8327 -0.2149 0.5103
vn -0.9792 0.1140 0.1678
vn -0.9922 0.0821 -0.0935
vn -0.5104 -0.4306 0.7443
vn -0.5804 0.4534 -0.6764
vn -0.5550 0.4082 -0.7248
vn -0.5574 0.3242 -0.7644
vn 0.5640 -0.4049 0.7197
vn 0.7512 -0.4339 0.4974
vn 0.6859 -0.4020 0.6065
vn 0.5476 -0.4058 0.7318
vn 0.5797 -0.4071 0.7058
vn 0.7849 -0.4906 0.3786
vn 0.5399 -0.4066 0.7370
vn 0.5229 -0.3859 0.7601
vn 0.5586 -0.4117 0.7200
vn 0.1872 -0.9326 0.3085
vn -0.0748 -0.9052 0.4184
vn 0.1730 -0.7919 0.5856
vn 0.4228 -0.7599 0.4938
vn -0.5125 0.2123 -0.8320
vn -0.4930 0.2550 -0.8318
vn -0.5627 0.0623 -0.8243
vn 0.5814 -0.6882 0.4340
vn 0.4614 -0.8686 0.1809
vn -0.3501 0.2334 -0.9072
vn -0.2343 -0.0667 -0.9699
vn -0.0892 -0.0920 -0.9917
vn -0.3223 0.1869 -0.9280
vn -0.2818 0.3297 -0.9010
vn -0.3571 0.2152 -0.9089
vn -0.4791 0.5265 -0.7023
vn -0.3526 0.5887 -0.7274
vn -0.5661 0.4554 -0.6871
vn 0.8691 0.2723 -0.4129
vn 0.9665 -0.2509 0.0534
vn 0.9413 -0.3321 0.0605
vn 0.9686 -0.2034 0.1432
vn 0.2123 0.6395 -0.7389
vn 0.0459 0.6231 -0.7808
vn 0.1998 0.5632 -0.8018
vn 0.9001 0.0460 -0.4333
vn 0.7571 0.4375 -0.4853
vn 0.9855 -0.0628 -0.1576
vn -0.1876 -0.2390 -0.9527
vn -0.3582 0.1013 -0.9281
vn -0.2858 0.0939 -0.9537
vn 0.0024 -0.2086 -0.9780
vn -0.5056 -0.0093 -0.8627
vn -0.4142 0.1695 -0.8943
vn 0.5350 -0.5014 0.6800
vn 0.5546 -0.4570 0.6954
vn 0.5808 -0.4278 0.6926
vn 0.5975 -0.4587 0.6577
vn 0.3467 -0.5839 0.7340
vn 0.3847 -0.5541 0.7382
vn -0.0084 0.7936 0.6083
vn -0.1097 0.4713 0.8751
vn -0.3330 0.4623 0.8218
vn -0.2232 0.8000 0.5569
vn 0.1624 0.7798 0.6046
vn 0.1008 0.4650 0.8795
vn -0.7944 0.0044 0.6074
vn -0.7868 0.0301 0.6165
vn -0.9638 0.1834 0.1936
vn -0.9552 0.2099 0.2088
vn 0.5365 0.7562 0.3747
vn 0.2279 0.8008 0.5539
vn 0.9260 0.3776 0.0080
vn 0.1418 0.9887 -0.0491
vn 0.1723 0.9052 -0.3884
vn 0.1302 0.9811 0.1428
vn 0.2583 -0.1236 0.9581
vn 0.4455 -0.4058 0.7980
vn 0.3267 -0.4898 0.8083
vn 0.2450 -0.2719 0.9306
vn 0.1737 -0.0732 0.9821
vn 0.4895 -0.3601 0.7942
vn -0.0638 0.2253 0.9722
vn -0.2041 0.2452 0.9477
vn -0.0776 -0.2105 0.9745
vn -0.6543 0.3462 0.6724
vn -0.3092 0.1242 0.9428
vn -0.5390 0.5154 0.6662
vn -0.7102 0.2215 0.6682
vn -0.3726 0.0123 0.9279
vn -0.8391 0.4880 0.2404
vn -0.8897 0.3767 0.2579
vn -0.7249 0.6555 0.2116
vn 0.1030 0.9485 -0.2994
vn 0.0055 0.6644 -0.7473
vn -0.1000 0.6674 -0.7379
vn 0.0035 0.9422 -0.3351
vn 0.1984 0.9628 0.1835
vn -0.8241 0.5126 -0.2412
vn -0.6006 0.3985 -0.6932
vn -0.6186 0.3887 -0.6829
vn -0.8725 0.4427 -0.2066
vn -0.7255 0.6297 -0.2776
vn 0.1037 -0.1201 0.9873
vn 0.5091 -0.3521 0.7854
vn 0.0390 -0.1985 0.9793
vn 0.4943 -0.3933 0.7752
vn -0.2029 0.0049 0.9792
vn -0.2457 -0.5546 0.7950
vn -0.3167 -0.5693 0.7587
vn -0.3802 -0.0202 0.9247
vn -0.0117 0.0024 0.9999
vn -0.1389 -0.5459 0.8263
vn -0.9056 0.3683 -0.2104
vn -0.6517 0.3808 -0.6559
vn -0.6887 0.3619 -0.6283
vn -0.9195 0.3226 -0.2248
vn -0.9343 0.2683 0.2347
vn -0.9548 0.2091 0.2113
vn -0.5752 0.7346 -0.3599
vn -0.4312 0.7782 -0.4565
vn -0.6011 0.7956 0.0760
vn -0.5512 0.8007 -0.2348
vn -0.4417 0.6309 0.6378
vn -0.4070 0.0738 0.9104
vn -0.7005 0.7080 0.0900
vn 0.5136 -0.6627 0.5451
vn 0.4684 -0.8453 0.2569
vn 0.1397 -0.8537 0.5018
vn 0.3322 -0.7149 0.6153
vn 0.6686 -0.5730 0.4740
vn 0.7025 -0.6990 0.1340
vn 0.1816 -0.7357 0.6525
vn 0.0765 -0.7907 0.6074
vn 0.2286 -0.7026 0.6739
vn -0.1312 0.2592 -0.9569
vn 0.2832 0.0897 -0.9549
vn 0.2627 0.1743 -0.9490
vn -0.2055 0.3045 -0.9301
vn -0.1363 0.1771 -0.9747
vn 0.2190 -0.0253 -0.9754
vn -0.2005 -0.9005 0.3858
vn -0.1275 -0.9918 0.0081
vn -0.0236 -0.9990 0.0393
vn -0.1678 -0.9030 0.3956
vn -0.1790 -0.8871 0.4254
vn -0.1560 -0.9862 0.0550
vn 0.7712 -0.5124 0.3777
vn 0.8220 -0.5695 -0.0025
vn 0.8215 -0.4908 0.2901
vn 0.8703 -0.4782 -0.1177
vn -0.2284 0.1590 -0.9605
vn 0.0824 -0.0735 -0.9939
vn -0.0503 0.2592 -0.9645
vn -0.0631 -0.1161 -0.9912
vn -0.1125 -0.0403 -0.9928
vn -0.1374 0.3125 -0.9399
vn 0.0955 0.1895 -0.9772
vn 0.0482 -0.1988 -0.9789
vn 0.5284 -0.4966 -0.6886
vn 0.5167 -0.5103 -0.6875
vn 0.8147 -0.5732 -0.0881
vn 0.7421 -0.6679 0.0568
vn -0.0599 -0.0610 -0.9963
vn 0.1266 -0.0533 -0.9905
vn 0.2201 0.1528 -0.9634
vn 0.1736 -0.2408 -0.9549
vn 0.3589 0.1799 -0.9159
vn 0.3561 -0.2169 -0.9089
vn 0.6977 -0.5263 0.4861
vn 0.9107 -0.4076 0.0665
vn 0.9341 -0.3570 0.0047
vn 0.7370 -0.4653 0.4902
vn 0.8844 -0.4238 0.1955
vn 0.6316 -0.4459 0.6343
vn 0.6526 -0.4065 0.6394
vn 0.9091 -0.3732 0.1851
vn 0.7392 -0.6735 -0.0007
vn 0.5955 -0.6927 0.4069
vn 0.1351 -0.4593 -0.8780
vn 0.1298 -0.5059 -0.8528
vn 0.0271 -0.4052 -0.9138
vn 0.0225 -0.3929 -0.9193
vn 0.3223 -0.4819 -0.8148
vn 0.3128 -0.5615 -0.7661
vn 0.5842 -0.7999 -0.1376
vn 0.5105 -0.8433 0.1682
vn -0.0298 -0.3253 -0.9451
vn -0.0129 -0.0889 -0.9960
vn -0.3509 -0.1326 -0.9270
vn -0.4727 -0.8179 0.3281
vn -0.6946 -0.6600 -0.2862
vn -0.6091 -0.7563 0.2388
vn -0.0612 -0.7861 0.6151
vn -0.8111 -0.1067 -0.5751
vn 0.1711 -0.6298 0.7577
vn 0.1744 -0.6353 0.7523
vn -0.2923 -0.6620 0.6902
vn -0.2330 -0.6890 0.6863
vn 0.1537 -0.1379 -0.9785
vn -0.2301 0.1442 -0.9624
vn 0.2024 -0.0283 -0.9789
vn 0.2736 -0.0656 -0.9596
vn 0.8102 -0.5809 -0.0784
vn 0.7609 -0.5411 0.3582
vn 0.6647 -0.6386 0.3878
vn 0.6827 -0.7306 0.0079
vn 0.8697 -0.4859 -0.0862
vn -0.0726 -0.9765 -0.2029
vn -0.1346 -0.9800 0.1465
vn 0.0055 -0.9999 0.0088
vn 0.0816 -0.9737 -0.2129
vn -0.1239 -0.9870 -0.1023
vn -0.1313 -0.9396 0.3162
vn 0.3816 0.0421 -0.9234
vn 0.3550 0.0612 -0.9329
vn -0.0058 0.3015 -0.9535
vn 0.3142 0.1886 -0.9304
vn 0.0001 0.7089 -0.7053
vn 0.0301 0.6414 -0.7666
vn -0.1243 0.6098 -0.7828
vn -0.1527 0.6889 -0.7086
vn 0.6099 0.6281 -0.4833
vn 0.5591 0.6197 -0.5507
vn -0.0621 -0.3135 -0.9476
vn -0.0354 0.1079 -0.9935
vn -0.0876 0.1438 -0.9857
vn -0.0820 -0.2376 -0.9679
vn -0.6484 -0.6737 -0.3546
vn -0.8052 -0.3593 -0.4717
vn -0.5981 -0.8014 -0.0114
vn 0.8918 -0.0023 -0.4525
vn 0.9473 -0.1978 -0.2520
vn 0.8265 0.3028 -0.4746
vn -0.2679 -0.8135 0.5162
vn 0.0675 -0.7590 0.6476
vn -0.0442 -0.7022 0.7106
vn -0.4351 -0.7443 0.5067
vn 0.0334 -0.9527 0.3020
vn 0.2386 -0.8456 0.4775
vn -0.1242 -0.7336 0.6681
vn -0.2736 -0.7083 0.6507
vn -0.8875 0.0857 -0.4527
vn -0.7396 0.2359 -0.6304
vn -0.8414 0.0558 -0.5375
vn -0.6945 0.3599 -0.6230
vn -0.7264 0.2852 -0.6252
vn -0.5776 0.3765 -0.7243
vn -0.3044 0.7990 -0.5186
vn -0.1978 0.8455 -0.4960
vn -0.2115 0.6372 -0.7411
vn -0.2520 0.6267 -0.7374
vn -0.2934 0.8078 -0.5113
vn 0.7256 0.5405 -0.4259
vn 0.3778 0.7349 -0.5632
vn 0.9370 -0.2386 0.2550
vn 0.6922 -0.4937 0.5264
vn 0.5634 -0.4681 0.6807
vn 0.6252 -0.5255 0.5771
vn 0.3816 0.7343 -0.5614
vn 0.3998 0.7793 -0.4825
vn -0.1800 0.4099 -0.8942
vn -0.1245 0.4082 -0.9044
vn 0.1193 0.3782 -0.9180
vn -0.1533 0.4453 -0.8822
vn 0.1954 -0.3668 0.9096
vn 0.2219 -0.5181 0.8261
vn 0.2169 -0.5281 0.8210
vn 0.2376 -0.7073 0.6658
vn 0.2040 -0.6701 0.7137
vn 0.4068 -0.9091 0.0902
vn 0.4456 -0.7862 0.4283
vn -0.4721 0.0117 -0.8815
vn 0.5286 -0.8276 0.1891
vn 0.5795 -0.6742 0.4578
vn 0.2391 -0.6204 0.7469
vn 0.7776 -0.3783 0.5023
vn 0.7223 -0.4008 0.5636
vn 0.1970 -0.6399 0.7428
vn 0.3247 -0.7206 0.6127
vn 0.8126 -0.3616 0.4570
vn -0.4295 -0.6307 0.6463
vn -0.4223 -0.6475 0.6344
vn -0.3978 -0.6698 0.6270
vn -0.2063 0.6538 -0.7280
vn -0.1664 0.6146 -0.7711
vn -0.2231 0.5397 -0.8118
vn 0.3174 0.7110 -0.6275
vn 0.3284 0.6915 -0.6434
vn 0.3363 0.6581 -0.6737
vn 0.9758 -0.1811 -0.1226
vn 0.9793 -0.1792 0.0935
vn -0.6567 -0.7339 0.1737
vn -0.5797 -0.6884 0.4359
vn -0.8675 -0.2784 -0.4122
vn 0.8250 0.3852 -0.4134
vn 0.6511 0.5770 -0.4931
vn 0.5850 0.3017 -0.7528
vn 0.7721 0.5108 -0.3782
vn -0.6528 -0.5835 0.4831
vn -0.5904 -0.7024 0.3975
vn -0.2371 -0.7704 0.5919
vn 0.9964 -0.0226 0.0820
vn 0.9905 -0.0661 0.1205
vn 0.9319 -0.1838 0.3127
vn 0.9842 -0.0339 0.1739
vn 0.1656 -0.0723 -0.9835
vn 0.1605 0.2138 -0.9636
vn 0.5905 0.4336 -0.6807
vn 0.0022 0.1108 -0.9938
vn -0.0539 0.7073 -0.7048
vn -0.0271 0.6188 -0.7851
vn 0.1611 0.6143 -0.7724
vn -0.1288 0.3703 -0.9200
vn -0.1647 0.6611 -0.7320
vn -0.0635 -0.8474 0.5272
vn -0.0830 -0.9787 0.1877
vn 0.0314 -0.5197 0.8538
vn -0.0957 0.9148 -0.3924
vn 0.2540 0.7816 0.5697
vn 0.2530 0.4592 0.8516
vn 0.9145 -0.4000 0.0610
vn 0.8352 -0.5469 0.0569
vn 0.3273 0.5335 -0.7799
vn -0.0689 -0.9963 0.0518
vn -0.0306 -0.8906 0.4537
vn 0.7990 -0.3795 0.4665
vn 0.2921 -0.6238 0.7249
vn 0.3204 -0.6411 0.6974
vn 0.3416 -0.6368 0.6912
vn 0.1708 -0.0114 0.9852
vn 0.2767 -0.4941 0.8242
vn 0.7410 -0.1901 0.6440
vn 0.0906 -0.5630 0.8215
vn 0.2400 -0.5008 0.8316
vn 0.0968 -0.5563 0.8253
vn 0.3762 -0.4512 0.8092
vn 0.8395 -0.0777 0.5378
vn 0.8437 -0.0147 0.5367
vn 0.9175 0.1418 0.3716
vn 0.4728 -0.3857 0.7923
vn 0.4820 -0.3711 0.7937
vn 0.1347 -0.5621 0.8160
vn 0.0988 -0.5778 0.8101
vn -0.5189 -0.7688 0.3739
vn -0.1755 -0.7693 0.6143
vn -0.3017 -0.7733 0.5577
vn -0.3283 -0.7634 0.5563
vn 0.4255 -0.5214 0.7397
vn 0.5409 -0.4198 0.7288
vn 0.3717 -0.5023 0.7807
vn 0.5130 -0.3755 0.7719
vn 0.5652 -0.3908 0.7265
vn 0.5231 -0.3666 0.7694
vn -0.2238 -0.6986 0.6796
vn -0.1376 -0.6558 0.7423
vn -0.2454 -0.7485 0.6160
vn -0.2487 -0.5097 0.8236
vn -0.3415 -0.4609 0.8191
vn -0.1457 -0.5615 0.8146
vn 0.0026 -0.6066 0.7950
vn 0.0116 -0.5736 0.8191
vn 0.1422 0.2715 -0.9519
vn 0.2503 -0.6203 0.7433
vn 0.3965 -0.5587 0.7285
vn 0.1121 -0.6601 0.7428
vn 0.2419 -0.6479 0.7223
vn 0.0861 -0.6988 0.7102
vn 0.4792 -0.5530 0.6815
vn 0.8849 -0.0167 0.4654
vn 0.9309 0.1280 0.3420
vn 0.9404 -0.0202 0.3395
vn 0.9647 0.1068 0.2408
vn 0.5641 -0.4204 0.7107
vn 0.6602 -0.3992 0.6362
vn 0.1340 -0.6672 0.7327
vn 0.1795 -0.6734 0.7171
vn 0.1991 0.1990 -0.9596
vn -0.3144 0.3302 -0.8900
vn 0.2793 -0.5887 0.7585
vn 0.5028 -0.4399 0.7441
vn 0.1716 -0.6716 0.7208
vn 0.4349 -0.5325 0.7261
vn 0.9167 -0.3987 0.0281
vn 0.9224 -0.3606 0.1388
vn 0.9132 -0.3869 -0.1282
vn 0.9393 -0.3376 -0.0613
vn 0.8296 -0.4679 0.3046
vn 0.7999 -0.4563 0.3898
vn 0.4408 -0.4461 0.7789
vn 0.3956 -0.4588 0.7956
vn -0.7286 0.3628 -0.5810
vn -0.9205 0.3221 -0.2214
vn 0.5524 -0.4198 0.7202
vn -0.7647 0.0953 0.6373
vn -0.4315 -0.1123 0.8951
vn -0.7868 0.0302 0.6165
vn -0.4480 -0.1745 0.8768
vn 0.5546 -0.4049 0.7270
vn 0.5647 -0.4315 0.7036
vn -0.3497 -0.4746 0.8077
vn -0.4396 -0.4192 0.7944
vn -0.4378 -0.4193 0.7953
vn -0.2546 -0.5334 0.8066
vn -0.1583 -0.6060 0.7795
vn -0.3458 -0.4640 0.8155
vn -0.2619 -0.5590 0.7867
vn -0.1821 -0.6337 0.7518
vn 0.0076 -0.6448 0.7643
vn -0.0305 -0.6831 0.7297
vn -0.0197 -0.3022 0.9530
vn -0.0347 -0.3471 0.9372
vn -0.0262 0.8843 -0.4661
vn -0.0873 0.8666 -0.4913
vn 0.4834 -0.4791 0.7327
vn 0.0513 -0.5082 0.8597
vn -0.4093 -0.3513 0.8421
vn -0.4604 -0.3386 0.8206
vn -0.4045 -0.4631 0.7886
vn -0.5953 0.7132 -0.3702
vn -0.5155 0.7869 -0.3392
vn -0.2224 0.7870 -0.5754
vn -0.6164 0.7042 -0.3522
vn 0.1898 -0.6416 0.7431
vn -0.3185 -0.4783 0.8184
vn -0.6265 -0.2375 0.7423
vn -0.8179 0.5664 -0.1013
vn -0.4354 -0.4213 0.7956
vn -0.4332 -0.4214 0.7967
vn 0.0432 -0.9888 0.1427
vn 0.1669 -0.9841 -0.0611
vn 0.1019 -0.9886 0.1104
vn 0.2438 -0.9646 -0.1001
vn -0.4703 -0.4072 0.7830
vn -0.4357 -0.4198 0.7962
vn 0.3173 0.6666 -0.6745
vn 0.3250 0.6524 -0.6846
vn 0.3653 0.5719 -0.7345
vn 0.3230 0.6925 -0.6451
vn 0.3959 0.5717 -0.7186
vn 0.3610 0.6334 -0.6845
vn 0.0430 0.9604 -0.2752
vn -0.2121 0.9669 0.1417
vn 0.3209 0.6684 -0.6711
vn -0.0006 0.9680 -0.2509
vn 0.3184 0.6991 -0.6402
vn -0.2788 0.9478 0.1549
vn 0.4844 0.2187 -0.8471
vn 0.5252 -0.1746 -0.8329
vn 0.5249 0.2374 -0.8174
vn 0.5825 -0.1624 -0.7964
vn -0.5174 -0.0374 0.8549
vn -0.3730 -0.5673 0.7342
vn -0.5104 0.4338 0.7426
vn -0.5645 -0.0443 0.8242
vn -0.5701 0.4029 0.7160
vn -0.4114 -0.5416 0.7331
vn -0.1369 -0.8973 0.4198
vn 0.0761 -0.9931 0.0891
vn -0.1516 -0.8813 0.4475
vn 0.0854 -0.9873 0.1338
vn 0.5019 -0.4622 -0.7311
vn 0.4873 -0.5553 -0.6739
vn 0.5620 -0.4548 -0.6909
vn 0.5427 -0.5440 -0.6399
vn -0.4003 0.7741 0.4905
vn -0.4674 0.7425 0.4798
vn 0.5130 -0.6684 -0.5386
vn 0.5693 -0.4120 -0.7115
vn 0.3972 -0.8643 -0.3084
vn 0.4879 -0.7010 -0.5201
vn 0.3835 -0.8635 -0.3276
vn 0.5647 -0.4394 -0.6987
vn 0.2320 -0.9565 -0.1770
vn 0.2719 -0.9515 -0.1440
vn 0.3109 0.5410 -0.7814
vn 0.3946 0.5238 -0.7550
vn -0.3240 -0.6483 0.6890
vn -0.1804 -0.8217 0.5407
vn -0.3720 -0.6148 0.6954
vn -0.1989 -0.8400 0.5048
vn 0.4218 0.5202 -0.7426
vn 0.5678 -0.4533 0.6872
vn -0.9250 0.2798 -0.2572
vn -0.7102 0.2896 -0.6417
vn -0.7856 0.2536 -0.5643
vn -0.3546 0.2699 -0.8952
vn 0.1173 0.1925 -0.9743
vn 0.0304 0.2531 -0.9670
vn -0.7118 -0.5303 0.4606
vn 0.1436 0.5511 -0.8220
vn 0.7598 0.5492 -0.3480
vn -0.5322 0.3884 -0.7522
vn 0.2372 0.5550 -0.7973
vn -0.4993 0.4064 -0.7652
vn -0.1282 -0.8937 -0.4299
vn -0.4537 -0.7789 -0.4329
vn -0.2967 -0.4240 -0.8557
vn -0.0218 -0.6358 -0.7715
vn -0.0441 -0.9480 -0.3151
vn -0.4065 -0.8720 -0.2728
vn 0.3004 -0.8704 -0.3900
vn 0.3625 -0.8719 -0.3293
vn 0.2788 -0.7625 -0.5838
vn 0.2385 -0.0663 0.9689
vn -0.1911 -0.5203 0.8324
vn 0.2059 -0.7680 0.6065
vn 0.3986 -0.2269 0.8886
vn -0.1550 0.2917 0.9439
vn -0.4145 -0.1346 0.9000
vn 0.5911 0.3988 0.7012
vn 0.1705 0.5850 0.7929
vn 0.8856 0.0395 0.4628
vn -0.1237 0.9914 0.0432
vn -0.4359 0.8962 0.0828
vn -0.4606 0.8809 0.1083
vn -0.2103 0.9740 0.0840
vn -0.0809 0.9963 0.0298
vn -0.4733 0.8309 0.2924
vn 0.2738 0.9605 -0.0505
vn 0.3216 0.9447 -0.0646
vn 0.0545 0.9926 -0.1089
vn 0.2944 -0.1918 0.9362
vn 0.1888 -0.2780 0.9418
vn 0.4423 -0.5153 0.7341
vn 0.5399 -0.4560 0.7075
vn 0.0043 0.1162 0.9932
vn -0.0771 0.0163 0.9969
vn -0.2869 0.4161 0.8629
vn -0.3329 0.3364 0.8809
vn -0.4780 0.6073 0.6346
vn -0.5012 0.5689 0.6520
vn 0.8145 -0.5762 -0.0678
vn 0.7974 -0.5400 -0.2692
vn 0.9671 0.1399 -0.2126
vn 0.9927 0.1187 -0.0226
vn 0.1334 -0.9813 0.1388
vn 0.5754 -0.7889 -0.2159
vn 0.8147 -0.5510 0.1807
vn -0.6755 -0.7096 -0.2004
vn -0.6694 -0.7077 -0.2259
vn -0.3378 -0.9268 -0.1644
vn -0.2868 -0.9540 -0.0870
vn -0.9158 -0.3818 -0.1250
vn -0.8950 -0.4160 -0.1610
vn -0.6764 -0.7019 -0.2231
vn -0.9343 -0.3443 -0.0922
vn -0.1772 -0.9703 -0.1648
vn 0.6834 0.7019 0.2009
vn 0.6000 0.3911 0.6978
vn -0.0670 0.9567 0.2832
vn 0.1896 0.9744 0.1210
vn 0.8913 0.1178 0.4378
vn 0.8891 -0.1658 0.4266
vn 0.6454 0.7631 0.0328
vn 0.9719 0.1963 0.1302
vn 0.1292 0.9870 0.0959
vn 0.1351 -0.9786 0.1555
vn 0.0444 -0.9988 -0.0201
vn 0.4017 -0.9076 0.1219
vn 0.4121 -0.8475 0.3345
vn 0.3910 -0.9166 0.0840
vn 0.5861 -0.7873 0.1913
vn -0.2191 0.9605 0.1714
vn -0.2384 0.9541 0.1814
vn -0.4857 0.8599 0.1569
vn -0.5237 0.8244 0.2146
vn -0.2735 0.9258 0.2608
vn -0.5330 0.7493 0.3929
vn -0.9983 -0.0450 0.0373
vn -0.9967 -0.0755 -0.0307
vn -0.9497 0.2611 0.1729
vn -0.9550 0.2840 0.0857
vn -0.9919 -0.0138 0.1259
vn -0.9251 0.2119 0.3150
vn -0.7916 0.5671 0.2276
vn -0.7672 0.6243 0.1468
vn -0.7741 0.4899 0.4010
vn 0.8032 -0.3288 0.4968
vn 0.9117 -0.3065 0.2735
vn 0.7469 -0.4759 0.4644
vn 0.8452 -0.4780 0.2392
vn 0.8936 -0.3399 0.2932
vn 0.8304 -0.4731 0.2943
vn 0.7499 -0.6534 0.1038
vn 0.8150 -0.5675 -0.1173
vn 0.9719 0.0967 0.2145
vn 0.9130 -0.0223 0.4073
vn 0.0769 -0.9918 -0.1023
vn 0.5571 -0.7921 -0.2493
vn 0.3827 -0.7009 0.6018
vn -0.0310 -0.9345 0.3547
vn 0.6047 -0.2590 0.7531
vn 0.6592 0.5968 0.4575
vn 0.6784 0.6862 0.2624
vn 0.4760 0.8085 0.3461
vn 0.0747 0.7371 0.6716
vn 0.9599 0.0252 0.2792
vn 0.8387 0.5212 0.1576
vn 0.4949 0.2873 0.8201
vn 0.7917 -0.0692 0.6070
vn 0.0759 0.5075 0.8583
vn 0.6785 -0.6420 -0.3570
vn 0.6858 -0.6364 -0.3530
vn 0.5367 -0.4877 -0.6885
vn 0.5372 -0.5090 -0.6725
vn 0.7300 -0.6834 -0.0102
vn 0.7185 -0.6953 0.0164
vn 0.3411 -0.3198 -0.8840
vn 0.3238 -0.2919 -0.9000
vn 0.0544 -0.0356 -0.9979
vn 0.0730 -0.0529 -0.9959
vn -0.6030 0.7274 0.3275
vn -0.6116 0.7200 0.3278
vn -0.6497 0.7593 -0.0382
vn -0.6464 0.7600 -0.0675
vn 0.7211 -0.6770 -0.1471
vn 0.7129 -0.6328 -0.3021
vn 0.9085 -0.3345 -0.2505
vn 0.9129 -0.3961 -0.0980
vn 0.3871 -0.8993 -0.2036
vn 0.6799 -0.7041 0.2051
vn 0.9825 -0.1715 -0.0732
vn 0.9739 -0.0602 -0.2188
vn 0.9198 0.2640 -0.2902
vn 0.9902 -0.1156 -0.0785
vn -0.7528 0.6493 0.1084
vn -0.7447 0.6627 0.0791
vn -0.9545 0.2980 0.0135
vn -0.9555 0.2929 0.0339
vn -0.4692 0.8717 0.1413
vn -0.9930 -0.0944 -0.0704
vn -0.9922 -0.1039 -0.0692
vn -0.8835 -0.4439 -0.1495
vn -0.8850 -0.4319 -0.1738
vn -0.2596 0.9541 0.1492
vn -0.3299 0.9300 0.1622
vn -0.0103 -0.9675 -0.2527
vn -0.3819 -0.8834 -0.2714
vn -0.6769 -0.6942 -0.2448
vn -0.6843 -0.6965 -0.2161
vn -0.0283 -0.2785 0.9600
vn -0.2084 -0.4625 0.8618
vn -0.0126 -0.6209 0.7838
vn 0.5226 -0.4793 0.7051
vn -0.4089 0.2419 0.8800
vn -0.4038 -0.2779 0.8716
vn 0.2961 0.0592 0.9533
vn 0.0015 0.3320 0.9433
vn 0.5853 -0.1331 0.7999
vn 0.9767 -0.2002 -0.0774
vn 0.8487 0.2221 -0.4801
vn 0.9241 -0.3314 0.1903
vn 0.9498 -0.3078 -0.0557
vn 0.8392 -0.4864 0.2434
vn 0.8108 0.1863 -0.5549
vn 0.4350 0.6818 -0.5881
vn 0.5901 0.7499 -0.2989
vn -0.1585 0.9281 -0.3369
vn 0.3582 0.6344 -0.6850
vn 0.1368 0.7624 -0.6325
vn 0.2243 -0.0573 0.9728
vn 0.4586 -0.1590 0.8743
vn -0.0426 0.1090 0.9931
vn 0.1128 0.2919 0.9498
vn -0.0790 -0.3421 0.9363
vn -0.2958 -0.1949 0.9352
vn 0.1999 -0.4463 0.8722
vn 0.5879 0.4105 0.6971
vn 0.7116 0.6772 0.1874
vn 0.3316 0.9119 0.2419
vn 0.1065 0.7347 0.6700
vn 0.8647 0.0744 0.4967
vn 0.9253 0.3506 0.1446
vn -0.4022 0.8114 0.4240
vn -0.5852 0.7615 0.2788
vn -0.6730 0.5159 0.5300
vn 0.0600 0.9927 -0.1044
vn -0.4233 0.9060 -0.0073
vn 0.9513 -0.2422 0.1905
vn 0.9222 -0.3864 0.0160
vn 0.8890 0.1824 -0.4201
vn 0.9459 0.2495 -0.2072
vn 0.7755 -0.5783 0.2533
vn 0.6117 0.7178 -0.3327
vn 0.4865 0.6737 -0.5563
vn 0.2483 0.8192 -0.5170
vn -0.1762 -0.4794 0.8598
vn -0.4980 -0.7408 0.4508
vn -0.6094 -0.1455 0.7794
vn -0.7608 -0.4191 0.4955
vn 0.2667 0.0037 0.9638
vn -0.2177 0.1771 0.9598
vn -0.5978 -0.7586 0.2589
vn -0.6551 -0.7545 0.0406
vn -0.4531 -0.8899 -0.0530
vn 0.0315 -0.9906 0.1331
vn -0.8211 -0.2148 0.5289
vn -0.8119 -0.5708 0.1229
vn -0.3421 -0.6244 0.7022
vn -0.6059 -0.2224 0.7638
vn 0.0714 -0.8631 0.4999
vn 0.7211 -0.6756 0.1536
vn 0.7461 -0.6549 -0.1200
vn 0.9476 -0.3110 -0.0733
vn 0.4263 -0.8916 -0.1527
vn 0.5267 -0.5579 0.6413
vn -0.5515 0.4099 0.7265
vn -0.6533 0.4782 0.5869
vn -0.8450 0.1860 0.5014
vn -0.3656 0.7063 0.6063
vn -0.3086 0.1753 0.9349
vn 0.1067 -0.2117 0.9715
vn -0.4496 0.5848 0.6752
vn -0.5086 0.7250 0.4645
vn -0.7026 0.4738 0.5309
vn -0.7392 -0.1097 0.6644
vn 0.0963 0.8682 0.4867
vn 0.0534 0.9638 0.2611
vn -0.5288 -0.7317 0.4301
vn -0.6150 -0.7532 0.2334
vn -0.4212 -0.8996 0.1152
vn -0.7587 -0.5643 0.3255
vn 0.6799 0.6964 0.2295
vn 0.6634 0.7481 0.0146
vn 0.6203 -0.6607 0.4228
vn 0.7032 -0.6627 0.2574
vn 0.5620 0.4686 0.6817
vn 0.6323 0.6064 0.4821
vn 0.4103 0.7186 0.5615
vn -0.2056 0.5737 0.7928
vn -0.6436 -0.7635 -0.0529
vn -0.6559 -0.7090 -0.2590
vn -0.3988 -0.8571 -0.3262
vn -0.9366 -0.3110 0.1617
vn -0.9616 -0.2734 -0.0250
vn -0.8586 0.1498 0.4903
vn -0.9328 0.1917 0.3051
vn -0.7878 0.3998 0.4685
vn 0.4089 0.6551 -0.6353
vn 0.1809 0.7900 -0.5858
vn 0.8443 0.1793 -0.5050
vn 0.9233 -0.3830 -0.0294
vn 0.7755 -0.5854 0.2364
vn -0.6097 0.7541 0.2443
vn -0.6576 0.7267 0.1986
vn -0.7182 0.4908 0.4933
vn -0.6891 0.5080 0.5167
vn -0.4530 0.8898 -0.0551
vn -0.5206 0.8464 -0.1118
vn -0.2129 -0.4733 0.8548
vn 0.0121 -0.6151 0.7883
vn -0.4019 -0.2959 0.8666
vn 0.6589 0.7520 0.0177
vn 0.0825 0.9800 0.1813
vn 0.9816 0.1569 -0.1087
vn -0.5632 -0.7309 0.3855
vn -0.5067 -0.6920 0.5142
vn -0.3474 -0.8259 0.4440
vn -0.3892 -0.8697 0.3037
vn -0.6824 -0.5609 0.4688
vn -0.6257 -0.5480 0.5551
vn -0.3972 0.8327 0.3859
vn -0.5629 0.6667 0.4885
vn 0.8799 -0.4669 -0.0881
vn 0.7112 -0.7030 -0.0086
vn -0.7097 0.4600 0.5336
vn -0.8750 0.1949 0.4432
vn -0.4684 0.6755 0.5694
vn 0.7560 -0.6497 -0.0794
vn 0.9487 -0.3152 -0.0255
vn 0.4468 -0.8878 -0.1103
vn -0.6525 -0.7535 0.0800
vn -0.6463 -0.7470 0.1557
vn -0.4817 -0.8717 0.0895
vn -0.4758 -0.8795 0.0015
vn -0.7861 -0.5974 0.1590
vn -0.7640 -0.6112 0.2068
vn 0.6682 0.6764 0.3098
vn 0.6425 0.6589 0.3913
vn 0.5202 0.7311 0.4414
vn 0.5078 0.7657 0.3947
vn 0.8101 0.5449 0.2162
vn 0.7810 0.5411 0.3119
vn -0.9720 0.0655 0.2257
vn -0.9482 -0.3117 -0.0615
vn -0.8869 0.2525 0.3869
vn -0.6608 -0.7051 -0.2572
vn 0.0023 -0.9563 -0.2925
vn 0.5973 0.5286 0.6032
vn 0.5181 0.4483 0.7285
vn 0.3335 0.5349 0.7763
vn 0.3666 0.6032 0.7083
vn 0.7710 0.3801 0.5110
vn 0.7232 0.3067 0.6188
vn 0.7127 -0.6981 -0.0690
vn 0.9051 -0.4187 0.0741
vn -0.5761 0.7973 0.1802
vn -0.6254 0.6344 0.4544
vn -0.9788 -0.1058 -0.1755
vn -0.8576 -0.4110 -0.3092
vn -0.8949 0.1066 -0.4333
vn -0.7524 0.0107 -0.6586
vn -0.9526 0.3019 -0.0375
vn -0.8772 0.4305 -0.2126
vn -0.2265 0.2578 -0.9393
vn -0.2298 0.2528 -0.9398
vn -0.4613 0.5105 -0.7257
vn -0.4723 0.5299 -0.7044
vn 0.9733 0.0053 -0.2296
vn 0.9074 -0.3261 -0.2652
vn 0.8621 -0.4940 -0.1127
vn 0.9757 0.0104 -0.2188
vn 0.8901 0.4105 -0.1978
vn 0.8868 0.4230 -0.1864
vn -0.6108 0.6973 -0.3751
vn -0.5987 0.6846 -0.4157
vn -0.6884 -0.6121 -0.3892
vn -0.5517 -0.1936 -0.8112
vn -0.7354 0.6752 0.0568
vn -0.7019 0.7119 0.0223
vn 0.6411 0.7545 -0.1402
vn 0.6505 0.7465 -0.1403
vn 0.6973 -0.6395 -0.3237
vn 0.6563 -0.6457 -0.3903
vn 0.6029 -0.6912 0.3985
vn 0.5805 -0.6405 0.5027
vn 0.7222 -0.6828 0.1102
vn -0.6478 -0.5989 0.4708
vn -0.7274 -0.6470 0.2285
vn -0.7249 -0.6458 0.2399
vn 0.6414 -0.6668 0.3795
vn 0.3613 -0.5852 0.7260
vn -0.7045 -0.7095 0.0163
vn -0.6780 -0.7350 0.0100
vn -0.5802 -0.8111 0.0741
vn -0.4898 -0.8450 0.2147
vn 0.0752 -0.3593 0.9302
vn -0.1861 -0.0482 0.9813
vn -0.6599 0.5657 -0.4945
vn -0.6896 0.6938 -0.2079
vn -0.5336 0.3999 -0.7453
vn -0.3113 0.1655 -0.9358
vn -0.0357 -0.0988 -0.9945
vn 0.2383 -0.3391 -0.9101
vn 0.4702 -0.5140 -0.7174
vn 0.6861 -0.6211 -0.3789
vn -0.4132 -0.8542 0.3155
vn -0.4035 0.2961 0.8657
vn -0.5010 0.5041 0.7035
vn -0.3797 0.2240 0.8976
vn -0.6200 0.7495 0.2321
vn 0.6955 -0.6337 0.3386
vn -0.7219 -0.6039 0.3379
vn -0.7582 -0.6519 -0.0105
vn -0.5589 -0.4334 0.7070
vn 0.6433 0.6720 -0.3669
vn 0.6828 0.7297 -0.0350
vn 0.4983 0.5116 -0.7000
vn 0.2371 0.2469 -0.9396
vn -0.0807 -0.0555 -0.9952
vn 0.6349 0.6998 0.3274
vn 0.5046 0.5852 0.6348
vn -0.3604 -0.3112 -0.8794
vn -0.5600 -0.4877 -0.6698
vn -0.7050 -0.6127 -0.3571
vn 0.3053 0.4023 0.8631
vn 0.0007 0.1148 0.9934
vn -0.3023 -0.1801 0.9360
vn 0.7291 -0.6843 -0.0105
vn 0.6949 -0.6347 0.3379
vn 0.5395 -0.4573 0.7070
vn -0.6504 0.7588 -0.0352
vn -0.6133 0.6992 -0.3673
vn -0.4754 0.5326 -0.7003
vn -0.2261 0.2570 -0.9396
vn 0.0779 -0.0587 -0.9952
vn -0.4787 0.6066 0.6348
vn -0.6038 0.7268 0.3274
vn 0.3462 -0.3263 -0.8796
vn 0.5381 -0.5115 -0.6699
vn 0.6777 -0.6428 -0.3571
vn 0.0043 0.1147 0.9934
vn -0.2875 0.4152 0.8631
vn 0.2942 -0.1931 0.9360
vt 0.078872 0.827988
vt 0.109009 0.828420
vt 0.047099 0.829685
s 1
usemtl Atlas
f 551/4/613 934/4/614 1081/4/615 903/4/616
f 551/4/613 903/4/616 967/4/617 717/4/618
f 551/4/613 717/4/618 957/4/619 902/4/620
f 551/4/613 902/4/620 1080/4/621 934/4/614
f 552/4/622 718/4/623 968/4/624 728/4/625
f 552/4/622 728/4/625 964/4/626 714/4/627
f 552/4/622 714/4/627 962/4/628 704/4/629
f 552/4/622 704/4/629 959/4/630 718/4/623
f 553/4/631 822/4/632 1013/4/633 787/4/634
f 553/4/631 787/4/634 997/4/635 768/4/636
f 553/4/631 768/4/636 991/4/637 810/4/638
f 553/4/631 810/4/638 1014/4/639 822/4/632
f 554/5/640 821/5/641 1078/5/642 933/5/643
f 554/5/640 933/5/643 1062/5/644 678/5/645
f 554/5/640 678/5/645 943/5/646 804/5/647
f 554/5/640 804/5/647 1008/5/648 821/5/641
f 555/5/649 754/5/650 1073/5/651 932/5/652
f 555/5/649 932/5/652 1066/5/653 693/5/654
f 555/5/649 693/5/654 952/5/655 785/5/656
f 555/5/649 785/5/656 988/5/657 754/5/650
f 556/5/658 685/5/659 1064/5/660 931/5/661
f 556/5/658 931/5/661 1059/5/662 671/5/663
f 556/5/658 671/5/663 938/5/664 674/5/665
f 556/5/658 674/5/665 948/5/666 685/5/659
f 557/5/667 678/5/645 1062/5/644 930/5/668
f 557/5/667 930/5/668 1061/5/669 675/5/670
f 557/5/667 675/5/670 940/5/671 673/5/672
f 557/5/667 673/5/672 943/5/646 678/5/645
f 558/4/673 820/4/674 1007/4/675 803/4/676
f 558/4/673 803/4/676 984/4/677 763/4/678
f 558/4/673 763/4/678 1000/4/679 805/4/680
f 558/4/673 805/4/680 1009/4/681 820/4/674
f 559/5/682 898/5/683 1060/5/684 929/5/685
f 559/5/682 929/5/685 1063/5/686 679/5/687
f 559/5/682 679/5/687 944/5/688 677/5/689
f 559/5/682 677/5/689 939/5/690 898/5/683
f 560/5/691 673/5/692 940/5/693 672/5/694
f 560/5/695 672/5/694 939/5/696 677/5/689
f 560/5/695 677/5/689 944/5/688 680/5/697
f 560/5/691 680/5/698 943/5/699 673/5/692
f 561/4/700 717/4/700 967/4/701 727/4/702
f 561/4/703 727/4/702 966/4/704 706/4/703
f 561/4/705 706/4/706 958/4/707 701/4/708
f 561/4/709 701/4/708 957/4/619 717/4/618
f 562/5/710 693/5/654 1066/5/653 928/5/711
f 562/5/710 928/5/711 1064/5/660 685/5/659
f 562/5/710 685/5/659 948/5/666 684/5/712
f 562/5/710 684/5/712 952/5/655 693/5/654
f 563/5/713 863/5/714 1029/5/715 681/5/716
f 563/5/713 681/5/716 945/5/717 825/5/718
f 563/5/713 825/5/718 1019/5/719 843/5/720
f 563/5/713 843/5/720 1030/5/721 863/5/714
f 564/5/722 690/5/723 950/5/724 692/5/725
f 564/5/726 692/5/727 952/5/655 684/5/712
f 564/5/726 684/5/712 948/5/666 687/5/728
f 564/5/722 687/5/729 947/5/730 690/5/723
f 565/4/731 730/4/732 973/4/733 786/4/734
f 565/4/731 786/4/734 1001/4/735 767/4/736
f 565/4/731 767/4/736 995/4/737 794/4/738
f 565/4/731 794/4/738 963/4/739 730/4/732
f 566/5/740 779/5/741 1008/5/742 819/5/743
f 566/5/740 819/5/744 1012/5/745 808/5/746
f 566/5/740 808/5/746 987/5/747 750/5/748
f 566/5/740 750/5/748 990/5/749 779/5/741
f 567/4/750 668/4/751 951/4/752 784/4/753
f 567/4/750 784/4/753 986/4/754 774/4/755
f 567/4/750 774/4/755 1001/4/735 786/4/734
f 567/4/750 786/4/734 973/4/733 668/4/751
f 568/5/756 686/5/757 1065/5/758 927/5/759
f 568/5/756 927/5/759 1067/5/760 694/5/761
f 568/5/756 694/5/761 950/5/724 690/5/723
f 568/5/756 690/5/723 947/5/730 686/5/757
f 569/4/762 705/4/763 961/4/764 703/4/765
f 569/4/762 703/4/765 960/4/766 697/4/767
f 569/4/762 697/4/767 959/4/630 704/4/629
f 569/4/762 704/4/629 962/4/628 705/4/763
f 570/4/768 926/4/769 1080/4/621 902/4/620
f 570/4/768 902/4/620 957/4/619 701/4/708
f 570/4/768 701/4/708 958/4/707 702/4/770
f 570/4/768 702/4/770 1068/4/771 926/4/769
f 571/4/772 818/4/773 1014/4/639 810/4/638
f 571/4/772 810/4/638 991/4/637 759/4/774
f 571/4/772 759/4/774 993/4/775 811/4/776
f 571/4/772 811/4/776 1015/4/777 818/4/773
f 572/4/778 770/4/779 998/4/780 792/4/781
f 572/4/778 792/4/781 970/4/782 710/4/783
f 572/4/778 710/4/783 956/4/784 789/4/785
f 572/4/778 789/4/785 992/4/786 770/4/779
f 573/4/787 695/4/788 956/4/784 700/4/789
f 573/4/787 700/4/789 954/4/790 696/4/791
f 573/4/787 696/4/791 955/4/792 698/4/793
f 573/4/787 698/4/793 953/4/794 695/4/788
f 574/4/795 817/4/796 1016/4/797 793/4/798
f 574/4/795 793/4/798 968/4/624 718/4/623
f 574/4/795 718/4/623 959/4/630 791/4/799
f 574/4/795 791/4/799 1015/4/777 817/4/796
f 575/4/800 721/4/801 971/4/802 726/4/803
f 575/4/800 726/4/803 963/4/739 713/4/804
f 575/4/800 713/4/804 953/4/794 698/4/793
f 575/4/800 698/4/793 955/4/792 721/4/801
f 576/4/805 710/4/783 970/4/782 725/4/806
f 576/4/805 725/4/806 969/4/807 719/4/808
f 576/4/805 719/4/808 954/4/790 700/4/789
f 576/4/805 700/4/789 956/4/784 710/4/783
f 577/4/809 691/4/810 965/4/811 724/4/812
f 577/4/809 724/4/812 972/4/813 712/4/814
f 577/4/809 712/4/814 960/4/766 703/4/765
f 577/4/809 703/4/765 961/4/764 691/4/810
f 578/4/815 860/4/816 1034/4/817 846/4/818
f 578/4/815 846/4/818 971/4/802 721/4/801
f 578/4/815 721/4/801 955/4/792 845/4/819
f 578/4/815 845/4/819 1033/4/820 860/4/816
f 579/4/821 713/4/804 963/4/739 794/4/738
f 579/4/821 794/4/738 995/4/737 758/4/822
f 579/4/821 758/4/822 994/4/823 790/4/824
f 579/4/821 790/4/824 953/4/794 713/4/804
f 580/4/825 761/4/826 992/4/786 789/4/785
f 580/4/825 789/4/785 956/4/784 695/4/788
f 580/4/825 695/4/788 953/4/794 790/4/824
f 580/4/825 790/4/824 994/4/823 761/4/827
f 581/4/828 772/4/829 999/4/830 776/4/831
f 581/4/828 776/4/831 981/4/832 720/4/833
f 581/4/828 720/4/833 970/4/782 792/4/781
f 581/4/828 792/4/781 998/4/780 772/4/829
f 582/4/834 816/4/835 1009/4/681 805/4/680
f 582/4/834 805/4/680 1000/4/679 771/4/836
f 582/4/834 771/4/836 997/4/635 787/4/634
f 582/4/834 787/4/634 1013/4/633 816/4/835
f 583/4/837 859/4/838 1037/4/839 847/4/840
f 583/4/837 847/4/840 978/4/841 735/4/842
f 583/4/837 735/4/842 971/4/802 846/4/818
f 583/4/837 846/4/818 1034/4/817 859/4/838
f 584/4/843 715/4/844 979/4/845 745/4/846
f 584/4/843 745/4/846 982/4/847 722/4/848
f 584/4/843 722/4/848 972/4/813 724/4/812
f 584/4/843 724/4/812 965/4/811 715/4/844
f 585/4/849 720/4/833 981/4/832 744/4/850
f 585/4/849 744/4/850 977/4/851 734/4/852
f 585/4/849 734/4/852 969/4/807 725/4/806
f 585/4/849 725/4/806 970/4/782 720/4/833
f 586/4/853 735/4/842 978/4/841 743/4/854
f 586/4/853 743/4/854 973/4/733 730/4/732
f 586/4/853 730/4/732 963/4/739 726/4/803
f 586/4/853 726/4/803 971/4/802 735/4/842
f 587/4/855 815/4/856 1011/4/857 807/4/858
f 587/4/855 807/4/858 976/4/859 733/4/860
f 587/4/855 733/4/860 968/4/624 793/4/798
f 587/4/855 793/4/798 1016/4/797 815/4/856
f 588/4/861 732/4/862 975/4/863 742/4/864
f 588/4/861 742/4/864 980/4/865 716/4/866
f 588/4/861 716/4/866 966/4/704 727/4/702
f 588/4/861 727/4/702 967/4/701 732/4/862
f 589/4/867 733/4/860 976/4/859 741/4/868
f 589/4/867 741/4/868 974/4/869 731/4/870
f 589/4/867 731/4/870 964/4/626 728/4/625
f 589/4/867 728/4/625 968/4/624 733/4/860
f 590/4/871 925/4/872 1082/4/873 904/4/874
f 590/4/871 904/4/874 975/4/863 732/4/862
f 590/4/871 732/4/862 967/4/617 903/4/616
f 590/4/871 903/4/616 1081/4/615 925/4/872
f 591/4/875 924/4/876 1079/4/877 901/4/878
f 591/4/875 901/4/878 937/4/879 707/4/880
f 591/4/875 707/4/880 975/4/863 904/4/874
f 591/4/875 904/4/874 1082/4/873 924/4/876
f 592/4/881 708/4/882 942/4/883 676/4/884
f 592/4/881 676/4/884 936/4/885 688/4/886
f 592/4/881 688/4/886 974/4/869 741/4/868
f 592/4/881 741/4/868 976/4/859 708/4/882
f 593/4/887 707/4/880 937/4/879 670/4/888
f 593/4/889 670/4/890 938/4/664 737/4/891
f 593/4/889 737/4/891 980/4/865 742/4/864
f 593/4/887 742/4/864 975/4/863 707/4/880
f 594/5/892 777/5/893 989/5/894 748/5/895
f 594/5/896 748/5/895 988/5/657 785/5/656
f 594/5/896 785/5/656 952/5/655 692/5/727
f 594/5/892 692/5/725 950/5/724 777/5/893
f 595/5/897 694/5/761 1067/5/760 923/5/898
f 595/5/897 923/5/898 1083/5/899 905/5/900
f 595/5/897 905/5/900 989/5/894 777/5/893
f 595/5/897 777/5/893 950/5/724 694/5/761
f 596/4/901 711/4/902 946/4/903 682/4/904
f 596/4/901 682/4/904 951/4/752 668/4/751
f 596/4/901 668/4/751 973/4/733 743/4/854
f 596/4/901 743/4/854 978/4/841 711/4/902
f 597/4/905 738/4/906 949/4/907 689/4/908
f 597/4/905 689/4/908 945/4/717 709/4/909
f 597/4/905 709/4/909 977/4/851 744/4/850
f 597/4/905 744/4/850 981/4/832 738/4/906
f 598/4/910 736/4/911 935/4/912 669/4/913
f 598/4/910 669/4/913 941/4/914 739/4/915
f 598/4/910 739/4/915 982/4/847 745/4/846
f 598/4/910 745/4/846 979/4/845 736/4/911
f 599/4/916 855/4/917 1026/4/918 840/4/919
f 599/4/916 840/4/919 946/4/903 711/4/902
f 599/4/916 711/4/902 978/4/841 847/4/840
f 599/4/916 847/4/840 1037/4/839 855/4/917
f 600/5/920 814/5/921 1077/5/922 922/5/923
f 600/5/920 922/5/923 1074/5/924 899/5/925
f 600/5/920 899/5/925 987/5/747 808/5/746
f 600/5/920 808/5/746 1012/5/745 814/5/921
f 601/4/926 813/4/927 1010/4/928 781/4/929
f 601/4/926 781/4/929 942/4/883 708/4/882
f 601/4/926 708/4/882 976/4/859 807/4/858
f 601/4/926 807/4/858 1011/4/857 813/4/927
f 602/5/930 747/5/931 988/5/657 748/5/895
f 602/5/930 748/5/895 989/5/894 749/5/932
f 602/5/933 749/5/934 990/5/749 750/5/748
f 602/5/933 750/5/748 987/5/747 747/5/935
f 603/4/936 835/4/937 1022/4/938 753/4/939
f 603/4/936 753/4/939 983/4/940 764/4/941
f 603/4/936 764/4/941 999/4/830 802/4/942
f 603/4/936 802/4/942 1024/4/943 835/4/937
f 604/4/944 921/4/945 1073/4/651 754/4/650
f 604/4/944 754/4/650 988/4/657 797/4/946
f 604/4/944 797/4/946 1004/4/947 751/4/948
f 604/4/944 751/4/948 1071/4/949 921/4/945
f 605/4/950 755/4/951 996/4/952 756/4/953
f 605/4/950 756/4/953 993/4/775 757/4/954
f 605/4/950 757/4/954 994/4/823 758/4/822
f 605/4/950 758/4/822 995/4/737 755/4/951
f 606/6/955 872/6/956 993/6/775 759/6/774
f 606/6/957 759/6/774 991/6/637 871/6/958
f 606/6/957 871/6/958 1045/6/959 868/6/960
f 606/6/955 868/6/961 1043/6/962 872/6/956
f 607/4/963 765/4/964 1002/4/965 766/4/966
f 607/4/963 766/4/966 996/4/952 755/4/951
f 607/4/963 755/4/951 995/4/737 767/4/736
f 607/4/963 767/4/736 1001/4/735 765/4/964
f 608/4/967 760/4/968 991/4/637 768/4/636
f 608/4/967 768/4/636 997/4/635 769/4/969
f 608/4/967 769/4/969 998/4/780 770/4/779
f 608/4/967 770/4/779 992/4/786 760/4/968
f 609/4/970 769/4/969 997/4/635 771/4/836
f 609/4/970 771/4/836 1000/4/679 762/4/971
f 609/4/970 762/4/971 999/4/830 772/4/829
f 609/4/970 772/4/829 998/4/780 769/4/969
f 610/4/972 764/4/941 983/4/940 775/4/973
f 610/4/972 775/4/973 949/4/907 738/4/906
f 610/4/972 738/4/906 981/4/832 776/4/831
f 610/4/972 776/4/831 999/4/830 764/4/941
f 611/5/974 674/5/665 938/5/664 670/5/890
f 611/5/975 670/5/888 937/5/879 683/5/976
f 611/5/975 683/5/976 947/5/730 687/5/729
f 611/5/974 687/5/728 948/5/666 674/5/665
f 612/4/977 920/4/978 1076/4/979 798/4/980
f 612/4/977 798/4/980 1006/4/981 796/4/982
f 612/4/977 796/4/982 1005/4/983 906/4/984
f 612/4/977 906/4/984 1084/4/985 920/4/978
f 613/4/986 919/4/987 1071/4/949 751/4/948
f 613/4/986 751/4/948 1004/4/947 795/4/988
f 613/4/986 795/4/988 1003/4/989 900/4/990
f 613/4/986 900/4/990 1075/4/991 919/4/987
f 614/4/992 800/4/993 990/4/749 749/4/934
f 614/4/994 749/4/932 989/4/894 799/4/995
f 614/4/994 799/4/995 1005/4/983 796/4/982
f 614/4/992 796/4/982 1006/4/981 800/4/993
f 615/4/996 797/4/946 988/4/657 747/4/931
f 615/4/997 747/4/935 987/4/747 801/4/998
f 615/4/997 801/4/998 1003/4/989 795/4/988
f 615/4/996 795/4/988 1004/4/947 797/4/946
f 1075/4/991 918/4/999 773/4/1000 1002/4/965
f 1083/4/899 1041/4/1001 851/4/1002 914/4/1003
f 616/4/1004 917/4/1005 1072/4/1006 752/4/1007
f 616/4/1004 752/4/1007 990/4/749 800/4/993
f 616/4/1004 800/4/993 1006/4/981 798/4/980
f 616/4/1004 798/4/980 1076/4/979 917/4/1005
f 617/4/1008 773/4/1000 985/4/1009 806/4/1010
f 617/4/1008 806/4/1010 1010/4/928 813/4/927
f 617/4/1008 813/4/927 1011/4/857 782/4/1011
f 617/4/1008 782/4/1011 1002/4/965 773/4/1000
f 618/5/1012 679/5/687 1063/5/686 916/5/1013
f 618/5/1012 916/5/1013 1077/5/922 814/5/921
f 618/5/1012 814/5/921 1012/5/745 783/5/1014
f 618/5/1012 783/5/1014 944/5/688 679/5/687
f 619/4/1015 766/4/966 1002/4/965 782/4/1011
f 619/4/1015 782/4/1011 1011/4/857 815/4/856
f 619/4/1015 815/4/856 1016/4/797 812/4/1016
f 619/4/1015 812/4/1016 996/4/952 766/4/966
f 620/4/1017 722/4/848 982/4/847 780/4/1018
f 620/4/1017 780/4/1018 1009/4/681 816/4/835
f 620/4/1017 816/4/835 1013/4/633 809/4/1019
f 620/4/1017 809/4/1019 972/4/813 722/4/848
f 621/4/1020 756/4/953 996/4/952 812/4/1016
f 621/4/1020 812/4/1016 1016/4/797 817/4/796
f 621/4/1020 817/4/796 1015/4/777 811/4/776
f 621/4/1020 811/4/776 993/4/775 756/4/953
f 622/4/1021 697/4/767 960/4/766 788/4/1022
f 622/4/1021 788/4/1022 1014/4/639 818/4/773
f 622/4/1021 818/4/773 1015/4/777 791/4/799
f 622/4/1021 791/4/799 959/4/630 697/4/767
f 623/5/1023 804/5/1024 943/5/699 680/5/698
f 623/5/1025 680/5/697 944/5/688 783/5/1014
f 623/5/1025 783/5/1014 1012/5/745 819/5/744
f 623/5/1023 819/5/743 1008/5/742 804/5/1024
f 624/4/1026 739/4/915 941/4/914 778/4/1027
f 624/4/1026 778/4/1027 1007/4/675 820/4/674
f 624/4/1026 820/4/674 1009/4/681 780/4/1018
f 624/4/1026 780/4/1018 982/4/847 739/4/915
f 625/5/1028 752/5/1007 1072/5/1006 915/5/1029
f 625/5/1030 915/5/1029 1078/5/642 821/5/641
f 625/5/1030 821/5/641 1008/5/648 779/5/1031
f 625/5/1028 779/5/741 990/5/749 752/5/1007
f 626/4/1032 712/4/814 972/4/813 809/4/1019
f 626/4/1032 809/4/1019 1013/4/633 822/4/632
f 626/4/1032 822/4/632 1014/4/639 788/4/1022
f 626/4/1032 788/4/1022 960/4/766 712/4/814
f 627/5/1033 827/5/1034 984/5/677 803/5/676
f 627/5/1033 803/5/676 1007/5/675 831/5/1035
f 627/5/1033 831/5/1035 1025/5/1036 832/5/1037
f 627/5/1033 832/5/1037 1021/5/1038 827/5/1034
f 628/4/1039 763/4/678 984/4/677 827/4/1034
f 628/4/1039 827/4/1034 1021/4/1040 833/4/1041
f 628/4/1039 833/4/1041 1023/4/1042 829/4/1043
f 628/4/1039 829/4/1043 1000/4/679 763/4/678
f 629/4/1044 762/4/971 1000/4/679 829/4/1043
f 629/4/1044 829/4/1043 1023/4/1042 834/4/1045
f 629/4/1044 834/4/1045 1024/4/943 802/4/942
f 629/4/1044 802/4/942 999/4/830 762/4/971
f 630/4/1046 851/4/1002 1041/4/1001 828/4/1047
f 630/4/1046 828/4/1047 1022/4/938 835/4/937
f 630/4/1046 835/4/937 1024/4/943 830/4/1048
f 630/4/1046 830/4/1048 1042/4/1049 851/4/1002
f 631/5/1050 826/5/1051 949/5/907 775/5/973
f 631/5/1050 775/5/973 983/5/940 753/5/939
f 631/5/1050 753/5/939 1022/5/938 836/5/1052
f 631/5/1050 836/5/1052 1020/5/1053 826/5/1051
f 632/5/1054 825/5/718 945/5/717 689/5/908
f 632/5/1054 689/5/908 949/5/907 826/5/1051
f 632/5/1054 826/5/1051 1020/5/1053 837/5/1055
f 632/5/1054 837/5/1055 1019/5/719 825/5/718
f 633/5/1056 824/5/1057 941/5/914 669/5/913
f 633/5/1056 669/5/913 935/5/912 823/5/1058
f 633/5/1056 823/5/1058 1017/5/1059 838/5/1060
f 633/5/1056 838/5/1060 1018/5/1061 824/5/1057
f 634/5/1062 831/5/1035 1007/5/675 778/5/1027
f 634/5/1062 778/5/1027 941/5/914 824/5/1057
f 634/5/1062 824/5/1057 1018/5/1061 839/5/1063
f 634/5/1062 839/5/1063 1025/5/1036 831/5/1035
f 1084/4/985 914/4/1003 851/4/1002 1042/4/1049
f 1026/4/918 855/4/917 913/4/1064 1059/4/662
f 635/5/1065 848/5/1066 1021/5/1038 832/5/1037
f 635/5/1065 832/5/1037 1025/5/1036 850/5/1067
f 635/5/1065 850/5/1067 1040/5/1068 852/5/1069
f 635/5/1065 852/5/1069 1038/5/1070 848/5/1066
f 636/4/1071 833/4/1041 1021/4/1040 848/4/1072
f 636/4/1071 848/4/1072 1038/4/1073 853/4/1074
f 636/4/1071 853/4/1074 1039/4/1075 849/4/1076
f 636/4/1071 849/4/1076 1023/4/1042 833/4/1041
f 637/4/1077 834/4/1045 1023/4/1042 849/4/1076
f 637/4/1077 849/4/1076 1039/4/1075 854/4/1078
f 637/4/1077 854/4/1078 1042/4/1049 830/4/1048
f 637/4/1077 830/4/1048 1024/4/943 834/4/1045
f 1037/4/839 1070/4/1079 913/4/1064 855/4/917
f 1037/4/839 859/4/838 912/4/1080 1070/4/1079
f 638/5/1081 844/5/1082 1020/5/1053 836/5/1052
f 638/5/1081 836/5/1052 1022/5/938 828/5/1047
f 638/5/1081 828/5/1047 1041/5/1001 856/5/1083
f 638/5/1081 856/5/1083 1031/5/1084 844/5/1082
f 639/4/1085 709/4/909 945/4/717 681/4/716
f 639/4/1085 681/4/716 1029/4/715 857/4/1086
f 639/4/1085 857/4/1086 1036/4/1087 740/4/1088
f 639/4/1085 740/4/1088 977/4/851 709/4/909
f 640/4/1089 734/4/852 977/4/851 740/4/1088
f 640/4/1089 740/4/1088 1036/4/1087 858/4/1090
f 640/4/1089 858/4/1090 1035/4/1091 729/4/1092
f 640/4/1089 729/4/1092 969/4/807 734/4/852
f 1034/4/817 1069/4/1093 912/4/1080 859/4/838
f 1034/4/817 860/4/816 911/4/1094 1069/4/1093
f 1033/4/820 1068/4/771 911/4/1094 860/4/816
f 1079/5/877 1029/5/715 863/5/714 910/5/1095
f 641/4/1096 696/4/791 954/4/790 699/4/1097
f 641/4/1096 699/4/1097 1032/4/1098 861/4/1099
f 641/4/1096 861/4/1099 1033/4/820 845/4/819
f 641/4/1096 845/4/819 955/4/792 696/4/791
f 642/5/1100 843/5/720 1019/5/719 837/5/1055
f 642/5/1100 837/5/1055 1020/5/1053 844/5/1082
f 642/5/1100 844/5/1082 1031/5/1084 862/5/1101
f 642/5/1100 862/5/1101 1030/5/721 843/5/720
f 1030/5/721 1065/5/758 910/5/1095 863/5/714
f 1027/5/1102 888/5/1103 908/5/1104 1061/5/669
f 643/5/1105 842/5/1106 1018/5/1061 838/5/1060
f 643/5/1105 838/5/1060 1017/5/1059 841/5/1107
f 643/5/1105 841/5/1107 1027/5/1102 864/5/1108
f 643/5/1105 864/5/1108 1028/5/1109 842/5/1106
f 644/5/1110 850/5/1067 1025/5/1036 839/5/1063
f 644/5/1110 839/5/1063 1018/5/1061 842/5/1106
f 644/5/1110 842/5/1106 1028/5/1109 865/5/1111
f 644/5/1110 865/5/1111 1040/5/1068 850/5/1067
f 645/4/1112 719/4/808 969/4/807 729/4/1092
f 645/4/1112 729/4/1092 1035/4/1091 866/4/1113
f 645/4/1112 866/4/1113 1032/4/1098 699/4/1097
f 645/4/1112 699/4/1097 954/4/790 719/4/808
f 646/6/1114 867/6/1115 1043/6/962 868/6/961
f 646/6/1116 868/6/960 1045/6/959 869/6/1117
f 646/6/1118 869/6/1117 1046/6/1119 870/6/1120
f 646/6/1114 870/6/1121 1044/6/1122 867/6/1115
f 647/6/1123 873/6/1124 994/6/823 757/6/954
f 647/6/1123 757/6/954 993/6/775 872/6/956
f 647/6/1123 872/6/956 1043/6/962 867/6/1115
f 647/6/1123 867/6/1115 1044/6/1122 873/6/1124
f 648/6/1125 871/6/958 991/6/637 760/6/968
f 648/6/1125 760/6/968 992/6/786 874/6/1126
f 648/6/1125 874/6/1126 1046/6/1119 869/6/1117
f 648/6/1125 869/6/1117 1045/6/959 871/6/958
f 649/6/1127 874/6/1126 992/6/786 761/6/826
f 649/6/1128 761/6/827 994/6/823 873/6/1124
f 649/6/1128 873/6/1124 1044/6/1122 870/6/1121
f 649/6/1127 870/6/1120 1046/6/1119 874/6/1126
f 650/5/1129 887/5/1130 1017/5/1059 823/5/1058
f 650/5/1131 823/5/1058 935/5/912 886/5/1132
f 650/5/1131 886/5/1132 1047/5/1133 884/5/1134
f 650/5/1129 884/5/1135 1057/5/1135 887/5/1130
f 651/5/1136 888/5/1103 1027/5/1102 841/5/1107
f 651/5/1136 841/5/1107 1017/5/1059 887/5/1130
f 651/5/1136 887/5/1130 1057/5/1135 885/5/1135
f 651/5/1136 885/5/1135 1058/5/1135 888/5/1103
f 652/5/1137 909/5/1138 1060/5/684 898/5/683
f 652/5/1137 898/5/683 939/5/690 889/5/1139
f 652/5/1137 889/5/1139 1049/5/1140 907/5/1141
f 652/5/1137 907/5/1141 1085/5/1142 909/5/1138
f 653/4/1143 892/4/1144 962/4/628 714/4/627
f 653/4/1143 714/4/627 964/4/626 891/4/1145
f 653/4/1143 891/4/1145 1053/4/1146 880/4/1147
f 653/4/1143 880/4/1147 1052/4/1148 892/4/1144
f 654/4/1149 891/4/1145 964/4/626 731/4/870
f 654/4/1149 731/4/870 974/4/869 893/4/1150
f 654/4/1149 893/4/1150 1055/4/1151 882/4/1152
f 654/4/1149 882/4/1152 1053/4/1146 891/4/1145
f 655/4/1153 895/4/1154 965/4/811 691/4/810
f 655/4/1153 691/4/810 961/4/764 894/4/1155
f 655/4/1153 894/4/1155 1051/4/1156 878/4/1157
f 655/4/1153 878/4/1157 1054/4/1158 895/4/1154
f 656/4/1159 896/4/1160 979/4/845 715/4/844
f 656/4/1159 715/4/844 965/4/811 895/4/1154
f 656/4/1159 895/4/1154 1054/4/1158 881/4/1161
f 656/4/1159 881/4/1161 1056/4/1162 896/4/1160
f 657/4/1163 893/4/1150 974/4/869 688/4/886
f 657/4/1163 688/4/886 936/4/885 890/4/1164
f 657/4/1163 890/4/1164 1048/4/1165 877/4/1166
f 657/4/1163 877/4/1166 1055/4/1151 893/4/1150
f 658/4/1167 894/4/1155 961/4/764 705/4/763
f 658/4/1167 705/4/763 962/4/628 892/4/1144
f 658/4/1167 892/4/1144 1052/4/1148 879/4/1168
f 658/4/1167 879/4/1168 1051/4/1156 894/4/1155
f 659/5/1169 889/5/1170 939/5/696 672/5/694
f 659/5/1169 672/5/694 940/5/693 897/5/1171
f 659/5/1169 897/5/1171 1050/5/1172 875/5/1173
f 659/5/1169 875/5/1173 1049/5/1174 889/5/1170
f 660/4/1175 886/4/1132 935/4/912 736/4/911
f 660/4/1175 736/4/911 979/4/845 896/4/1160
f 660/4/1175 896/4/1160 1056/4/1162 883/4/1176
f 660/4/1175 883/4/1176 1047/4/1133 886/4/1132
f 1058/5/1135 1086/5/1135 908/5/1104 888/5/1103
f 1060/5/684 909/5/1138 890/5/1177 936/5/1178
f 661/5/1179 897/5/1180 940/5/671 675/5/670
f 661/5/1179 675/5/670 1061/5/669 908/5/1104
f 661/5/1179 908/5/1104 1086/5/1135 876/5/1181
f 661/5/1179 876/5/1181 1050/5/1182 897/5/1180
f 1085/5/1142 1048/5/1183 890/5/1177 909/5/1138
f 1040/5/1068 1078/5/642 915/5/1029 852/5/1069
f 662/5/1184 683/5/976 937/5/879 901/5/878
f 662/5/1184 901/5/878 1079/5/877 910/5/1095
f 662/5/1184 910/5/1095 1065/5/758 686/5/757
f 662/5/1184 686/5/757 947/5/730 683/5/976
f 663/4/1185 706/4/706 966/4/1186 723/4/1187
f 663/4/1185 723/4/1187 1069/4/1093 911/4/1094
f 663/4/1185 911/4/1094 1068/4/771 702/4/770
f 663/4/1185 702/4/770 958/4/707 706/4/706
f 664/4/1188 716/4/866 980/4/865 746/4/1189
f 664/4/1188 746/4/1189 1070/4/1079 912/4/1080
f 664/4/1188 912/4/1080 1069/4/1093 723/4/1187
f 664/4/1188 723/4/1187 966/4/1186 716/4/866
f 665/4/1190 737/4/891 938/4/664 671/4/663
f 665/4/1190 671/4/663 1059/4/662 913/4/1064
f 665/4/1190 913/4/1064 1070/4/1079 746/4/1189
f 665/4/1190 746/4/1189 980/4/865 737/4/891
f 666/4/1191 799/4/995 989/4/894 905/4/900
f 666/4/1191 905/4/900 1083/4/899 914/4/1003
f 666/4/1191 914/4/1003 1084/4/985 906/4/984
f 666/4/1191 906/4/984 1005/4/983 799/4/995
f 1010/5/928 1077/5/922 916/5/1013 781/5/929
f 852/5/1069 915/5/1029 1072/5/1006 1038/5/1070
f 1038/4/1073 1072/4/1006 917/4/1005 853/4/1074
f 781/5/929 916/5/1013 1063/5/686 942/5/1192
f 1039/4/1075 853/4/1074 917/4/1005 1076/4/979
f 1001/4/735 1071/4/949 919/4/987 765/4/964
f 667/4/1193 801/4/998 987/4/747 899/4/925
f 667/4/1193 899/4/925 1074/4/924 918/4/999
f 667/4/1193 918/4/999 1075/4/991 900/4/990
f 667/4/1193 900/4/990 1003/4/989 801/4/998
f 1075/4/991 1002/4/965 765/4/964 919/4/987
f 1039/4/1075 1076/4/979 920/4/978 854/4/1078
f 1084/4/985 1042/4/1049 854/4/1078 920/4/978
f 986/4/754 1073/4/651 921/4/945 774/4/755
f 1001/4/735 774/4/755 921/4/945 1071/4/949
f 1074/5/924 922/5/923 806/5/1010 985/5/1009
f 1083/5/899 923/5/898 856/5/1083 1041/5/1001
f 806/5/1010 922/5/923 1077/5/922 1010/5/928
f 1079/4/877 924/4/876 857/4/1086 1029/4/715
f 856/5/1083 923/5/898 1067/5/760 1031/5/1084
f 1082/4/873 1036/4/1087 857/4/1086 924/4/876
f 1082/4/873 925/4/872 858/4/1090 1036/4/1087
f 1081/4/615 1035/4/1091 858/4/1090 925/4/872
f 1080/4/621 926/4/769 861/4/1099 1032/4/1098
f 1033/4/820 861/4/1099 926/4/769 1068/4/771
f 1031/5/1084 1067/5/760 927/5/759 862/5/1101
f 946/5/1194 1064/5/660 928/5/711 682/5/904
f 862/5/1101 927/5/759 1065/5/758 1030/5/721
f 942/5/1192 1063/5/686 929/5/685 676/5/1195
f 682/5/904 928/5/711 1066/5/653 951/5/752
f 1027/5/1102 1061/5/669 930/5/668 864/5/1108
f 676/5/1195 929/5/685 1060/5/684 936/5/1178
f 1026/5/918 1059/5/662 931/5/661 840/5/1196
f 864/5/1108 930/5/668 1062/5/644 1028/5/1109
f 951/5/752 1066/5/653 932/5/652 784/5/753
f 840/5/1196 931/5/661 1064/5/660 946/5/1194
f 1028/5/1109 1062/5/644 933/5/643 865/5/1111
f 784/5/753 932/5/652 1073/5/651 986/5/754
f 1081/4/615 934/4/614 866/4/1113 1035/4/1091
f 865/5/1111 933/5/643 1078/5/642 1040/5/1068
f 1080/4/621 1032/4/1098 866/4/1113 934/4/614
f 1074/4/924 985/4/1009 773/4/1000 918/4/999
f 1087/4/1197 1294/4/1198 1384/4/1199 1314/4/1200
f 1087/4/1197 1314/4/1200 1322/4/1201 1167/4/1202
f 1087/4/1197 1167/4/1202 1329/4/1203 1316/4/1204
f 1087/4/1197 1316/4/1204 1388/4/1205 1294/4/1198
f 1088/4/1206 1189/4/1207 1356/4/1208 1188/4/1209
f 1088/4/1206 1188/4/1209 1359/4/1210 1195/4/1211
f 1088/4/1206 1195/4/1211 1358/4/1212 1193/4/1213
f 1088/4/1206 1193/4/1213 1357/4/1214 1189/4/1207
f 1089/4/1215 1168/4/1216 1331/4/1217 1310/4/1218
f 1089/4/1215 1310/4/1218 1392/4/1219 1299/4/1220
f 1089/4/1215 1299/4/1220 1382/4/1221 1309/4/1222
f 1089/4/1215 1309/4/1222 1321/4/1223 1168/4/1216
f 1090/4/1224 1305/4/1225 1381/4/1226 1286/4/1227
f 1090/4/1224 1286/4/1227 1383/4/1228 1308/4/1229
f 1091/4/1230 1308/4/1229 1383/4/1228 1301/4/1231
f 1091/4/1230 1301/4/1231 1393/4/1232 1311/4/1233
f 1092/4/1234 1258/4/1235 1370/4/1236 1263/4/1237
f 1092/4/1234 1263/4/1237 1371/4/1238 1187/4/1239
f 1092/4/1234 1187/4/1239 1356/4/1208 1189/4/1240
f 1092/4/1234 1189/4/1240 1357/4/1214 1258/4/1235
f 1093/4/1241 1226/4/1242 1337/4/1243 1207/4/1244
f 1093/4/1241 1207/4/1244 1336/4/1245 1220/4/1246
f 1093/4/1241 1220/4/1246 1324/4/1247 1170/4/1248
f 1093/4/1241 1170/4/1248 1325/4/1249 1226/4/1242
f 1094/4/1250 1227/4/1251 1339/4/1252 1206/4/1253
f 1094/4/1250 1206/4/1253 1338/4/1254 1221/4/1255
f 1094/4/1250 1221/4/1255 1326/4/1256 1173/4/1257
f 1094/4/1250 1173/4/1257 1327/4/1258 1227/4/1251
f 1095/4/1259 1225/4/1260 1343/4/1261 1205/4/1262
f 1095/4/1259 1205/4/1262 1337/4/1243 1226/4/1242
f 1095/4/1259 1226/4/1242 1325/4/1249 1171/4/1263
f 1095/4/1259 1171/4/1263 1333/4/1264 1225/4/1260
f 1096/4/1265 1223/4/1266 1341/4/1267 1204/4/1268
f 1096/4/1265 1204/4/1268 1339/4/1252 1227/4/1251
f 1096/4/1265 1227/4/1251 1327/4/1258 1172/4/1269
f 1096/4/1265 1172/4/1269 1335/4/1270 1223/4/1266
f 1097/4/1271 1220/4/1246 1336/4/1245 1203/4/1272
f 1097/4/1271 1203/4/1272 1340/4/1273 1222/4/1274
f 1097/4/1271 1222/4/1274 1334/4/1275 1184/4/1276
f 1097/4/1271 1184/4/1276 1324/4/1247 1220/4/1246
f 1098/4/1277 1222/4/1274 1340/4/1273 1202/4/1278
f 1098/4/1277 1202/4/1278 1341/4/1267 1223/4/1266
f 1098/4/1277 1223/4/1266 1335/4/1270 1185/4/1279
f 1098/4/1277 1185/4/1279 1334/4/1275 1222/4/1274
f 1099/4/1280 1221/4/1255 1338/4/1254 1201/4/1281
f 1099/4/1280 1201/4/1281 1342/4/1282 1224/4/1283
f 1099/4/1280 1224/4/1283 1332/4/1284 1182/4/1285
f 1099/4/1280 1182/4/1285 1326/4/1256 1221/4/1255
f 1100/4/1286 1273/4/1287 1377/4/1288 1279/4/1289
f 1100/4/1286 1279/4/1289 1376/4/1290 1244/4/1291
f 1100/4/1286 1244/4/1291 1361/4/1292 1241/4/1293
f 1100/4/1286 1241/4/1293 1362/4/1294 1273/4/1287
f 1101/4/1295 1266/4/1296 1374/4/1297 1271/4/1298
f 1101/4/1295 1271/4/1298 1375/4/1299 1231/4/1300
f 1101/4/1295 1231/4/1300 1355/4/1301 1232/4/1302
f 1101/4/1295 1232/4/1302 1352/4/1303 1266/4/1296
f 1102/4/1304 1317/4/1305 1389/4/1306 1298/4/1307
f 1102/4/1304 1298/4/1307 1390/4/1308 1304/4/1309
f 1103/4/1310 1313/4/1311 1385/4/1312 1296/4/1313
f 1103/4/1310 1296/4/1313 1389/4/1306 1317/4/1305
f 1104/4/1314 1311/4/1233 1393/4/1232 1303/4/1315
f 1104/4/1314 1303/4/1315 1394/4/1316 1318/4/1317
f 1105/4/1318 1198/4/1319 1328/4/1320 1179/4/1321
f 1105/4/1318 1179/4/1321 1329/4/1203 1199/4/1322
f 1105/4/1318 1199/4/1322 1343/4/1261 1200/4/1323
f 1105/4/1318 1200/4/1323 1342/4/1282 1198/4/1319
f 1106/4/1324 1194/4/1325 1320/4/1326 1178/4/1327
f 1106/4/1324 1178/4/1327 1328/4/1320 1198/4/1319
f 1106/4/1324 1198/4/1319 1342/4/1282 1201/4/1281
f 1106/4/1324 1201/4/1281 1338/4/1254 1194/4/1325
f 1107/4/1328 1196/4/1329 1330/4/1330 1181/4/1331
f 1107/4/1328 1181/4/1331 1331/4/1217 1197/4/1332
f 1107/4/1328 1197/4/1332 1341/4/1267 1202/4/1278
f 1107/4/1328 1202/4/1278 1340/4/1273 1196/4/1329
f 1108/4/1333 1192/4/1334 1323/4/1335 1180/4/1336
f 1108/4/1333 1180/4/1336 1330/4/1330 1196/4/1329
f 1108/4/1333 1196/4/1329 1340/4/1273 1203/4/1272
f 1108/4/1333 1203/4/1272 1336/4/1245 1192/4/1334
f 1109/4/1337 1197/4/1332 1331/4/1217 1168/4/1216
f 1109/4/1337 1168/4/1216 1321/4/1223 1177/4/1338
f 1109/4/1337 1177/4/1338 1339/4/1252 1204/4/1268
f 1109/4/1337 1204/4/1268 1341/4/1267 1197/4/1332
f 1110/4/1339 1199/4/1322 1329/4/1203 1167/4/1202
f 1110/4/1339 1167/4/1202 1322/4/1201 1175/4/1340
f 1110/4/1339 1175/4/1340 1337/4/1243 1205/4/1262
f 1110/4/1339 1205/4/1262 1343/4/1261 1199/4/1322
f 1111/4/1341 1175/4/1340 1322/4/1201 1166/4/1342
f 1111/4/1341 1166/4/1342 1323/4/1335 1192/4/1334
f 1111/4/1341 1192/4/1334 1336/4/1245 1207/4/1244
f 1111/4/1341 1207/4/1244 1337/4/1243 1175/4/1340
f 1112/4/1343 1249/4/1344 1365/4/1345 1255/4/1346
f 1112/4/1343 1255/4/1346 1364/4/1347 1216/4/1348
f 1112/4/1343 1216/4/1348 1350/4/1349 1215/4/1350
f 1112/4/1343 1215/4/1350 1351/4/1351 1249/4/1344
f 1113/4/1352 1237/4/1353 1320/4/1326 1194/4/1325
f 1113/4/1352 1194/4/1325 1338/4/1254 1236/4/1354
f 1113/4/1352 1236/4/1354 1347/4/1355 1210/4/1356
f 1113/4/1352 1210/4/1356 1345/4/1357 1237/4/1353
f 1114/4/1358 1238/4/1359 1321/4/1223 1169/4/1360
f 1114/4/1358 1169/4/1360 1320/4/1326 1237/4/1353
f 1114/4/1358 1237/4/1353 1345/4/1357 1208/4/1361
f 1114/4/1358 1208/4/1361 1344/4/1362 1238/4/1359
f 1115/4/1363 1236/4/1364 1338/4/1254 1206/4/1253
f 1115/4/1363 1206/4/1253 1339/4/1365 1239/4/1366
f 1115/4/1363 1239/4/1366 1346/4/1367 1211/4/1368
f 1115/4/1363 1211/4/1368 1347/4/1369 1236/4/1364
f 1116/4/1370 1213/4/1371 1348/4/1372 1212/4/1373
f 1116/4/1370 1212/4/1373 1349/4/1374 1214/4/1375
f 1116/4/1370 1214/4/1375 1351/4/1351 1215/4/1350
f 1116/4/1370 1215/4/1350 1350/4/1349 1213/4/1371
f 1117/4/1376 1216/4/1348 1364/4/1377 1254/4/1378
f 1117/4/1376 1254/4/1378 1366/4/1379 1218/4/1380
f 1117/4/1376 1218/4/1380 1348/4/1372 1213/4/1371
f 1117/4/1376 1213/4/1371 1350/4/1349 1216/4/1348
f 1118/4/1381 1251/4/1382 1367/4/1383 1253/4/1384
f 1118/4/1381 1253/4/1384 1365/4/1385 1249/4/1344
f 1118/4/1381 1249/4/1344 1351/4/1351 1214/4/1375
f 1118/4/1381 1214/4/1375 1349/4/1374 1251/4/1382
f 1119/4/1386 1218/4/1380 1366/4/1387 1252/4/1388
f 1119/4/1386 1252/4/1388 1367/4/1383 1251/4/1382
f 1119/4/1386 1251/4/1382 1349/4/1374 1212/4/1373
f 1119/4/1386 1212/4/1373 1348/4/1372 1218/4/1380
f 1120/4/1389 1241/4/1293 1361/4/1292 1240/4/1390
f 1120/4/1389 1240/4/1390 1360/4/1391 1242/4/1392
f 1120/4/1389 1242/4/1392 1363/4/1393 1243/4/1394
f 1120/4/1389 1243/4/1394 1362/4/1294 1241/4/1293
f 1121/4/1395 1228/4/1396 1372/4/1397 1270/4/1398
f 1121/4/1395 1270/4/1398 1373/4/1399 1265/4/1400
f 1121/4/1395 1265/4/1400 1353/4/1401 1233/4/1402
f 1121/4/1395 1233/4/1402 1354/4/1403 1228/4/1396
f 1122/4/1404 1231/4/1300 1375/4/1405 1269/4/1406
f 1122/4/1404 1269/4/1406 1372/4/1407 1228/4/1396
f 1122/4/1404 1228/4/1396 1354/4/1403 1235/4/1408
f 1122/4/1404 1235/4/1408 1355/4/1301 1231/4/1300
f 1123/4/1409 1265/4/1400 1373/4/1410 1268/4/1411
f 1123/4/1409 1268/4/1411 1374/4/1412 1266/4/1296
f 1123/4/1409 1266/4/1296 1352/4/1303 1234/4/1413
f 1123/4/1409 1234/4/1413 1353/4/1401 1265/4/1400
f 1124/4/1414 1235/4/1408 1354/4/1403 1233/4/1402
f 1124/4/1414 1233/4/1402 1353/4/1401 1234/4/1413
f 1124/4/1414 1234/4/1413 1352/4/1303 1232/4/1302
f 1124/4/1414 1232/4/1302 1355/4/1301 1235/4/1408
f 1125/4/1415 1174/4/1416 1368/4/1417 1262/4/1418
f 1125/4/1415 1262/4/1418 1369/4/1419 1257/4/1420
f 1125/4/1415 1257/4/1420 1358/4/1212 1195/4/1211
f 1125/4/1415 1195/4/1211 1359/4/1210 1174/4/1416
f 1126/4/1421 1187/4/1239 1371/4/1422 1261/4/1423
f 1126/4/1421 1261/4/1423 1368/4/1424 1174/4/1416
f 1126/4/1421 1174/4/1416 1359/4/1210 1188/4/1209
f 1126/4/1421 1188/4/1209 1356/4/1208 1187/4/1239
f 1127/4/1425 1257/4/1420 1369/4/1419 1260/4/1426
f 1127/4/1425 1260/4/1426 1370/4/1236 1258/4/1235
f 1127/4/1425 1258/4/1235 1357/4/1214 1193/4/1213
f 1127/4/1425 1193/4/1213 1358/4/1212 1257/4/1420
f 1128/4/1427 1224/4/1283 1342/4/1282 1200/4/1323
f 1128/4/1427 1200/4/1323 1343/4/1261 1225/4/1260
f 1128/4/1427 1225/4/1260 1333/4/1264 1183/4/1428
f 1128/4/1427 1183/4/1428 1332/4/1284 1224/4/1283
f 1129/4/1429 1274/4/1430 1378/4/1431 1278/4/1432
f 1129/4/1429 1278/4/1432 1377/4/1288 1273/4/1287
f 1129/4/1429 1273/4/1287 1362/4/1294 1243/4/1394
f 1129/4/1429 1243/4/1394 1363/4/1393 1274/4/1430
f 1130/4/1433 1244/4/1291 1376/4/1434 1277/4/1435
f 1130/4/1433 1277/4/1435 1379/4/1436 1247/4/1437
f 1130/4/1433 1247/4/1437 1360/4/1391 1240/4/1390
f 1130/4/1433 1240/4/1390 1361/4/1292 1244/4/1291
f 1131/4/1438 1247/4/1437 1379/4/1436 1276/4/1439
f 1131/4/1438 1276/4/1439 1378/4/1440 1274/4/1430
f 1131/4/1438 1274/4/1430 1363/4/1393 1242/4/1392
f 1131/4/1438 1242/4/1392 1360/4/1391 1247/4/1437
f 1132/4/1441 1250/4/1442 1344/4/1362 1208/4/1361
f 1132/4/1441 1208/4/1361 1345/4/1357 1219/4/1443
f 1132/4/1441 1219/4/1443 1367/4/1383 1252/4/1388
f 1132/4/1441 1252/4/1388 1366/4/1387 1250/4/1442
f 1133/4/1444 1219/4/1443 1345/4/1357 1210/4/1356
f 1133/4/1444 1210/4/1356 1347/4/1355 1217/4/1445
f 1133/4/1444 1217/4/1445 1365/4/1385 1253/4/1384
f 1133/4/1444 1253/4/1384 1367/4/1383 1219/4/1443
f 1134/4/1446 1248/4/1447 1346/4/1448 1209/4/1449
f 1134/4/1446 1209/4/1449 1344/4/1450 1250/4/1451
f 1134/4/1446 1250/4/1451 1366/4/1379 1254/4/1378
f 1134/4/1446 1254/4/1378 1364/4/1377 1248/4/1447
f 1135/4/1452 1217/4/1453 1347/4/1369 1211/4/1368
f 1135/4/1452 1211/4/1368 1346/4/1367 1248/4/1454
f 1135/4/1452 1248/4/1454 1364/4/1347 1255/4/1346
f 1135/4/1452 1255/4/1346 1365/4/1345 1217/4/1453
f 1136/4/1455 1176/4/1456 1327/4/1258 1173/4/1257
f 1136/4/1455 1173/4/1257 1326/4/1256 1186/4/1457
f 1136/4/1455 1186/4/1457 1370/4/1236 1260/4/1426
f 1136/4/1455 1260/4/1426 1369/4/1419 1176/4/1456
f 1137/4/1458 1259/4/1459 1332/4/1460 1191/4/1461
f 1137/4/1458 1191/4/1461 1335/4/1462 1256/4/1463
f 1137/4/1458 1256/4/1463 1368/4/1424 1261/4/1423
f 1137/4/1458 1261/4/1423 1371/4/1422 1259/4/1459
f 1138/4/1464 1256/4/1465 1335/4/1270 1172/4/1269
f 1138/4/1464 1172/4/1269 1327/4/1258 1176/4/1456
f 1138/4/1464 1176/4/1456 1369/4/1419 1262/4/1418
f 1138/4/1464 1262/4/1418 1368/4/1417 1256/4/1465
f 1139/4/1466 1186/4/1457 1326/4/1256 1182/4/1285
f 1139/4/1466 1182/4/1285 1332/4/1284 1259/4/1467
f 1139/4/1466 1259/4/1467 1371/4/1238 1263/4/1237
f 1139/4/1466 1263/4/1237 1370/4/1236 1186/4/1457
f 1140/4/1468 1229/4/1469 1334/4/1275 1185/4/1279
f 1140/4/1468 1185/4/1279 1335/4/1270 1230/4/1470
f 1140/4/1468 1230/4/1470 1374/4/1412 1268/4/1411
f 1140/4/1468 1268/4/1411 1373/4/1410 1229/4/1469
f 1141/4/1471 1267/4/1472 1332/4/1284 1183/4/1428
f 1141/4/1471 1183/4/1428 1333/4/1264 1264/4/1473
f 1141/4/1471 1264/4/1473 1372/4/1407 1269/4/1406
f 1141/4/1471 1269/4/1406 1375/4/1405 1267/4/1472
f 1142/4/1474 1264/4/1475 1333/4/1476 1190/4/1477
f 1142/4/1474 1190/4/1477 1334/4/1478 1229/4/1479
f 1142/4/1474 1229/4/1479 1373/4/1399 1270/4/1398
f 1142/4/1474 1270/4/1398 1372/4/1397 1264/4/1475
f 1143/4/1480 1230/4/1481 1335/4/1482 1191/4/1483
f 1143/4/1480 1191/4/1483 1332/4/1484 1267/4/1485
f 1143/4/1480 1267/4/1485 1375/4/1299 1271/4/1298
f 1143/4/1480 1271/4/1298 1374/4/1297 1230/4/1481
f 1144/4/1486 1275/4/1487 1324/4/1247 1184/4/1276
f 1144/4/1486 1184/4/1276 1334/4/1275 1246/4/1488
f 1144/4/1486 1246/4/1488 1378/4/1440 1276/4/1439
f 1144/4/1486 1276/4/1439 1379/4/1436 1275/4/1487
f 1145/4/1489 1272/4/1490 1325/4/1249 1170/4/1248
f 1145/4/1489 1170/4/1248 1324/4/1247 1275/4/1487
f 1145/4/1489 1275/4/1487 1379/4/1436 1277/4/1435
f 1145/4/1489 1277/4/1435 1376/4/1434 1272/4/1490
f 1146/4/1491 1246/4/1492 1334/4/1493 1190/4/1494
f 1146/4/1491 1190/4/1494 1333/4/1495 1245/4/1496
f 1146/4/1491 1245/4/1496 1377/4/1288 1278/4/1432
f 1146/4/1491 1278/4/1432 1378/4/1431 1246/4/1492
f 1147/4/1497 1245/4/1498 1333/4/1264 1171/4/1263
f 1147/4/1497 1171/4/1263 1325/4/1249 1272/4/1490
f 1147/4/1497 1272/4/1490 1376/4/1290 1279/4/1289
f 1147/4/1497 1279/4/1289 1377/4/1288 1245/4/1498
f 1148/4/1499 1239/4/1500 1339/4/1252 1177/4/1338
f 1148/4/1499 1177/4/1338 1321/4/1223 1238/4/1359
f 1148/4/1499 1238/4/1359 1344/4/1450 1209/4/1449
f 1148/4/1499 1209/4/1449 1346/4/1448 1239/4/1500
f 1149/4/1501 1180/4/1336 1323/4/1335 1315/4/1502
f 1149/4/1501 1315/4/1502 1386/4/1503 1288/4/1504
f 1149/4/1501 1288/4/1504 1395/4/1505 1319/4/1506
f 1149/4/1501 1319/4/1506 1330/4/1330 1180/4/1336
f 1150/4/1507 1312/4/1508 1387/4/1509 1293/4/1510
f 1150/4/1507 1293/4/1510 1385/4/1312 1313/4/1311
f 1151/4/1511 1281/4/1512 1391/4/1513 1306/4/1514
f 1151/4/1511 1306/4/1514 1328/4/1320 1178/4/1327
f 1151/4/1511 1178/4/1327 1320/4/1326 1307/4/1515
f 1151/4/1511 1307/4/1515 1380/4/1516 1281/4/1512
f 1152/4/1517 1318/4/1317 1394/4/1316 1290/4/1518
f 1152/4/1517 1290/4/1518 1387/4/1509 1312/4/1508
f 1153/4/1519 1314/4/1200 1384/4/1199 1291/4/1520
f 1153/4/1519 1291/4/1520 1386/4/1503 1315/4/1502
f 1153/4/1519 1315/4/1502 1323/4/1335 1166/4/1342
f 1153/4/1519 1166/4/1342 1322/4/1201 1314/4/1200
f 1154/4/1521 1181/4/1331 1330/4/1330 1319/4/1506
f 1154/4/1521 1319/4/1506 1395/4/1505 1302/4/1522
f 1154/4/1521 1302/4/1522 1392/4/1219 1310/4/1218
f 1154/4/1521 1310/4/1218 1331/4/1217 1181/4/1331
f 1155/4/1523 1307/4/1515 1320/4/1326 1169/4/1360
f 1155/4/1523 1169/4/1360 1321/4/1223 1309/4/1222
f 1155/4/1523 1309/4/1222 1382/4/1221 1284/4/1524
f 1155/4/1523 1284/4/1524 1380/4/1516 1307/4/1515
f 1156/4/1525 1297/4/1526 1388/4/1205 1316/4/1204
f 1156/4/1525 1316/4/1204 1329/4/1203 1179/4/1321
f 1156/4/1525 1179/4/1321 1328/4/1320 1306/4/1514
f 1156/4/1525 1306/4/1514 1391/4/1513 1297/4/1526
f 1157/4/1527 1280/4/1528 1391/4/1513 1281/4/1529
f 1157/4/1530 1281/4/1530 1380/4/1531 1282/4/1532
f 1157/4/1527 1282/4/1533 1381/4/1226 1283/4/1534
f 1157/4/1527 1283/4/1534 1390/4/1308 1280/4/1528
f 1158/4/1535 1282/4/1532 1380/4/1531 1284/4/1536
f 1158/4/1535 1284/4/1536 1382/4/1537 1285/4/1538
f 1158/4/1539 1285/4/1540 1383/4/1228 1286/4/1227
f 1158/4/1539 1286/4/1227 1381/4/1226 1282/4/1533
f 1159/4/1541 1287/4/1542 1395/4/1505 1288/4/1504
f 1159/4/1541 1288/4/1504 1386/4/1503 1289/4/1543
f 1159/4/1541 1289/4/1543 1387/4/1509 1290/4/1518
f 1159/4/1541 1290/4/1518 1394/4/1316 1287/4/1542
f 1160/4/1544 1289/4/1543 1386/4/1503 1291/4/1520
f 1160/4/1544 1291/4/1520 1384/4/1199 1292/4/1545
f 1160/4/1544 1292/4/1545 1385/4/1312 1293/4/1510
f 1160/4/1544 1293/4/1510 1387/4/1509 1289/4/1543
f 1161/4/1546 1292/4/1545 1384/4/1199 1294/4/1198
f 1161/4/1546 1294/4/1198 1388/4/1205 1295/4/1547
f 1161/4/1546 1295/4/1547 1389/4/1306 1296/4/1313
f 1161/4/1546 1296/4/1313 1385/4/1312 1292/4/1545
f 1162/4/1548 1295/4/1547 1388/4/1205 1297/4/1526
f 1162/4/1548 1297/4/1526 1391/4/1513 1280/4/1528
f 1162/4/1548 1280/4/1528 1390/4/1308 1298/4/1307
f 1162/4/1548 1298/4/1307 1389/4/1306 1295/4/1547
f 1163/4/1549 1285/4/1538 1382/4/1537 1299/4/1549
f 1163/4/1550 1299/4/1551 1392/4/1219 1300/4/1552
f 1163/4/1550 1300/4/1552 1393/4/1232 1301/4/1231
f 1163/4/1550 1301/4/1231 1383/4/1228 1285/4/1540
f 1164/4/1553 1300/4/1552 1392/4/1219 1302/4/1522
f 1164/4/1553 1302/4/1522 1395/4/1505 1287/4/1542
f 1164/4/1553 1287/4/1542 1394/4/1316 1303/4/1315
f 1164/4/1553 1303/4/1315 1393/4/1232 1300/4/1552
f 1165/4/1554 1304/4/1309 1390/4/1308 1283/4/1534
f 1165/4/1554 1283/4/1534 1381/4/1226 1305/4/1225
f 1396/4/1555 1748/4/1556 1926/4/1557 1779/4/1558
f 1396/4/1555 1562/4/1559 1812/4/1560 1748/4/1556
f 1396/4/1555 1747/4/1561 1802/4/1562 1562/4/1559
f 1396/4/1555 1779/4/1558 1925/4/1563 1747/4/1561
f 1397/4/1564 1573/4/1565 1813/4/1566 1563/4/1567
f 1397/4/1564 1559/4/1568 1809/4/1569 1573/4/1565
f 1397/4/1564 1549/4/1570 1807/4/1571 1559/4/1568
f 1397/4/1564 1563/4/1567 1804/4/1572 1549/4/1570
f 1398/4/1573 1632/4/1574 1858/4/1575 1667/4/1576
f 1398/4/1573 1613/4/1577 1842/4/1578 1632/4/1574
f 1398/4/1573 1655/4/1579 1836/4/1580 1613/4/1577
f 1398/4/1573 1667/4/1576 1859/4/1581 1655/4/1579
f 1399/5/1582 1778/5/1583 1923/5/1584 1666/5/1585
f 1399/5/1582 1523/5/1586 1907/5/1587 1778/5/1583
f 1399/5/1582 1649/5/1588 1788/5/1589 1523/5/1586
f 1399/5/1582 1666/5/1585 1853/5/1590 1649/5/1588
f 1400/5/1591 1777/5/1592 1918/5/1593 1599/5/1594
f 1400/5/1591 1538/5/1595 1911/5/1596 1777/5/1592
f 1400/5/1591 1630/5/1597 1797/5/1598 1538/5/1595
f 1400/5/1591 1599/5/1594 1833/5/1599 1630/5/1597
f 1401/5/1600 1776/5/1601 1909/5/1602 1530/5/1603
f 1401/5/1600 1516/5/1604 1904/5/1605 1776/5/1601
f 1401/5/1600 1519/5/1606 1783/5/1607 1516/5/1604
f 1401/5/1600 1530/5/1603 1793/5/1608 1519/5/1606
f 1402/5/1609 1775/5/1610 1907/5/1587 1523/5/1586
f 1402/5/1609 1520/5/1611 1906/5/1612 1775/5/1610
f 1402/5/1609 1518/5/1613 1785/5/1614 1520/5/1611
f 1402/5/1609 1523/5/1586 1788/5/1589 1518/5/1613
f 1403/4/1615 1648/4/1616 1852/4/1617 1665/4/1618
f 1403/4/1615 1608/4/1619 1829/4/1620 1648/4/1616
f 1403/4/1615 1650/4/1621 1845/4/1622 1608/4/1619
f 1403/4/1615 1665/4/1618 1854/4/1623 1650/4/1621
f 1404/5/1624 1774/5/1625 1905/5/1626 1743/5/1627
f 1404/5/1624 1524/5/1628 1908/5/1629 1774/5/1625
f 1404/5/1624 1522/5/1630 1789/5/1631 1524/5/1628
f 1404/5/1624 1743/5/1627 1784/5/1632 1522/5/1630
f 1405/5/1633 1517/5/1634 1785/5/1635 1518/5/1636
f 1405/5/1637 1522/5/1630 1784/5/1638 1517/5/1634
f 1405/5/1637 1525/5/1639 1789/5/1631 1522/5/1630
f 1405/5/1633 1518/5/1636 1788/5/1640 1525/5/1641
f 1406/4/1642 1572/4/1643 1812/4/1644 1562/4/1642
f 1406/4/1645 1551/4/1645 1811/4/1646 1572/4/1643
f 1406/4/1647 1546/4/1648 1803/4/1649 1551/4/1650
f 1406/4/1651 1562/4/1559 1802/4/1562 1546/4/1648
f 1407/5/1652 1773/5/1653 1911/5/1596 1538/5/1595
f 1407/5/1652 1530/5/1603 1909/5/1602 1773/5/1653
f 1407/5/1652 1529/5/1654 1793/5/1608 1530/5/1603
f 1407/5/1652 1538/5/1595 1797/5/1598 1529/5/1654
f 1408/5/1655 1526/5/1656 1874/5/1657 1708/5/1658
f 1408/5/1655 1670/5/1659 1790/5/1660 1526/5/1656
f 1408/5/1655 1688/5/1661 1864/5/1662 1670/5/1659
f 1408/5/1655 1708/5/1658 1875/5/1663 1688/5/1661
f 1409/5/1664 1537/5/1665 1795/5/1666 1535/5/1667
f 1409/5/1668 1529/5/1654 1797/5/1598 1537/5/1669
f 1409/5/1668 1532/5/1670 1793/5/1608 1529/5/1654
f 1409/5/1664 1535/5/1667 1792/5/1671 1532/5/1672
f 1410/4/1673 1631/4/1674 1818/4/1675 1575/4/1676
f 1410/4/1673 1612/4/1677 1846/4/1678 1631/4/1674
f 1410/4/1673 1639/4/1679 1840/4/1680 1612/4/1677
f 1410/4/1673 1575/4/1676 1808/4/1681 1639/4/1679
f 1411/5/1682 1664/5/1683 1853/5/1684 1624/5/1685
f 1411/5/1682 1653/5/1686 1857/5/1687 1664/5/1688
f 1411/5/1682 1595/5/1689 1832/5/1690 1653/5/1686
f 1411/5/1682 1624/5/1685 1835/5/1691 1595/5/1689
f 1412/4/1692 1629/4/1693 1796/4/1694 1513/4/1695
f 1412/4/1692 1619/4/1696 1831/4/1697 1629/4/1693
f 1412/4/1692 1631/4/1674 1846/4/1678 1619/4/1696
f 1412/4/1692 1513/4/1695 1818/4/1675 1631/4/1674
f 1413/5/1698 1772/5/1699 1910/5/1700 1531/5/1701
f 1413/5/1698 1539/5/1702 1912/5/1703 1772/5/1699
f 1413/5/1698 1535/5/1667 1795/5/1666 1539/5/1702
f 1413/5/1698 1531/5/1701 1792/5/1671 1535/5/1667
f 1414/4/1704 1548/4/1705 1806/4/1706 1550/4/1707
f 1414/4/1704 1542/4/1708 1805/4/1709 1548/4/1705
f 1414/4/1704 1549/4/1570 1804/4/1572 1542/4/1708
f 1414/4/1704 1550/4/1707 1807/4/1571 1549/4/1570
f 1415/4/1710 1747/4/1561 1925/4/1563 1771/4/1711
f 1415/4/1710 1546/4/1648 1802/4/1562 1747/4/1561
f 1415/4/1710 1547/4/1712 1803/4/1649 1546/4/1648
f 1415/4/1710 1771/4/1711 1913/4/1713 1547/4/1712
f 1416/4/1714 1655/4/1579 1859/4/1581 1663/4/1715
f 1416/4/1714 1604/4/1716 1836/4/1580 1655/4/1579
f 1416/4/1714 1656/4/1717 1838/4/1718 1604/4/1716
f 1416/4/1714 1663/4/1715 1860/4/1719 1656/4/1717
f 1417/4/1720 1637/4/1721 1843/4/1722 1615/4/1723
f 1417/4/1720 1555/4/1724 1815/4/1725 1637/4/1721
f 1417/4/1720 1634/4/1726 1801/4/1727 1555/4/1724
f 1417/4/1720 1615/4/1723 1837/4/1728 1634/4/1726
f 1418/4/1729 1545/4/1730 1801/4/1727 1540/4/1731
f 1418/4/1729 1541/4/1732 1799/4/1733 1545/4/1730
f 1418/4/1729 1543/4/1734 1800/4/1735 1541/4/1732
f 1418/4/1729 1540/4/1731 1798/4/1736 1543/4/1734
f 1419/4/1737 1638/4/1738 1861/4/1739 1662/4/1740
f 1419/4/1737 1563/4/1567 1813/4/1566 1638/4/1738
f 1419/4/1737 1636/4/1741 1804/4/1572 1563/4/1567
f 1419/4/1737 1662/4/1740 1860/4/1719 1636/4/1741
f 1420/4/1742 1571/4/1743 1816/4/1744 1566/4/1745
f 1420/4/1742 1558/4/1746 1808/4/1681 1571/4/1743
f 1420/4/1742 1543/4/1734 1798/4/1736 1558/4/1746
f 1420/4/1742 1566/4/1745 1800/4/1735 1543/4/1734
f 1421/4/1747 1570/4/1748 1815/4/1725 1555/4/1724
f 1421/4/1747 1564/4/1749 1814/4/1750 1570/4/1748
f 1421/4/1747 1545/4/1730 1799/4/1733 1564/4/1749
f 1421/4/1747 1555/4/1724 1801/4/1727 1545/4/1730
f 1422/4/1751 1569/4/1752 1810/4/1753 1536/4/1754
f 1422/4/1751 1557/4/1755 1817/4/1756 1569/4/1752
f 1422/4/1751 1548/4/1705 1805/4/1709 1557/4/1755
f 1422/4/1751 1536/4/1754 1806/4/1706 1548/4/1705
f 1423/4/1757 1691/4/1758 1879/4/1759 1705/4/1760
f 1423/4/1757 1566/4/1745 1816/4/1744 1691/4/1758
f 1423/4/1757 1690/4/1761 1800/4/1735 1566/4/1745
f 1423/4/1757 1705/4/1760 1878/4/1762 1690/4/1761
f 1424/4/1763 1639/4/1679 1808/4/1681 1558/4/1746
f 1424/4/1763 1603/4/1764 1840/4/1680 1639/4/1679
f 1424/4/1763 1635/4/1765 1839/4/1766 1603/4/1764
f 1424/4/1763 1558/4/1746 1798/4/1736 1635/4/1765
f 1425/4/1767 1634/4/1726 1837/4/1728 1606/4/1768
f 1425/4/1767 1540/4/1731 1801/4/1727 1634/4/1726
f 1425/4/1767 1635/4/1765 1798/4/1736 1540/4/1731
f 1425/4/1767 1606/4/1769 1839/4/1766 1635/4/1765
f 1426/4/1770 1621/4/1771 1844/4/1772 1617/4/1773
f 1426/4/1770 1565/4/1774 1826/4/1775 1621/4/1771
f 1426/4/1770 1637/4/1721 1815/4/1725 1565/4/1774
f 1426/4/1770 1617/4/1773 1843/4/1722 1637/4/1721
f 1427/4/1776 1650/4/1621 1854/4/1623 1661/4/1777
f 1427/4/1776 1616/4/1778 1845/4/1622 1650/4/1621
f 1427/4/1776 1632/4/1574 1842/4/1578 1616/4/1778
f 1427/4/1776 1661/4/1777 1858/4/1575 1632/4/1574
f 1428/4/1779 1692/4/1780 1882/4/1781 1704/4/1782
f 1428/4/1779 1580/4/1783 1823/4/1784 1692/4/1780
f 1428/4/1779 1691/4/1758 1816/4/1744 1580/4/1783
f 1428/4/1779 1704/4/1782 1879/4/1759 1691/4/1758
f 1429/4/1785 1590/4/1786 1824/4/1787 1560/4/1788
f 1429/4/1785 1567/4/1789 1827/4/1790 1590/4/1786
f 1429/4/1785 1569/4/1752 1817/4/1756 1567/4/1789
f 1429/4/1785 1560/4/1788 1810/4/1753 1569/4/1752
f 1430/4/1791 1589/4/1792 1826/4/1775 1565/4/1774
f 1430/4/1791 1579/4/1793 1822/4/1794 1589/4/1792
f 1430/4/1791 1570/4/1748 1814/4/1750 1579/4/1793
f 1430/4/1791 1565/4/1774 1815/4/1725 1570/4/1748
f 1431/4/1795 1588/4/1796 1823/4/1784 1580/4/1783
f 1431/4/1795 1575/4/1676 1818/4/1675 1588/4/1796
f 1431/4/1795 1571/4/1743 1808/4/1681 1575/4/1676
f 1431/4/1795 1580/4/1783 1816/4/1744 1571/4/1743
f 1432/4/1797 1652/4/1798 1856/4/1799 1660/4/1800
f 1432/4/1797 1578/4/1801 1821/4/1802 1652/4/1798
f 1432/4/1797 1638/4/1738 1813/4/1566 1578/4/1801
f 1432/4/1797 1660/4/1800 1861/4/1739 1638/4/1738
f 1433/4/1803 1587/4/1804 1820/4/1805 1577/4/1806
f 1433/4/1803 1561/4/1807 1825/4/1808 1587/4/1804
f 1433/4/1803 1572/4/1643 1811/4/1646 1561/4/1807
f 1433/4/1803 1577/4/1806 1812/4/1644 1572/4/1643
f 1434/4/1809 1586/4/1810 1821/4/1802 1578/4/1801
f 1434/4/1809 1576/4/1811 1819/4/1812 1586/4/1810
f 1434/4/1809 1573/4/1565 1809/4/1569 1576/4/1811
f 1434/4/1809 1578/4/1801 1813/4/1566 1573/4/1565
f 1435/4/1813 1749/4/1814 1927/4/1815 1770/4/1816
f 1435/4/1813 1577/4/1806 1820/4/1805 1749/4/1814
f 1435/4/1813 1748/4/1556 1812/4/1560 1577/4/1806
f 1435/4/1813 1770/4/1816 1926/4/1557 1748/4/1556
f 1436/4/1817 1746/4/1818 1924/4/1819 1769/4/1820
f 1436/4/1817 1552/4/1821 1782/4/1822 1746/4/1818
f 1436/4/1817 1749/4/1814 1820/4/1805 1552/4/1821
f 1436/4/1817 1769/4/1820 1927/4/1815 1749/4/1814
f 1437/4/1823 1521/4/1824 1787/4/1825 1553/4/1826
f 1437/4/1823 1533/4/1827 1781/4/1828 1521/4/1824
f 1437/4/1823 1586/4/1810 1819/4/1812 1533/4/1827
f 1437/4/1823 1553/4/1826 1821/4/1802 1586/4/1810
f 1438/4/1829 1515/4/1830 1782/4/1822 1552/4/1821
f 1438/4/1831 1582/4/1832 1783/4/1607 1515/4/1833
f 1438/4/1831 1587/4/1804 1825/4/1808 1582/4/1832
f 1438/4/1829 1552/4/1821 1820/4/1805 1587/4/1804
f 1439/5/1834 1593/5/1835 1834/5/1836 1622/5/1837
f 1439/5/1838 1630/5/1597 1833/5/1599 1593/5/1835
f 1439/5/1838 1537/5/1669 1797/5/1598 1630/5/1597
f 1439/5/1834 1622/5/1837 1795/5/1666 1537/5/1665
f 1440/5/1839 1768/5/1840 1912/5/1703 1539/5/1702
f 1440/5/1839 1750/5/1841 1928/5/1842 1768/5/1840
f 1440/5/1839 1622/5/1837 1834/5/1836 1750/5/1841
f 1440/5/1839 1539/5/1702 1795/5/1666 1622/5/1837
f 1441/4/1843 1527/4/1844 1791/4/1845 1556/4/1846
f 1441/4/1843 1513/4/1695 1796/4/1694 1527/4/1844
f 1441/4/1843 1588/4/1796 1818/4/1675 1513/4/1695
f 1441/4/1843 1556/4/1846 1823/4/1784 1588/4/1796
f 1442/4/1847 1534/4/1848 1794/4/1849 1583/4/1850
f 1442/4/1847 1554/4/1851 1790/4/1660 1534/4/1848
f 1442/4/1847 1589/4/1792 1822/4/1794 1554/4/1851
f 1442/4/1847 1583/4/1850 1826/4/1775 1589/4/1792
f 1443/4/1852 1514/4/1853 1780/4/1854 1581/4/1855
f 1443/4/1852 1584/4/1856 1786/4/1857 1514/4/1853
f 1443/4/1852 1590/4/1786 1827/4/1790 1584/4/1856
f 1443/4/1852 1581/4/1855 1824/4/1787 1590/4/1786
f 1444/4/1858 1685/4/1859 1871/4/1860 1700/4/1861
f 1444/4/1858 1556/4/1846 1791/4/1845 1685/4/1859
f 1444/4/1858 1692/4/1780 1823/4/1784 1556/4/1846
f 1444/4/1858 1700/4/1861 1882/4/1781 1692/4/1780
f 1445/5/1862 1767/5/1863 1922/5/1864 1659/5/1865
f 1445/5/1862 1744/5/1866 1919/5/1867 1767/5/1863
f 1445/5/1862 1653/5/1686 1832/5/1690 1744/5/1866
f 1445/5/1862 1659/5/1865 1857/5/1687 1653/5/1686
f 1446/4/1868 1626/4/1869 1855/4/1870 1658/4/1871
f 1446/4/1868 1553/4/1826 1787/4/1825 1626/4/1869
f 1446/4/1868 1652/4/1798 1821/4/1802 1553/4/1826
f 1446/4/1868 1658/4/1871 1856/4/1799 1652/4/1798
f 1447/5/1872 1593/5/1835 1833/5/1599 1592/5/1873
f 1447/5/1872 1594/5/1874 1834/5/1836 1593/5/1835
f 1447/5/1875 1595/5/1689 1835/5/1691 1594/5/1876
f 1447/5/1875 1592/5/1877 1832/5/1690 1595/5/1689
f 1448/4/1878 1598/4/1879 1867/4/1880 1680/4/1881
f 1448/4/1878 1609/4/1882 1828/4/1883 1598/4/1879
f 1448/4/1878 1647/4/1884 1844/4/1772 1609/4/1882
f 1448/4/1878 1680/4/1881 1869/4/1885 1647/4/1884
f 1449/4/1886 1599/4/1594 1918/4/1593 1766/4/1887
f 1449/4/1886 1642/4/1888 1833/4/1599 1599/4/1594
f 1449/4/1886 1596/4/1889 1849/4/1890 1642/4/1888
f 1449/4/1886 1766/4/1887 1916/4/1891 1596/4/1889
f 1450/4/1892 1601/4/1893 1841/4/1894 1600/4/1895
f 1450/4/1892 1602/4/1896 1838/4/1718 1601/4/1893
f 1450/4/1892 1603/4/1764 1839/4/1766 1602/4/1896
f 1450/4/1892 1600/4/1895 1840/4/1680 1603/4/1764
f 1451/6/1897 1604/6/1716 1838/6/1718 1717/6/1898
f 1451/6/1899 1716/6/1900 1836/6/1580 1604/6/1716
f 1451/6/1899 1713/6/1901 1890/6/1902 1716/6/1900
f 1451/6/1897 1717/6/1898 1888/6/1903 1713/6/1904
f 1452/4/1905 1611/4/1906 1847/4/1907 1610/4/1908
f 1452/4/1905 1600/4/1895 1841/4/1894 1611/4/1906
f 1452/4/1905 1612/4/1677 1840/4/1680 1600/4/1895
f 1452/4/1905 1610/4/1908 1846/4/1678 1612/4/1677
f 1453/4/1909 1613/4/1577 1836/4/1580 1605/4/1910
f 1453/4/1909 1614/4/1911 1842/4/1578 1613/4/1577
f 1453/4/1909 1615/4/1723 1843/4/1722 1614/4/1911
f 1453/4/1909 1605/4/1910 1837/4/1728 1615/4/1723
f 1454/4/1912 1616/4/1778 1842/4/1578 1614/4/1911
f 1454/4/1912 1607/4/1913 1845/4/1622 1616/4/1778
f 1454/4/1912 1617/4/1773 1844/4/1772 1607/4/1913
f 1454/4/1912 1614/4/1911 1843/4/1722 1617/4/1773
f 1455/4/1914 1620/4/1915 1828/4/1883 1609/4/1882
f 1455/4/1914 1583/4/1850 1794/4/1849 1620/4/1915
f 1455/4/1914 1621/4/1771 1826/4/1775 1583/4/1850
f 1455/4/1914 1609/4/1882 1844/4/1772 1621/4/1771
f 1456/5/1916 1515/5/1833 1783/5/1607 1519/5/1606
f 1456/5/1917 1528/5/1918 1782/5/1822 1515/5/1830
f 1456/5/1917 1532/5/1672 1792/5/1671 1528/5/1918
f 1456/5/1916 1519/5/1606 1793/5/1608 1532/5/1670
f 1457/4/1919 1643/4/1920 1921/4/1921 1765/4/1922
f 1457/4/1919 1641/4/1923 1851/4/1924 1643/4/1920
f 1457/4/1919 1751/4/1925 1850/4/1926 1641/4/1923
f 1457/4/1919 1765/4/1922 1929/4/1927 1751/4/1925
f 1458/4/1928 1596/4/1889 1916/4/1891 1764/4/1929
f 1458/4/1928 1640/4/1930 1849/4/1890 1596/4/1889
f 1458/4/1928 1745/4/1931 1848/4/1932 1640/4/1930
f 1458/4/1928 1764/4/1929 1920/4/1933 1745/4/1931
f 1459/4/1934 1594/4/1876 1835/4/1691 1645/4/1935
f 1459/4/1936 1644/4/1937 1834/4/1836 1594/4/1874
f 1459/4/1936 1641/4/1923 1850/4/1926 1644/4/1937
f 1459/4/1934 1645/4/1935 1851/4/1924 1641/4/1923
f 1460/4/1938 1592/4/1873 1833/4/1599 1642/4/1888
f 1460/4/1939 1646/4/1940 1832/4/1690 1592/4/1877
f 1460/4/1939 1640/4/1930 1848/4/1932 1646/4/1940
f 1460/4/1938 1642/4/1888 1849/4/1890 1640/4/1930
f 1920/4/1933 1847/4/1907 1618/4/1941 1763/4/1942
f 1928/4/1842 1759/4/1943 1696/4/1944 1886/4/1945
f 1461/4/1946 1597/4/1947 1917/4/1948 1762/4/1949
f 1461/4/1946 1645/4/1935 1835/4/1691 1597/4/1947
f 1461/4/1946 1643/4/1920 1851/4/1924 1645/4/1935
f 1461/4/1946 1762/4/1949 1921/4/1921 1643/4/1920
f 1462/4/1950 1651/4/1951 1830/4/1952 1618/4/1941
f 1462/4/1950 1658/4/1871 1855/4/1870 1651/4/1951
f 1462/4/1950 1627/4/1953 1856/4/1799 1658/4/1871
f 1462/4/1950 1618/4/1941 1847/4/1907 1627/4/1953
f 1463/5/1954 1761/5/1955 1908/5/1629 1524/5/1628
f 1463/5/1954 1659/5/1865 1922/5/1864 1761/5/1955
f 1463/5/1954 1628/5/1956 1857/5/1687 1659/5/1865
f 1463/5/1954 1524/5/1628 1789/5/1631 1628/5/1956
f 1464/4/1957 1627/4/1953 1847/4/1907 1611/4/1906
f 1464/4/1957 1660/4/1800 1856/4/1799 1627/4/1953
f 1464/4/1957 1657/4/1958 1861/4/1739 1660/4/1800
f 1464/4/1957 1611/4/1906 1841/4/1894 1657/4/1958
f 1465/4/1959 1625/4/1960 1827/4/1790 1567/4/1789
f 1465/4/1959 1661/4/1777 1854/4/1623 1625/4/1960
f 1465/4/1959 1654/4/1961 1858/4/1575 1661/4/1777
f 1465/4/1959 1567/4/1789 1817/4/1756 1654/4/1961
f 1466/4/1962 1657/4/1958 1841/4/1894 1601/4/1893
f 1466/4/1962 1662/4/1740 1861/4/1739 1657/4/1958
f 1466/4/1962 1656/4/1717 1860/4/1719 1662/4/1740
f 1466/4/1962 1601/4/1893 1838/4/1718 1656/4/1717
f 1467/4/1963 1633/4/1964 1805/4/1709 1542/4/1708
f 1467/4/1963 1663/4/1715 1859/4/1581 1633/4/1964
f 1467/4/1963 1636/4/1741 1860/4/1719 1663/4/1715
f 1467/4/1963 1542/4/1708 1804/4/1572 1636/4/1741
f 1468/5/1965 1525/5/1641 1788/5/1640 1649/5/1966
f 1468/5/1967 1628/5/1956 1789/5/1631 1525/5/1639
f 1468/5/1967 1664/5/1688 1857/5/1687 1628/5/1956
f 1468/5/1965 1649/5/1966 1853/5/1684 1664/5/1683
f 1469/4/1968 1623/4/1969 1786/4/1857 1584/4/1856
f 1469/4/1968 1665/4/1618 1852/4/1617 1623/4/1969
f 1469/4/1968 1625/4/1960 1854/4/1623 1665/4/1618
f 1469/4/1968 1584/4/1856 1827/4/1790 1625/4/1960
f 1470/5/1970 1760/5/1971 1917/5/1948 1597/5/1947
f 1470/5/1972 1666/5/1585 1923/5/1584 1760/5/1971
f 1470/5/1972 1624/5/1973 1853/5/1590 1666/5/1585
f 1470/5/1970 1597/5/1947 1835/5/1691 1624/5/1685
f 1471/4/1974 1654/4/1961 1817/4/1756 1557/4/1755
f 1471/4/1974 1667/4/1576 1858/4/1575 1654/4/1961
f 1471/4/1974 1633/4/1964 1859/4/1581 1667/4/1576
f 1471/4/1974 1557/4/1755 1805/4/1709 1633/4/1964
f 1472/5/1975 1648/5/1616 1829/5/1620 1672/5/1976
f 1472/5/1975 1676/5/1977 1852/5/1617 1648/5/1616
f 1472/5/1975 1677/5/1978 1870/5/1979 1676/5/1977
f 1472/5/1975 1672/5/1976 1866/5/1980 1677/5/1978
f 1473/4/1981 1672/4/1976 1829/4/1620 1608/4/1619
f 1473/4/1981 1678/4/1982 1866/4/1983 1672/4/1976
f 1473/4/1981 1674/4/1984 1868/4/1985 1678/4/1982
f 1473/4/1981 1608/4/1619 1845/4/1622 1674/4/1984
f 1474/4/1986 1674/4/1984 1845/4/1622 1607/4/1913
f 1474/4/1986 1679/4/1987 1868/4/1985 1674/4/1984
f 1474/4/1986 1647/4/1884 1869/4/1885 1679/4/1987
f 1474/4/1986 1607/4/1913 1844/4/1772 1647/4/1884
f 1475/4/1988 1673/4/1989 1886/4/1945 1696/4/1944
f 1475/4/1988 1680/4/1881 1867/4/1880 1673/4/1989
f 1475/4/1988 1675/4/1990 1869/4/1885 1680/4/1881
f 1475/4/1988 1696/4/1944 1887/4/1991 1675/4/1990
f 1476/5/1992 1620/5/1915 1794/5/1849 1671/5/1993
f 1476/5/1992 1598/5/1879 1828/5/1883 1620/5/1915
f 1476/5/1992 1681/5/1994 1867/5/1880 1598/5/1879
f 1476/5/1992 1671/5/1993 1865/5/1995 1681/5/1994
f 1477/5/1996 1534/5/1848 1790/5/1660 1670/5/1659
f 1477/5/1996 1671/5/1993 1794/5/1849 1534/5/1848
f 1477/5/1996 1682/5/1997 1865/5/1995 1671/5/1993
f 1477/5/1996 1670/5/1659 1864/5/1662 1682/5/1997
f 1478/5/1998 1514/5/1853 1786/5/1857 1669/5/1999
f 1478/5/1998 1668/5/2000 1780/5/1854 1514/5/1853
f 1478/5/1998 1683/5/2001 1862/5/2002 1668/5/2000
f 1478/5/1998 1669/5/1999 1863/5/2003 1683/5/2001
f 1479/5/2004 1623/5/1969 1852/5/1617 1676/5/1977
f 1479/5/2004 1669/5/1999 1786/5/1857 1623/5/1969
f 1479/5/2004 1684/5/2005 1863/5/2003 1669/5/1999
f 1479/5/2004 1676/5/1977 1870/5/1979 1684/5/2005
f 1929/4/1927 1887/4/1991 1696/4/1944 1759/4/1943
f 1871/4/1860 1904/4/1605 1758/4/2006 1700/4/1861
f 1480/5/2007 1677/5/1978 1866/5/1980 1693/5/2008
f 1480/5/2007 1695/5/2009 1870/5/1979 1677/5/1978
f 1480/5/2007 1697/5/2010 1885/5/2011 1695/5/2009
f 1480/5/2007 1693/5/2008 1883/5/2012 1697/5/2010
f 1481/4/2013 1693/4/2014 1866/4/1983 1678/4/1982
f 1481/4/2013 1698/4/2015 1883/4/2016 1693/4/2014
f 1481/4/2013 1694/4/2017 1884/4/2018 1698/4/2015
f 1481/4/2013 1678/4/1982 1868/4/1985 1694/4/2017
f 1482/4/2019 1694/4/2017 1868/4/1985 1679/4/1987
f 1482/4/2019 1699/4/2020 1884/4/2018 1694/4/2017
f 1482/4/2019 1675/4/1990 1887/4/1991 1699/4/2020
f 1482/4/2019 1679/4/1987 1869/4/1885 1675/4/1990
f 1882/4/1781 1700/4/1861 1758/4/2006 1915/4/2021
f 1882/4/1781 1915/4/2021 1757/4/2022 1704/4/1782
f 1483/5/2023 1681/5/1994 1865/5/1995 1689/5/2024
f 1483/5/2023 1673/5/1989 1867/5/1880 1681/5/1994
f 1483/5/2023 1701/5/2025 1886/5/1945 1673/5/1989
f 1483/5/2023 1689/5/2024 1876/5/2026 1701/5/2025
f 1484/4/2027 1526/4/1656 1790/4/1660 1554/4/1851
f 1484/4/2027 1702/4/2028 1874/4/1657 1526/4/1656
f 1484/4/2027 1585/4/2029 1881/4/2030 1702/4/2028
f 1484/4/2027 1554/4/1851 1822/4/1794 1585/4/2029
f 1485/4/2031 1585/4/2029 1822/4/1794 1579/4/1793
f 1485/4/2031 1703/4/2032 1881/4/2030 1585/4/2029
f 1485/4/2031 1574/4/2033 1880/4/2034 1703/4/2032
f 1485/4/2031 1579/4/1793 1814/4/1750 1574/4/2033
f 1879/4/1759 1704/4/1782 1757/4/2022 1914/4/2035
f 1879/4/1759 1914/4/2035 1756/4/2036 1705/4/1760
f 1878/4/1762 1705/4/1760 1756/4/2036 1913/4/1713
f 1924/5/1819 1755/5/2037 1708/5/1658 1874/5/1657
f 1486/4/2038 1544/4/2039 1799/4/1733 1541/4/1732
f 1486/4/2038 1706/4/2040 1877/4/2041 1544/4/2039
f 1486/4/2038 1690/4/1761 1878/4/1762 1706/4/2040
f 1486/4/2038 1541/4/1732 1800/4/1735 1690/4/1761
f 1487/5/2042 1682/5/1997 1864/5/1662 1688/5/1661
f 1487/5/2042 1689/5/2024 1865/5/1995 1682/5/1997
f 1487/5/2042 1707/5/2043 1876/5/2026 1689/5/2024
f 1487/5/2042 1688/5/1661 1875/5/1663 1707/5/2043
f 1875/5/1663 1708/5/1658 1755/5/2037 1910/5/1700
f 1872/5/2044 1906/5/1612 1753/5/2045 1733/5/2046
f 1488/5/2047 1683/5/2001 1863/5/2003 1687/5/2048
f 1488/5/2047 1686/5/2049 1862/5/2002 1683/5/2001
f 1488/5/2047 1709/5/2050 1872/5/2044 1686/5/2049
f 1488/5/2047 1687/5/2048 1873/5/2051 1709/5/2050
f 1489/5/2052 1684/5/2005 1870/5/1979 1695/5/2009
f 1489/5/2052 1687/5/2048 1863/5/2003 1684/5/2005
f 1489/5/2052 1710/5/2053 1873/5/2051 1687/5/2048
f 1489/5/2052 1695/5/2009 1885/5/2011 1710/5/2053
f 1490/4/2054 1574/4/2033 1814/4/1750 1564/4/1749
f 1490/4/2054 1711/4/2055 1880/4/2034 1574/4/2033
f 1490/4/2054 1544/4/2039 1877/4/2041 1711/4/2055
f 1490/4/2054 1564/4/1749 1799/4/1733 1544/4/2039
f 1491/6/2056 1713/6/1904 1888/6/1903 1712/6/2057
f 1491/6/2058 1714/6/2059 1890/6/1902 1713/6/1901
f 1491/6/2060 1715/6/2061 1891/6/2062 1714/6/2059
f 1491/6/2056 1712/6/2057 1889/6/2063 1715/6/2064
f 1492/6/2065 1602/6/1896 1839/6/1766 1718/6/2066
f 1492/6/2065 1717/6/1898 1838/6/1718 1602/6/1896
f 1492/6/2065 1712/6/2057 1888/6/1903 1717/6/1898
f 1492/6/2065 1718/6/2066 1889/6/2063 1712/6/2057
f 1493/6/2067 1605/6/1910 1836/6/1580 1716/6/1900
f 1493/6/2067 1719/6/2068 1837/6/1728 1605/6/1910
f 1493/6/2067 1714/6/2059 1891/6/2062 1719/6/2068
f 1493/6/2067 1716/6/1900 1890/6/1902 1714/6/2059
f 1494/6/2069 1606/6/1768 1837/6/1728 1719/6/2068
f 1494/6/2070 1718/6/2066 1839/6/1766 1606/6/1769
f 1494/6/2070 1715/6/2064 1889/6/2063 1718/6/2066
f 1494/6/2069 1719/6/2068 1891/6/2062 1715/6/2061
f 1495/5/2071 1668/5/2000 1862/5/2002 1732/5/2072
f 1495/5/2073 1731/5/2074 1780/5/1854 1668/5/2000
f 1495/5/2073 1729/5/2075 1892/5/2076 1731/5/2074
f 1495/5/2071 1732/5/2072 1902/5/2077 1729/5/2077
f 1496/5/2078 1686/5/2049 1872/5/2044 1733/5/2046
f 1496/5/2078 1732/5/2072 1862/5/2002 1686/5/2049
f 1496/5/2078 1730/5/2077 1902/5/2077 1732/5/2072
f 1496/5/2078 1733/5/2046 1903/5/2077 1730/5/2077
f 1497/5/2079 1743/5/1627 1905/5/1626 1754/5/2080
f 1497/5/2079 1734/5/2081 1784/5/1632 1743/5/1627
f 1497/5/2079 1752/5/2082 1894/5/2083 1734/5/2081
f 1497/5/2079 1754/5/2080 1930/5/2084 1752/5/2082
f 1498/4/2085 1559/4/1568 1807/4/1571 1737/4/2086
f 1498/4/2085 1736/4/2087 1809/4/1569 1559/4/1568
f 1498/4/2085 1725/4/2088 1898/4/2089 1736/4/2087
f 1498/4/2085 1737/4/2086 1897/4/2090 1725/4/2088
f 1499/4/2091 1576/4/1811 1809/4/1569 1736/4/2087
f 1499/4/2091 1738/4/2092 1819/4/1812 1576/4/1811
f 1499/4/2091 1727/4/2093 1900/4/2094 1738/4/2092
f 1499/4/2091 1736/4/2087 1898/4/2089 1727/4/2093
f 1500/4/2095 1536/4/1754 1810/4/1753 1740/4/2096
f 1500/4/2095 1739/4/2097 1806/4/1706 1536/4/1754
f 1500/4/2095 1723/4/2098 1896/4/2099 1739/4/2097
f 1500/4/2095 1740/4/2096 1899/4/2100 1723/4/2098
f 1501/4/2101 1560/4/1788 1824/4/1787 1741/4/2102
f 1501/4/2101 1740/4/2096 1810/4/1753 1560/4/1788
f 1501/4/2101 1726/4/2103 1899/4/2100 1740/4/2096
f 1501/4/2101 1741/4/2102 1901/4/2104 1726/4/2103
f 1502/4/2105 1533/4/1827 1819/4/1812 1738/4/2092
f 1502/4/2105 1735/4/2106 1781/4/1828 1533/4/1827
f 1502/4/2105 1722/4/2107 1893/4/2108 1735/4/2106
f 1502/4/2105 1738/4/2092 1900/4/2094 1722/4/2107
f 1503/4/2109 1550/4/1707 1806/4/1706 1739/4/2097
f 1503/4/2109 1737/4/2086 1807/4/1571 1550/4/1707
f 1503/4/2109 1724/4/2110 1897/4/2090 1737/4/2086
f 1503/4/2109 1739/4/2097 1896/4/2099 1724/4/2110
f 1504/5/2111 1517/5/1634 1784/5/1638 1734/5/2112
f 1504/5/2111 1742/5/2113 1785/5/1635 1517/5/1634
f 1504/5/2111 1720/5/2114 1895/5/2115 1742/5/2113
f 1504/5/2111 1734/5/2112 1894/5/2116 1720/5/2114
f 1505/4/2117 1581/4/1855 1780/4/1854 1731/4/2074
f 1505/4/2117 1741/4/2102 1824/4/1787 1581/4/1855
f 1505/4/2117 1728/4/2118 1901/4/2104 1741/4/2102
f 1505/4/2117 1731/4/2074 1892/4/2076 1728/4/2118
f 1903/5/2077 1733/5/2046 1753/5/2045 1931/5/2077
f 1905/5/1626 1781/5/2119 1735/5/2120 1754/5/2080
f 1506/5/2121 1520/5/1611 1785/5/1614 1742/5/2122
f 1506/5/2121 1753/5/2045 1906/5/1612 1520/5/1611
f 1506/5/2121 1721/5/2123 1931/5/2077 1753/5/2045
f 1506/5/2121 1742/5/2122 1895/5/2124 1721/5/2123
f 1930/5/2084 1754/5/2080 1735/5/2120 1893/5/2125
f 1885/5/2011 1697/5/2010 1760/5/1971 1923/5/1584
f 1507/5/2126 1746/5/1818 1782/5/1822 1528/5/1918
f 1507/5/2126 1755/5/2037 1924/5/1819 1746/5/1818
f 1507/5/2126 1531/5/1701 1910/5/1700 1755/5/2037
f 1507/5/2126 1528/5/1918 1792/5/1671 1531/5/1701
f 1508/4/2127 1568/4/2128 1811/4/2129 1551/4/1650
f 1508/4/2127 1756/4/2036 1914/4/2035 1568/4/2128
f 1508/4/2127 1547/4/1712 1913/4/1713 1756/4/2036
f 1508/4/2127 1551/4/1650 1803/4/1649 1547/4/1712
f 1509/4/2130 1591/4/2131 1825/4/1808 1561/4/1807
f 1509/4/2130 1757/4/2022 1915/4/2021 1591/4/2131
f 1509/4/2130 1568/4/2128 1914/4/2035 1757/4/2022
f 1509/4/2130 1561/4/1807 1811/4/2129 1568/4/2128
f 1510/4/2132 1516/4/1604 1783/4/1607 1582/4/1832
f 1510/4/2132 1758/4/2006 1904/4/1605 1516/4/1604
f 1510/4/2132 1591/4/2131 1915/4/2021 1758/4/2006
f 1510/4/2132 1582/4/1832 1825/4/1808 1591/4/2131
f 1511/4/2133 1750/4/1841 1834/4/1836 1644/4/1937
f 1511/4/2133 1759/4/1943 1928/4/1842 1750/4/1841
f 1511/4/2133 1751/4/1925 1929/4/1927 1759/4/1943
f 1511/4/2133 1644/4/1937 1850/4/1926 1751/4/1925
f 1855/5/1870 1626/5/1869 1761/5/1955 1922/5/1864
f 1697/5/2010 1883/5/2012 1917/5/1948 1760/5/1971
f 1883/4/2016 1698/4/2015 1762/4/1949 1917/4/1948
f 1626/5/1869 1787/5/2134 1908/5/1629 1761/5/1955
f 1884/4/2018 1921/4/1921 1762/4/1949 1698/4/2015
f 1846/4/1678 1610/4/1908 1764/4/1929 1916/4/1891
f 1512/4/2135 1744/4/1866 1832/4/1690 1646/4/1940
f 1512/4/2135 1763/4/1942 1919/4/1867 1744/4/1866
f 1512/4/2135 1745/4/1931 1920/4/1933 1763/4/1942
f 1512/4/2135 1646/4/1940 1848/4/1932 1745/4/1931
f 1920/4/1933 1764/4/1929 1610/4/1908 1847/4/1907
f 1884/4/2018 1699/4/2020 1765/4/1922 1921/4/1921
f 1929/4/1927 1765/4/1922 1699/4/2020 1887/4/1991
f 1831/4/1697 1619/4/1696 1766/4/1887 1918/4/1593
f 1846/4/1678 1916/4/1891 1766/4/1887 1619/4/1696
f 1919/5/1867 1830/5/1952 1651/5/1951 1767/5/1863
f 1928/5/1842 1886/5/1945 1701/5/2025 1768/5/1840
f 1651/5/1951 1855/5/1870 1922/5/1864 1767/5/1863
f 1924/4/1819 1874/4/1657 1702/4/2028 1769/4/1820
f 1701/5/2025 1876/5/2026 1912/5/1703 1768/5/1840
f 1927/4/1815 1769/4/1820 1702/4/2028 1881/4/2030
f 1927/4/1815 1881/4/2030 1703/4/2032 1770/4/1816
f 1926/4/1557 1770/4/1816 1703/4/2032 1880/4/2034
f 1925/4/1563 1877/4/2041 1706/4/2040 1771/4/1711
f 1878/4/1762 1913/4/1713 1771/4/1711 1706/4/2040
f 1876/5/2026 1707/5/2043 1772/5/1699 1912/5/1703
f 1791/5/2136 1527/5/1844 1773/5/1653 1909/5/1602
f 1707/5/2043 1875/5/1663 1910/5/1700 1772/5/1699
f 1787/5/2134 1521/5/2137 1774/5/1625 1908/5/1629
f 1527/5/1844 1796/5/1694 1911/5/1596 1773/5/1653
f 1872/5/2044 1709/5/2050 1775/5/1610 1906/5/1612
f 1521/5/2137 1781/5/2119 1905/5/1626 1774/5/1625
f 1871/5/1860 1685/5/2138 1776/5/1601 1904/5/1605
f 1709/5/2050 1873/5/2051 1907/5/1587 1775/5/1610
f 1796/5/1694 1629/5/1693 1777/5/1592 1911/5/1596
f 1685/5/2138 1791/5/2136 1909/5/1602 1776/5/1601
f 1873/5/2051 1710/5/2053 1778/5/1583 1907/5/1587
f 1629/5/1693 1831/5/1697 1918/5/1593 1777/5/1592
f 1926/4/1557 1880/4/2034 1711/4/2055 1779/4/1558
f 1710/5/2053 1885/5/2011 1923/5/1584 1778/5/1583
f 1925/4/1563 1779/4/1558 1711/4/2055 1877/4/2041
f 1919/4/1867 1763/4/1942 1618/4/1941 1830/4/1952
f 1932/4/2139 2159/4/2140 2229/4/2141 2139/4/2142
f 1932/4/2139 2012/4/2143 2167/4/2144 2159/4/2140
f 1932/4/2139 2161/4/2145 2174/4/2146 2012/4/2143
f 1932/4/2139 2139/4/2142 2233/4/2147 2161/4/2145
f 1933/4/2148 2033/4/2149 2201/4/2150 2034/4/2151
f 1933/4/2148 2040/4/2152 2204/4/2153 2033/4/2149
f 1933/4/2148 2038/4/2154 2203/4/2155 2040/4/2152
f 1933/4/2148 2034/4/2151 2202/4/2156 2038/4/2154
f 1934/4/2157 2155/4/2158 2176/4/2159 2013/4/2160
f 1934/4/2157 2144/4/2161 2237/4/2162 2155/4/2158
f 1934/4/2157 2154/4/2163 2227/4/2164 2144/4/2161
f 1934/4/2157 2013/4/2160 2166/4/2165 2154/4/2163
f 1935/4/2166 2131/4/2167 2226/4/2168 2150/4/2169
f 1935/4/2166 2153/4/2170 2228/4/2171 2131/4/2167
f 1936/4/2172 2146/4/2173 2228/4/2171 2153/4/2170
f 1936/4/2172 2156/4/2174 2238/4/2175 2146/4/2173
f 1937/4/2176 2108/4/2177 2215/4/2178 2103/4/2179
f 1937/4/2176 2032/4/2180 2216/4/2181 2108/4/2177
f 1937/4/2176 2034/4/2182 2201/4/2150 2032/4/2180
f 1937/4/2176 2103/4/2179 2202/4/2156 2034/4/2182
f 1938/4/2183 2052/4/2184 2182/4/2185 2071/4/2186
f 1938/4/2183 2065/4/2187 2181/4/2188 2052/4/2184
f 1938/4/2183 2015/4/2189 2169/4/2190 2065/4/2187
f 1938/4/2183 2071/4/2186 2170/4/2191 2015/4/2189
f 1939/4/2192 2051/4/2193 2184/4/2194 2072/4/2195
f 1939/4/2192 2066/4/2196 2183/4/2197 2051/4/2193
f 1939/4/2192 2018/4/2198 2171/4/2199 2066/4/2196
f 1939/4/2192 2072/4/2195 2172/4/2200 2018/4/2198
f 1940/4/2201 2050/4/2202 2188/4/2203 2070/4/2204
f 1940/4/2201 2071/4/2186 2182/4/2185 2050/4/2202
f 1940/4/2201 2016/4/2205 2170/4/2191 2071/4/2186
f 1940/4/2201 2070/4/2204 2178/4/2206 2016/4/2205
f 1941/4/2207 2049/4/2208 2186/4/2209 2068/4/2210
f 1941/4/2207 2072/4/2195 2184/4/2194 2049/4/2208
f 1941/4/2207 2017/4/2211 2172/4/2200 2072/4/2195
f 1941/4/2207 2068/4/2210 2180/4/2212 2017/4/2211
f 1942/4/2213 2048/4/2214 2181/4/2188 2065/4/2187
f 1942/4/2213 2067/4/2215 2185/4/2216 2048/4/2214
f 1942/4/2213 2029/4/2217 2179/4/2218 2067/4/2215
f 1942/4/2213 2065/4/2187 2169/4/2190 2029/4/2217
f 1943/4/2219 2047/4/2220 2185/4/2216 2067/4/2215
f 1943/4/2219 2068/4/2210 2186/4/2209 2047/4/2220
f 1943/4/2219 2030/4/2221 2180/4/2212 2068/4/2210
f 1943/4/2219 2067/4/2215 2179/4/2218 2030/4/2221
f 1944/4/2222 2046/4/2223 2183/4/2197 2066/4/2196
f 1944/4/2222 2069/4/2224 2187/4/2225 2046/4/2223
f 1944/4/2222 2027/4/2226 2177/4/2227 2069/4/2224
f 1944/4/2222 2066/4/2196 2171/4/2199 2027/4/2226
f 1945/4/2228 2124/4/2229 2222/4/2230 2118/4/2231
f 1945/4/2228 2089/4/2232 2221/4/2233 2124/4/2229
f 1945/4/2228 2086/4/2234 2206/4/2235 2089/4/2232
f 1945/4/2228 2118/4/2231 2207/4/2236 2086/4/2234
f 1946/4/2237 2116/4/2238 2219/4/2239 2111/4/2240
f 1946/4/2237 2076/4/2241 2220/4/2242 2116/4/2238
f 1946/4/2237 2077/4/2243 2200/4/2244 2076/4/2241
f 1946/4/2237 2111/4/2240 2197/4/2245 2077/4/2243
f 1947/4/2246 2143/4/2247 2234/4/2248 2162/4/2249
f 1947/4/2246 2149/4/2250 2235/4/2251 2143/4/2247
f 1948/4/2252 2141/4/2253 2230/4/2254 2158/4/2255
f 1948/4/2252 2162/4/2249 2234/4/2248 2141/4/2253
f 1949/4/2256 2148/4/2257 2238/4/2175 2156/4/2174
f 1949/4/2256 2163/4/2258 2239/4/2259 2148/4/2257
f 1950/4/2260 2024/4/2261 2173/4/2262 2043/4/2263
f 1950/4/2260 2044/4/2264 2174/4/2146 2024/4/2261
f 1950/4/2260 2045/4/2265 2188/4/2203 2044/4/2264
f 1950/4/2260 2043/4/2263 2187/4/2225 2045/4/2265
f 1951/4/2266 2023/4/2267 2165/4/2268 2039/4/2269
f 1951/4/2266 2043/4/2263 2173/4/2262 2023/4/2267
f 1951/4/2266 2046/4/2223 2187/4/2225 2043/4/2263
f 1951/4/2266 2039/4/2269 2183/4/2197 2046/4/2223
f 1952/4/2270 2026/4/2271 2175/4/2272 2041/4/2273
f 1952/4/2270 2042/4/2274 2176/4/2159 2026/4/2271
f 1952/4/2270 2047/4/2220 2186/4/2209 2042/4/2274
f 1952/4/2270 2041/4/2273 2185/4/2216 2047/4/2220
f 1953/4/2275 2025/4/2276 2168/4/2277 2037/4/2278
f 1953/4/2275 2041/4/2273 2175/4/2272 2025/4/2276
f 1953/4/2275 2048/4/2214 2185/4/2216 2041/4/2273
f 1953/4/2275 2037/4/2278 2181/4/2188 2048/4/2214
f 1954/4/2279 2013/4/2160 2176/4/2159 2042/4/2274
f 1954/4/2279 2022/4/2280 2166/4/2165 2013/4/2160
f 1954/4/2279 2049/4/2208 2184/4/2194 2022/4/2280
f 1954/4/2279 2042/4/2274 2186/4/2209 2049/4/2208
f 1955/4/2281 2012/4/2143 2174/4/2146 2044/4/2264
f 1955/4/2281 2020/4/2282 2167/4/2144 2012/4/2143
f 1955/4/2281 2050/4/2202 2182/4/2185 2020/4/2282
f 1955/4/2281 2044/4/2264 2188/4/2203 2050/4/2202
f 1956/4/2283 2011/4/2284 2167/4/2144 2020/4/2282
f 1956/4/2283 2037/4/2278 2168/4/2277 2011/4/2284
f 1956/4/2283 2052/4/2184 2181/4/2188 2037/4/2278
f 1956/4/2283 2020/4/2282 2182/4/2185 2052/4/2184
f 1957/4/2285 2100/4/2286 2210/4/2287 2094/4/2288
f 1957/4/2285 2061/4/2289 2209/4/2290 2100/4/2286
f 1957/4/2285 2060/4/2291 2195/4/2292 2061/4/2289
f 1957/4/2285 2094/4/2288 2196/4/2293 2060/4/2291
f 1958/4/2294 2039/4/2269 2165/4/2268 2082/4/2295
f 1958/4/2294 2081/4/2296 2183/4/2197 2039/4/2269
f 1958/4/2294 2055/4/2297 2192/4/2298 2081/4/2296
f 1958/4/2294 2082/4/2295 2190/4/2299 2055/4/2297
f 1959/4/2300 2014/4/2301 2166/4/2165 2083/4/2302
f 1959/4/2300 2082/4/2295 2165/4/2268 2014/4/2301
f 1959/4/2300 2053/4/2303 2190/4/2299 2082/4/2295
f 1959/4/2300 2083/4/2302 2189/4/2304 2053/4/2303
f 1960/4/2305 2051/4/2193 2183/4/2197 2081/4/2306
f 1960/4/2305 2084/4/2307 2184/4/2308 2051/4/2193
f 1960/4/2305 2056/4/2309 2191/4/2310 2084/4/2307
f 1960/4/2305 2081/4/2306 2192/4/2311 2056/4/2309
f 1961/4/2312 2057/4/2313 2193/4/2314 2058/4/2315
f 1961/4/2312 2059/4/2316 2194/4/2317 2057/4/2313
f 1961/4/2312 2060/4/2291 2196/4/2293 2059/4/2316
f 1961/4/2312 2058/4/2315 2195/4/2292 2060/4/2291
f 1962/4/2318 2099/4/2319 2209/4/2320 2061/4/2289
f 1962/4/2318 2063/4/2321 2211/4/2322 2099/4/2319
f 1962/4/2318 2058/4/2315 2193/4/2314 2063/4/2321
f 1962/4/2318 2061/4/2289 2195/4/2292 2058/4/2315
f 1963/4/2323 2098/4/2324 2212/4/2325 2096/4/2326
f 1963/4/2323 2094/4/2288 2210/4/2327 2098/4/2324
f 1963/4/2323 2059/4/2316 2196/4/2293 2094/4/2288
f 1963/4/2323 2096/4/2326 2194/4/2317 2059/4/2316
f 1964/4/2328 2097/4/2329 2211/4/2330 2063/4/2321
f 1964/4/2328 2096/4/2326 2212/4/2325 2097/4/2329
f 1964/4/2328 2057/4/2313 2194/4/2317 2096/4/2326
f 1964/4/2328 2063/4/2321 2193/4/2314 2057/4/2313
f 1965/4/2331 2085/4/2332 2206/4/2235 2086/4/2234
f 1965/4/2331 2087/4/2333 2205/4/2334 2085/4/2332
f 1965/4/2331 2088/4/2335 2208/4/2336 2087/4/2333
f 1965/4/2331 2086/4/2234 2207/4/2236 2088/4/2335
f 1966/4/2337 2115/4/2338 2217/4/2339 2073/4/2340
f 1966/4/2337 2110/4/2341 2218/4/2342 2115/4/2338
f 1966/4/2337 2078/4/2343 2198/4/2344 2110/4/2341
f 1966/4/2337 2073/4/2340 2199/4/2345 2078/4/2343
f 1967/4/2346 2114/4/2347 2220/4/2348 2076/4/2241
f 1967/4/2346 2073/4/2340 2217/4/2349 2114/4/2347
f 1967/4/2346 2080/4/2350 2199/4/2345 2073/4/2340
f 1967/4/2346 2076/4/2241 2200/4/2244 2080/4/2350
f 1968/4/2351 2113/4/2352 2218/4/2353 2110/4/2341
f 1968/4/2351 2111/4/2240 2219/4/2354 2113/4/2352
f 1968/4/2351 2079/4/2355 2197/4/2245 2111/4/2240
f 1968/4/2351 2110/4/2341 2198/4/2344 2079/4/2355
f 1969/4/2356 2078/4/2343 2199/4/2345 2080/4/2350
f 1969/4/2356 2079/4/2355 2198/4/2344 2078/4/2343
f 1969/4/2356 2077/4/2243 2197/4/2245 2079/4/2355
f 1969/4/2356 2080/4/2350 2200/4/2244 2077/4/2243
f 1970/4/2357 2107/4/2358 2213/4/2359 2019/4/2360
f 1970/4/2357 2102/4/2361 2214/4/2362 2107/4/2358
f 1970/4/2357 2040/4/2152 2203/4/2155 2102/4/2361
f 1970/4/2357 2019/4/2360 2204/4/2153 2040/4/2152
f 1971/4/2363 2106/4/2364 2216/4/2365 2032/4/2180
f 1971/4/2363 2019/4/2360 2213/4/2366 2106/4/2364
f 1971/4/2363 2033/4/2149 2204/4/2153 2019/4/2360
f 1971/4/2363 2032/4/2180 2201/4/2150 2033/4/2149
f 1972/4/2367 2105/4/2368 2214/4/2362 2102/4/2361
f 1972/4/2367 2103/4/2179 2215/4/2178 2105/4/2368
f 1972/4/2367 2038/4/2154 2202/4/2156 2103/4/2179
f 1972/4/2367 2102/4/2361 2203/4/2155 2038/4/2154
f 1973/4/2369 2045/4/2265 2187/4/2225 2069/4/2224
f 1973/4/2369 2070/4/2204 2188/4/2203 2045/4/2265
f 1973/4/2369 2028/4/2370 2178/4/2206 2070/4/2204
f 1973/4/2369 2069/4/2224 2177/4/2227 2028/4/2370
f 1974/4/2371 2123/4/2372 2223/4/2373 2119/4/2374
f 1974/4/2371 2118/4/2231 2222/4/2230 2123/4/2372
f 1974/4/2371 2088/4/2335 2207/4/2236 2118/4/2231
f 1974/4/2371 2119/4/2374 2208/4/2336 2088/4/2335
f 1975/4/2375 2122/4/2376 2221/4/2377 2089/4/2232
f 1975/4/2375 2092/4/2378 2224/4/2379 2122/4/2376
f 1975/4/2375 2085/4/2332 2205/4/2334 2092/4/2378
f 1975/4/2375 2089/4/2232 2206/4/2235 2085/4/2332
f 1976/4/2380 2121/4/2381 2224/4/2379 2092/4/2378
f 1976/4/2380 2119/4/2374 2223/4/2382 2121/4/2381
f 1976/4/2380 2087/4/2333 2208/4/2336 2119/4/2374
f 1976/4/2380 2092/4/2378 2205/4/2334 2087/4/2333
f 1977/4/2383 2053/4/2303 2189/4/2304 2095/4/2384
f 1977/4/2383 2064/4/2385 2190/4/2299 2053/4/2303
f 1977/4/2383 2097/4/2329 2212/4/2325 2064/4/2385
f 1977/4/2383 2095/4/2384 2211/4/2330 2097/4/2329
f 1978/4/2386 2055/4/2297 2190/4/2299 2064/4/2385
f 1978/4/2386 2062/4/2387 2192/4/2298 2055/4/2297
f 1978/4/2386 2098/4/2324 2210/4/2327 2062/4/2387
f 1978/4/2386 2064/4/2385 2212/4/2325 2098/4/2324
f 1979/4/2388 2054/4/2389 2191/4/2390 2093/4/2391
f 1979/4/2388 2095/4/2392 2189/4/2393 2054/4/2389
f 1979/4/2388 2099/4/2319 2211/4/2322 2095/4/2392
f 1979/4/2388 2093/4/2391 2209/4/2320 2099/4/2319
f 1980/4/2394 2056/4/2309 2192/4/2311 2062/4/2395
f 1980/4/2394 2093/4/2396 2191/4/2310 2056/4/2309
f 1980/4/2394 2100/4/2286 2209/4/2290 2093/4/2396
f 1980/4/2394 2062/4/2395 2210/4/2287 2100/4/2286
f 1981/4/2397 2018/4/2198 2172/4/2200 2021/4/2398
f 1981/4/2397 2031/4/2399 2171/4/2199 2018/4/2198
f 1981/4/2397 2105/4/2368 2215/4/2178 2031/4/2399
f 1981/4/2397 2021/4/2398 2214/4/2362 2105/4/2368
f 1982/4/2400 2036/4/2401 2177/4/2402 2104/4/2403
f 1982/4/2400 2101/4/2404 2180/4/2405 2036/4/2401
f 1982/4/2400 2106/4/2364 2213/4/2366 2101/4/2404
f 1982/4/2400 2104/4/2403 2216/4/2365 2106/4/2364
f 1983/4/2406 2017/4/2211 2180/4/2212 2101/4/2407
f 1983/4/2406 2021/4/2398 2172/4/2200 2017/4/2211
f 1983/4/2406 2107/4/2358 2214/4/2362 2021/4/2398
f 1983/4/2406 2101/4/2407 2213/4/2359 2107/4/2358
f 1984/4/2408 2027/4/2226 2171/4/2199 2031/4/2399
f 1984/4/2408 2104/4/2409 2177/4/2227 2027/4/2226
f 1984/4/2408 2108/4/2177 2216/4/2181 2104/4/2409
f 1984/4/2408 2031/4/2399 2215/4/2178 2108/4/2177
f 1985/4/2410 2030/4/2221 2179/4/2218 2074/4/2411
f 1985/4/2410 2075/4/2412 2180/4/2212 2030/4/2221
f 1985/4/2410 2113/4/2352 2219/4/2354 2075/4/2412
f 1985/4/2410 2074/4/2411 2218/4/2353 2113/4/2352
f 1986/4/2413 2028/4/2370 2177/4/2227 2112/4/2414
f 1986/4/2413 2109/4/2415 2178/4/2206 2028/4/2370
f 1986/4/2413 2114/4/2347 2217/4/2349 2109/4/2415
f 1986/4/2413 2112/4/2414 2220/4/2348 2114/4/2347
f 1987/4/2416 2035/4/2417 2178/4/2418 2109/4/2419
f 1987/4/2416 2074/4/2420 2179/4/2421 2035/4/2417
f 1987/4/2416 2115/4/2338 2218/4/2342 2074/4/2420
f 1987/4/2416 2109/4/2419 2217/4/2339 2115/4/2338
f 1988/4/2422 2036/4/2423 2180/4/2424 2075/4/2425
f 1988/4/2422 2112/4/2426 2177/4/2427 2036/4/2423
f 1988/4/2422 2116/4/2238 2220/4/2242 2112/4/2426
f 1988/4/2422 2075/4/2425 2219/4/2239 2116/4/2238
f 1989/4/2428 2029/4/2217 2169/4/2190 2120/4/2429
f 1989/4/2428 2091/4/2430 2179/4/2218 2029/4/2217
f 1989/4/2428 2121/4/2381 2223/4/2382 2091/4/2430
f 1989/4/2428 2120/4/2429 2224/4/2379 2121/4/2381
f 1990/4/2431 2015/4/2189 2170/4/2191 2117/4/2432
f 1990/4/2431 2120/4/2429 2169/4/2190 2015/4/2189
f 1990/4/2431 2122/4/2376 2224/4/2379 2120/4/2429
f 1990/4/2431 2117/4/2432 2221/4/2377 2122/4/2376
f 1991/4/2433 2035/4/2434 2179/4/2435 2091/4/2436
f 1991/4/2433 2090/4/2437 2178/4/2438 2035/4/2434
f 1991/4/2433 2123/4/2372 2222/4/2230 2090/4/2437
f 1991/4/2433 2091/4/2436 2223/4/2373 2123/4/2372
f 1992/4/2439 2016/4/2205 2178/4/2206 2090/4/2440
f 1992/4/2439 2117/4/2432 2170/4/2191 2016/4/2205
f 1992/4/2439 2124/4/2229 2221/4/2233 2117/4/2432
f 1992/4/2439 2090/4/2440 2222/4/2230 2124/4/2229
f 1993/4/2441 2022/4/2280 2184/4/2194 2084/4/2442
f 1993/4/2441 2083/4/2302 2166/4/2165 2022/4/2280
f 1993/4/2441 2054/4/2389 2189/4/2393 2083/4/2302
f 1993/4/2441 2084/4/2442 2191/4/2390 2054/4/2389
f 1994/4/2443 2160/4/2444 2168/4/2277 2025/4/2276
f 1994/4/2443 2133/4/2445 2231/4/2446 2160/4/2444
f 1994/4/2443 2164/4/2447 2240/4/2448 2133/4/2445
f 1994/4/2443 2025/4/2276 2175/4/2272 2164/4/2447
f 1995/4/2449 2138/4/2450 2232/4/2451 2157/4/2452
f 1995/4/2449 2158/4/2255 2230/4/2254 2138/4/2450
f 1996/4/2453 2151/4/2454 2236/4/2455 2126/4/2456
f 1996/4/2453 2023/4/2267 2173/4/2262 2151/4/2454
f 1996/4/2453 2152/4/2457 2165/4/2268 2023/4/2267
f 1996/4/2453 2126/4/2456 2225/4/2458 2152/4/2457
f 1997/4/2459 2135/4/2460 2239/4/2259 2163/4/2258
f 1997/4/2459 2157/4/2452 2232/4/2451 2135/4/2460
f 1998/4/2461 2136/4/2462 2229/4/2141 2159/4/2140
f 1998/4/2461 2160/4/2444 2231/4/2446 2136/4/2462
f 1998/4/2461 2011/4/2284 2168/4/2277 2160/4/2444
f 1998/4/2461 2159/4/2140 2167/4/2144 2011/4/2284
f 1999/4/2463 2164/4/2447 2175/4/2272 2026/4/2271
f 1999/4/2463 2147/4/2464 2240/4/2448 2164/4/2447
f 1999/4/2463 2155/4/2158 2237/4/2162 2147/4/2464
f 1999/4/2463 2026/4/2271 2176/4/2159 2155/4/2158
f 2000/4/2465 2014/4/2301 2165/4/2268 2152/4/2457
f 2000/4/2465 2154/4/2163 2166/4/2165 2014/4/2301
f 2000/4/2465 2129/4/2466 2227/4/2164 2154/4/2163
f 2000/4/2465 2152/4/2457 2225/4/2458 2129/4/2466
f 2001/4/2467 2161/4/2145 2233/4/2147 2142/4/2468
f 2001/4/2467 2024/4/2261 2174/4/2146 2161/4/2145
f 2001/4/2467 2151/4/2454 2173/4/2262 2024/4/2261
f 2001/4/2467 2142/4/2468 2236/4/2455 2151/4/2454
f 2002/4/2469 2126/4/2470 2236/4/2455 2125/4/2471
f 2002/4/2472 2127/4/2473 2225/4/2474 2126/4/2472
f 2002/4/2469 2128/4/2475 2226/4/2168 2127/4/2476
f 2002/4/2469 2125/4/2471 2235/4/2251 2128/4/2475
f 2003/4/2477 2129/4/2478 2225/4/2474 2127/4/2473
f 2003/4/2477 2130/4/2479 2227/4/2480 2129/4/2478
f 2003/4/2481 2131/4/2167 2228/4/2171 2130/4/2482
f 2003/4/2481 2127/4/2476 2226/4/2168 2131/4/2167
f 2004/4/2483 2133/4/2445 2240/4/2448 2132/4/2484
f 2004/4/2483 2134/4/2485 2231/4/2446 2133/4/2445
f 2004/4/2483 2135/4/2460 2232/4/2451 2134/4/2485
f 2004/4/2483 2132/4/2484 2239/4/2259 2135/4/2460
f 2005/4/2486 2136/4/2462 2231/4/2446 2134/4/2485
f 2005/4/2486 2137/4/2487 2229/4/2141 2136/4/2462
f 2005/4/2486 2138/4/2450 2230/4/2254 2137/4/2487
f 2005/4/2486 2134/4/2485 2232/4/2451 2138/4/2450
f 2006/4/2488 2139/4/2142 2229/4/2141 2137/4/2487
f 2006/4/2488 2140/4/2489 2233/4/2147 2139/4/2142
f 2006/4/2488 2141/4/2253 2234/4/2248 2140/4/2489
f 2006/4/2488 2137/4/2487 2230/4/2254 2141/4/2253
f 2007/4/2490 2142/4/2468 2233/4/2147 2140/4/2489
f 2007/4/2490 2125/4/2471 2236/4/2455 2142/4/2468
f 2007/4/2490 2143/4/2247 2235/4/2251 2125/4/2471
f 2007/4/2490 2140/4/2489 2234/4/2248 2143/4/2247
f 2008/4/2491 2144/4/2491 2227/4/2480 2130/4/2479
f 2008/4/2492 2145/4/2493 2237/4/2162 2144/4/2494
f 2008/4/2492 2146/4/2173 2238/4/2175 2145/4/2493
f 2008/4/2492 2130/4/2482 2228/4/2171 2146/4/2173
f 2009/4/2495 2147/4/2464 2237/4/2162 2145/4/2493
f 2009/4/2495 2132/4/2484 2240/4/2448 2147/4/2464
f 2009/4/2495 2148/4/2257 2239/4/2259 2132/4/2484
f 2009/4/2495 2145/4/2493 2238/4/2175 2148/4/2257
f 2010/4/2496 2128/4/2475 2235/4/2251 2149/4/2250
f 2010/4/2496 2150/4/2169 2226/4/2168 2128/4/2475
f 1165/4/1554 2248/4/2497 2249/4/2498 1304/4/1309
f 1165/4/1554 1305/4/1225 2250/4/2499 2248/4/2497
f 1152/4/1517 2247/4/2500 2256/4/2501 1318/4/1317
f 1152/4/1517 1312/4/1508 2253/4/2502 2247/4/2500
f 1150/4/1507 2246/4/2503 2253/4/2502 1312/4/1508
f 1150/4/1507 1313/4/1311 2254/4/2504 2246/4/2503
f 1104/4/1314 2245/4/2505 2252/4/2506 1311/4/1233
f 1104/4/1314 1318/4/1317 2256/4/2501 2245/4/2505
f 1103/4/1310 2244/4/2507 2254/4/2504 1313/4/1311
f 1103/4/1310 1317/4/1305 2255/4/2508 2244/4/2507
f 1102/4/1304 2243/4/2509 2255/4/2508 1317/4/1305
f 1102/4/1304 1304/4/1309 2249/4/2498 2243/4/2509
f 1091/4/1230 2242/4/2510 2251/4/2511 1308/4/1229
f 1091/4/1230 1311/4/1233 2252/4/2506 2242/4/2510
f 1090/4/1224 2241/4/2512 2250/4/2499 1305/4/1225
f 1090/4/1224 1308/4/1229 2251/4/2511 2241/4/2512
f 2010/4/2496 2149/4/2250 2265/4/2513 2264/4/2514
f 2010/4/2496 2264/4/2514 2266/4/2515 2150/4/2169
f 1997/4/2459 2163/4/2258 2272/4/2516 2263/4/2517
f 1997/4/2459 2263/4/2517 2269/4/2518 2157/4/2452
f 1995/4/2449 2157/4/2452 2269/4/2518 2262/4/2519
f 1995/4/2449 2262/4/2519 2270/4/2520 2158/4/2255
f 1949/4/2256 2156/4/2174 2268/4/2521 2261/4/2522
f 1949/4/2256 2261/4/2522 2272/4/2516 2163/4/2258
f 1948/4/2252 2158/4/2255 2270/4/2520 2260/4/2523
f 1948/4/2252 2260/4/2523 2271/4/2524 2162/4/2249
f 1947/4/2246 2162/4/2249 2271/4/2524 2259/4/2525
f 1947/4/2246 2259/4/2525 2265/4/2513 2149/4/2250
f 1936/4/2172 2153/4/2170 2267/4/2526 2258/4/2527
f 1936/4/2172 2258/4/2527 2268/4/2521 2156/4/2174
f 1935/4/2166 2150/4/2169 2266/4/2515 2257/4/2528
f 1935/4/2166 2257/4/2528 2267/4/2526 2153/4/2170
o Demon_Flying
v 0.409694 0.568657 0.086452
v 0.394078 0.553661 -0.145076
v 0.572384 -0.172544 0.012142
v 0.457748 -0.260979 0.256057
v 0.540337 -0.146625 -0.218655
v 0.575758 0.069524 0.036382
v 0.440808 0.001983 0.292055
v 0.570181 0.106687 -0.150325
v 0.487461 -0.347251 0.055108
v 0.474434 -0.312877 -0.251339
v -0.409713 0.568772 0.086402
v -0.394098 0.553331 -0.145070
v -0.575376 -0.171785 0.012143
v -0.458303 -0.261361 0.255795
v -0.543623 -0.143041 -0.218655
v -0.575866 0.071506 0.036454
v -0.441004 0.001934 0.292128
v -0.568893 0.110051 -0.150243
v -0.488498 -0.347851 0.055015
v -0.475368 -0.313349 -0.251340
v -0.000010 0.648806 -0.232177
v 0.525722 -0.205822 -0.246466
v 0.469208 -0.331873 0.174357
v -0.000010 -0.067264 -0.633643
v -0.000010 -0.335270 0.505323
v 0.354286 0.513840 -0.260175
v 0.316258 0.623744 -0.151763
v 0.459312 0.457933 -0.145490
v 0.484357 0.459211 0.057133
v 0.410890 0.581047 -0.024890
v 0.363604 -0.323780 0.374664
v -0.000010 0.696271 0.208493
v 0.543342 -0.260977 0.012449
v 0.405698 0.500049 0.175942
v 0.319246 0.646661 0.123273
v 0.539593 -0.197862 0.122401
v 0.397020 -0.418415 -0.243412
v -0.000011 -0.524510 -0.144831
v 0.279588 -0.477575 -0.212353
v -0.000010 -0.502905 0.218723
v 0.550434 -0.198825 -0.095005
v 0.338639 -0.042475 0.442639
v 0.494831 -0.089426 -0.351754
v 0.529275 0.049714 0.136197
v 0.578095 -0.065436 0.026871
v 0.449465 -0.145631 0.297045
v 0.579463 -0.054490 -0.170693
v 0.588621 0.082399 -0.045784
v 0.507024 0.144313 -0.272575
v 0.556084 0.208195 0.040699
v 0.431808 0.171810 0.263590
v 0.550042 0.241155 -0.133544
v -0.000010 0.484654 -0.482462
v -0.000010 0.175420 -0.564162
v 0.273010 -0.481633 0.150228
v 0.389374 -0.435386 0.101935
v 0.322730 0.168868 -0.444773
v 0.237759 0.489531 -0.387649
v 0.167149 0.681079 0.163520
v 0.185867 0.640078 -0.196993
v 0.353910 -0.072066 -0.516058
v 0.238807 -0.341614 0.441494
v -0.000010 -0.325977 -0.519108
v 0.436368 -0.301785 -0.386556
v 0.317891 -0.312647 -0.475855
v 0.481105 -0.331595 -0.096412
v 0.201066 -0.049821 0.538200
v -0.000010 -0.042673 0.622743
v -0.527965 -0.205427 -0.246466
v -0.469902 -0.332422 0.174070
v -0.354305 0.513480 -0.260124
v -0.316277 0.623441 -0.151861
v -0.459501 0.457711 -0.145104
v -0.484087 0.459557 0.057277
v -0.410910 0.580855 -0.024951
v -0.363578 -0.323611 0.374247
v -0.546547 -0.261392 0.012450
v -0.405717 0.500279 0.176045
v -0.319265 0.647263 0.122472
v -0.541332 -0.198056 0.122454
v -0.397340 -0.418788 -0.243320
v -0.278112 -0.478323 -0.211876
v -0.555946 -0.195318 -0.095003
v -0.338650 -0.042198 0.442300
v -0.494874 -0.088771 -0.351777
v -0.529512 0.050253 0.136271
v -0.579752 -0.063858 0.026870
v -0.449928 -0.145894 0.296958
v -0.579792 -0.049161 -0.170706
v -0.588188 0.085461 -0.045693
v -0.505177 0.146763 -0.272492
v -0.555508 0.209698 0.040783
v -0.431682 0.172013 0.263727
v -0.547480 0.244318 -0.133621
v -0.271527 -0.482102 0.150672
v -0.389926 -0.435771 0.101981
v -0.319432 0.168911 -0.447000
v -0.236366 0.488968 -0.389150
v -0.165325 0.681653 0.163835
v -0.184306 0.640176 -0.197573
v -0.351866 -0.071888 -0.518053
v -0.237281 -0.341534 0.441901
v -0.436776 -0.302114 -0.386519
v -0.316399 -0.312623 -0.477085
v -0.482861 -0.332514 -0.096427
v -0.199408 -0.049322 0.538812
v 0.516103 -0.257456 -0.119106
v 0.477246 -0.186956 -0.377036
v 0.381089 -0.402653 0.250470
v 0.319698 0.660885 -0.011475
v 0.489190 0.468804 -0.035770
v 0.319862 0.560184 0.241410
v 0.308826 0.569626 -0.246089
v 0.397796 0.438689 -0.258841
v 0.526397 -0.261488 0.102920
v 0.462696 0.435465 0.120493
v 0.391929 -0.383506 -0.346173
v 0.287066 -0.421257 -0.373624
v 0.275851 -0.495007 -0.020523
v 0.587078 -0.090653 -0.057449
v 0.346772 -0.202510 0.447687
v 0.500365 0.012913 -0.315521
v 0.538457 -0.087475 0.135648
v 0.568351 0.218609 -0.036501
v 0.431503 0.295388 -0.273959
v 0.334794 0.151291 0.393418
v 0.511948 0.194731 0.130896
v 0.345325 -0.179418 -0.522042
v 0.263262 -0.432742 0.302947
v 0.171096 0.691015 -0.011096
v 0.205420 0.561576 -0.340132
v 0.171562 0.589237 0.315290
v 0.391980 -0.435125 -0.065755
v 0.213468 -0.213248 0.531005
v 0.193302 0.149622 0.493639
v 0.265023 0.422742 -0.394349
v 0.288672 0.293023 -0.417827
v 0.347297 0.035245 -0.481495
v -0.000010 0.704747 -0.006599
v -0.000010 0.562254 -0.411252
v -0.000010 0.601603 0.393660
v -0.000010 -0.179829 -0.619015
v -0.521755 -0.257000 -0.119107
v -0.000010 -0.437868 0.364841
v -0.477575 -0.186867 -0.377052
v -0.380940 -0.402708 0.250124
v -0.319718 0.660702 -0.011769
v -0.489312 0.468754 -0.035355
v -0.319882 0.560586 0.241403
v -0.308845 0.569314 -0.246100
v -0.397816 0.438069 -0.258601
v -0.528262 -0.261999 0.102988
v -0.462497 0.435802 0.120665
v -0.000011 -0.458651 -0.351770
v -0.391710 -0.383310 -0.346316
v -0.285772 -0.421798 -0.373772
v -0.274342 -0.495546 -0.020237
v -0.589224 -0.085792 -0.057462
v -0.346764 -0.202077 0.447040
v -0.499682 0.014340 -0.315542
v -0.539487 -0.087285 0.135753
v -0.000010 -0.201581 0.602786
v -0.567234 0.220944 -0.036436
v -0.433933 0.294629 -0.272764
v -0.334794 0.151340 0.393505
v -0.511657 0.195458 0.131028
v -0.000010 0.153129 0.588393
v -0.000010 0.418334 -0.498173
v -0.000010 0.296331 -0.529671
v -0.000010 0.041633 -0.602807
v -0.343527 -0.179687 -0.523855
v -0.261798 -0.432920 0.303368
v -0.169315 0.691343 -0.011168
v -0.204186 0.561326 -0.341273
v -0.169785 0.589768 0.316163
v -0.392056 -0.435410 -0.065979
v -0.000011 -0.532104 0.054298
v -0.211858 -0.212537 0.530753
v -0.191609 0.149610 0.494868
v -0.263433 0.421914 -0.395785
v -0.286962 0.292993 -0.419570
v -0.345229 0.035826 -0.483368
vn 0.7603 0.5999 0.2491
vn 0.7137 0.6109 -0.3427
vn 0.9725 -0.2162 0.0869
vn 0.8453 -0.2594 0.4671
vn 0.9438 -0.1771 -0.2789
vn 0.9555 0.0675 0.2872
vn 0.8276 0.1032 0.5518
vn 0.9447 0.1481 -0.2926
vn 0.7892 -0.6116 0.0558
vn 0.8463 -0.4965 -0.1928
vn -0.7606 0.6000 0.2479
vn -0.7137 0.6104 -0.3435
vn -0.9741 -0.2052 0.0948
vn -0.8424 -0.2611 0.4714
vn -0.9441 -0.1587 -0.2889
vn -0.9551 0.0751 0.2868
vn -0.8265 0.1042 0.5532
vn -0.9424 0.1555 -0.2960
vn -0.7829 -0.6193 0.0601
vn -0.8400 -0.5038 -0.2013
vn 0.0004 0.9327 -0.3608
vn 0.9282 -0.2787 -0.2465
vn 0.8072 -0.5054 0.3049
vn 0.0016 0.1239 -0.9923
vn -0.0008 -0.6854 0.7281
vn 0.6545 0.5136 -0.5549
vn 0.4474 0.8282 -0.3374
vn 0.8312 0.4183 -0.3662
vn 0.8876 0.3853 0.2523
vn 0.7429 0.6645 -0.0806
vn 0.6418 -0.4808 0.5975
vn 0.0009 0.9535 0.3014
vn 0.9054 -0.4246 0.0021
vn 0.7690 0.3777 0.5158
vn 0.4917 0.8224 0.2861
vn 0.9197 -0.1767 0.3505
vn 0.6038 -0.7753 -0.1853
vn 0.0007 -0.9857 -0.1688
vn 0.2615 -0.9465 -0.1893
vn 0.0005 -0.9652 0.2615
vn 0.9408 -0.3112 -0.1341
vn 0.6844 0.1140 0.7202
vn 0.8485 0.0401 -0.5276
vn 0.8815 0.0830 0.4649
vn 0.9753 -0.0448 0.2163
vn 0.8485 -0.0307 0.5283
vn 0.9609 -0.0569 -0.2709
vn 0.9968 0.0792 0.0148
vn 0.7984 0.2463 -0.5494
vn 0.9371 0.1876 0.2944
vn 0.7947 0.1839 0.5785
vn 0.9037 0.2796 -0.3243
vn 0.0010 0.4382 -0.8989
vn 0.0015 0.2960 -0.9552
vn 0.2768 -0.9394 0.2021
vn 0.5706 -0.8131 0.1153
vn 0.5276 0.2914 -0.7980
vn 0.4573 0.4490 -0.7676
vn 0.2307 0.9313 0.2818
vn 0.1826 0.9166 -0.3557
vn 0.5478 0.1206 -0.8279
vn 0.3219 -0.6440 0.6940
vn 0.0013 -0.6198 -0.7847
vn 0.7212 -0.4591 -0.5188
vn 0.3618 -0.5519 -0.7513
vn 0.8082 -0.5818 -0.0910
vn 0.4673 0.0858 0.8799
vn -0.0003 0.0672 0.9977
vn -0.9247 -0.2785 -0.2594
vn -0.8031 -0.5089 0.3098
vn -0.6551 0.5122 -0.5554
vn -0.4481 0.8277 -0.3378
vn -0.8317 0.4178 -0.3657
vn -0.8877 0.3854 0.2518
vn -0.7429 0.6644 -0.0818
vn -0.6398 -0.4807 0.5996
vn -0.9034 -0.4287 0.0119
vn -0.7693 0.3778 0.5152
vn -0.4912 0.8237 0.2832
vn -0.9173 -0.1742 0.3580
vn -0.5998 -0.7779 -0.1874
vn -0.2595 -0.9470 -0.1894
vn -0.9470 -0.2922 -0.1336
vn -0.6833 0.1127 0.7214
vn -0.8457 0.0466 -0.5317
vn -0.8804 0.0869 0.4662
vn -0.9752 -0.0335 0.2189
vn -0.8465 -0.0303 0.5315
vn -0.9604 -0.0361 -0.2761
vn -0.9959 0.0897 0.0097
vn -0.7978 0.2479 -0.5496
vn -0.9371 0.1896 0.2931
vn -0.7945 0.1843 0.5786
vn -0.9030 0.2798 -0.3259
vn -0.2747 -0.9399 0.2030
vn -0.5670 -0.8153 0.1171
vn -0.5251 0.2909 -0.7998
vn -0.4570 0.4478 -0.7685
vn -0.2293 0.9320 0.2807
vn -0.1827 0.9165 -0.3558
vn -0.5456 0.1214 -0.8292
vn -0.3219 -0.6424 0.6955
vn -0.7184 -0.4610 -0.5209
vn -0.3601 -0.5529 -0.7514
vn -0.8000 -0.5928 -0.0926
vn -0.4672 0.0839 0.8802
vn 0.8991 -0.4190 -0.1269
vn 0.8322 -0.1716 -0.5272
vn 0.5957 -0.7118 0.3723
vn 0.4423 0.8937 -0.0754
vn 0.8935 0.4445 -0.0636
vn 0.5806 0.5266 0.6210
vn 0.4851 0.7176 -0.4998
vn 0.7351 0.3418 -0.5855
vn 0.8923 -0.3714 0.2565
vn 0.8399 0.2791 0.4654
vn 0.5744 -0.7092 -0.4087
vn 0.2465 -0.8307 -0.4991
vn 0.2848 -0.9586 0.0068
vn 0.9904 -0.1302 -0.0472
vn 0.6757 -0.1504 0.7216
vn 0.8245 0.1393 -0.5484
vn 0.9074 -0.0088 0.4202
vn 0.9744 0.2249 -0.0043
vn 0.7426 0.2912 -0.6031
vn 0.6555 0.2375 0.7169
vn 0.8578 0.1644 0.4870
vn 0.4947 -0.2037 -0.8449
vn 0.2771 -0.8504 0.4473
vn 0.1482 0.9845 -0.0943
vn 0.3139 0.7493 -0.5832
vn 0.3921 0.6194 0.6801
vn 0.5912 -0.8054 -0.0424
vn 0.4043 -0.2744 0.8725
vn 0.4747 0.2727 0.8368
vn 0.5319 0.2703 -0.8025
vn 0.5197 0.2745 -0.8090
vn 0.5453 0.2650 -0.7952
vn 0.0007 0.9951 -0.0984
vn 0.0006 0.7712 -0.6366
vn 0.0007 0.6407 0.7678
vn 0.0017 -0.2614 -0.9652
vn -0.8960 -0.4235 -0.1333
vn 0.0002 -0.8736 0.4866
vn -0.8290 -0.1708 -0.5325
vn -0.5927 -0.7129 0.3749
vn -0.4425 0.8934 -0.0776
vn -0.8939 0.4435 -0.0648
vn -0.5803 0.5275 0.6205
vn -0.4859 0.7171 -0.4998
vn -0.7355 0.3424 -0.5846
vn -0.8886 -0.3747 0.2645
vn -0.8404 0.2790 0.4646
vn 0.0008 -0.8756 -0.4830
vn -0.5707 -0.7110 -0.4108
vn -0.2451 -0.8312 -0.4990
vn -0.2821 -0.9594 0.0068
vn -0.9930 -0.1081 -0.0482
vn -0.6738 -0.1506 0.7234
vn -0.8225 0.1480 -0.5492
vn -0.9053 -0.0039 0.4248
vn -0.0011 -0.3072 0.9517
vn -0.9737 0.2275 -0.0086
vn -0.7446 0.2908 -0.6008
vn -0.6552 0.2372 0.7173
vn -0.8577 0.1657 0.4867
vn 0.0005 0.2947 0.9556
vn 0.0012 0.2442 -0.9697
vn 0.0014 0.2703 -0.9628
vn 0.0016 0.2998 -0.9540
vn -0.4926 -0.2041 -0.8460
vn -0.2764 -0.8499 0.4486
vn -0.1475 0.9845 -0.0953
vn -0.3140 0.7491 -0.5834
vn -0.3910 0.6202 0.6801
vn -0.5863 -0.8090 -0.0426
vn 0.0006 -0.9988 0.0480
vn -0.4048 -0.2737 0.8725
vn -0.4741 0.2721 0.8374
vn -0.5305 0.2708 -0.8033
vn -0.5184 0.2743 -0.8099
vn -0.5442 0.2671 -0.7953
vt 0.078872 0.827988
s 1
usemtl Atlas
f 2393/7/2649 2406/7/2662 2334/7/2590 2303/7/2559
f 2394/7/2650 2315/7/2571 2333/7/2589 2410/7/2666
f 2382/7/2638 2299/7/2555 2332/7/2588 2402/7/2658
f 2333/7/2589 2315/7/2571 2380/7/2636 2400/7/2656
f 2388/7/2644 2306/7/2562 2323/7/2579 2399/7/2655
f 2324/7/2580 2300/7/2556 2383/7/2639 2396/7/2652
f 2384/7/2640 2398/7/2654 2323/7/2579 2306/7/2562
f 2396/7/2652 2383/7/2639 2301/7/2557 2322/7/2578
f 2385/7/2641 2403/7/2659 2332/7/2588 2299/7/2555
f 2404/7/2660 2384/7/2640 2307/7/2563 2331/7/2587
f 2382/7/2638 2402/7/2658 2331/7/2587 2307/7/2563
f 2389/7/2645 2390/7/2646 2337/7/2593 2336/7/2592
f 2273/7/2529 2306/7/2562 2388/7/2644 2301/7/2557
f 2273/7/2529 2301/7/2557 2383/7/2639 2302/7/2558
f 2273/7/2529 2302/7/2558 2382/7/2638 2307/7/2563
f 2273/7/2529 2307/7/2563 2384/7/2640 2306/7/2562
f 2274/7/2530 2300/7/2556 2386/7/2642 2298/7/2554
f 2274/7/2530 2298/7/2554 2385/7/2641 2299/7/2555
f 2274/7/2530 2299/7/2555 2382/7/2638 2302/7/2558
f 2274/7/2530 2302/7/2558 2383/7/2639 2300/7/2556
f 2388/7/2644 2399/7/2655 2322/7/2578 2301/7/2557
f 2408/7/2664 2440/7/2696 2325/7/2581 2330/7/2586
f 2414/7/2670 2400/7/2656 2337/7/2593 2335/7/2591
f 2391/7/2647 2449/7/2705 2310/7/2566 2311/7/2567
f 2400/7/2656 2380/7/2636 2336/7/2592 2337/7/2593
f 2405/7/2661 2391/7/2647 2311/7/2567 2309/7/2565
f 2389/7/2645 2309/7/2565 2311/7/2567 2390/7/2646
f 2393/7/2649 2314/7/2570 2339/7/2595 2406/7/2662
f 2390/7/2646 2311/7/2567 2310/7/2566 2426/7/2682
f 2407/7/2663 2404/7/2660 2413/7/2669 2439/7/2695
f 2275/7/2531 2305/7/2561 2379/7/2635 2313/7/2569
f 2275/7/2531 2313/7/2569 2392/7/2648 2317/7/2573
f 2275/7/2531 2317/7/2573 2395/7/2651 2308/7/2564
f 2275/7/2531 2308/7/2564 2387/7/2643 2305/7/2561
f 2276/7/2532 2295/7/2551 2387/7/2643 2308/7/2564
f 2276/7/2532 2308/7/2564 2395/7/2651 2318/7/2574
f 2276/7/2532 2318/7/2574 2393/7/2649 2303/7/2559
f 2276/7/2532 2303/7/2559 2381/7/2637 2295/7/2551
f 2277/7/2533 2313/7/2569 2379/7/2635 2294/7/2550
f 2277/7/2533 2294/7/2550 2380/7/2636 2315/7/2571
f 2277/7/2533 2315/7/2571 2394/7/2650 2319/7/2575
f 2277/7/2533 2319/7/2575 2392/7/2648 2313/7/2569
f 2278/7/2534 2317/7/2573 2392/7/2648 2320/7/2576
f 2278/7/2534 2320/7/2576 2396/7/2652 2322/7/2578
f 2278/7/2534 2322/7/2578 2399/7/2655 2316/7/2572
f 2278/7/2534 2316/7/2572 2395/7/2651 2317/7/2573
f 2279/7/2535 2318/7/2574 2395/7/2651 2316/7/2572
f 2279/7/2535 2316/7/2572 2399/7/2655 2323/7/2579
f 2279/7/2535 2323/7/2579 2398/7/2654 2314/7/2570
f 2279/7/2535 2314/7/2570 2393/7/2649 2318/7/2574
f 2280/7/2536 2320/7/2576 2392/7/2648 2319/7/2575
f 2280/7/2536 2319/7/2575 2394/7/2650 2321/7/2577
f 2280/7/2536 2321/7/2577 2397/7/2653 2324/7/2580
f 2280/7/2536 2324/7/2580 2396/7/2652 2320/7/2576
f 2394/7/2650 2410/7/2666 2329/7/2585 2321/7/2577
f 2339/7/2595 2314/7/2570 2398/7/2654 2407/7/2663
f 2410/7/2666 2442/7/2698 2326/7/2582 2329/7/2585
f 2403/7/2659 2330/7/2586 2325/7/2581 2412/7/2668
f 2408/7/2664 2409/7/2665 2441/7/2697 2440/7/2696
f 2386/7/2642 2408/7/2664 2330/7/2586 2298/7/2554
f 2409/7/2665 2329/7/2585 2326/7/2582 2441/7/2697
f 2407/7/2663 2439/7/2695 2340/7/2596 2339/7/2595
f 2397/7/2653 2321/7/2577 2329/7/2585 2409/7/2665
f 2386/7/2642 2397/7/2653 2409/7/2665 2408/7/2664
f 2381/7/2637 2401/7/2657 2327/7/2583 2328/7/2584
f 2385/7/2641 2298/7/2554 2330/7/2586 2403/7/2659
f 2398/7/2654 2384/7/2640 2404/7/2660 2407/7/2663
f 2435/7/2691 2420/7/2676 2345/7/2601 2366/7/2622
f 2401/7/2657 2416/7/2672 2312/7/2568 2327/7/2583
f 2339/7/2595 2340/7/2596 2434/7/2690 2406/7/2662
f 2391/7/2647 2327/7/2583 2312/7/2568 2449/7/2705
f 2413/7/2669 2404/7/2660 2331/7/2587 2304/7/2560
f 2405/7/2661 2328/7/2584 2327/7/2583 2391/7/2647
f 2431/7/2687 2348/7/2604 2374/7/2630 2450/7/2706
f 2402/7/2658 2411/7/2667 2304/7/2560 2331/7/2587
f 2402/7/2658 2332/7/2588 2293/7/2549 2411/7/2667
f 2403/7/2659 2412/7/2668 2293/7/2549 2332/7/2588
f 2410/7/2666 2333/7/2589 2296/7/2552 2442/7/2698
f 2401/7/2657 2334/7/2590 2297/7/2553 2416/7/2672
f 2296/7/2552 2333/7/2589 2400/7/2656 2414/7/2670
f 2406/7/2662 2434/7/2690 2297/7/2553 2334/7/2590
f 2414/7/2670 2335/7/2591 2376/7/2632 2443/7/2699
f 2281/7/2537 2295/7/2551 2381/7/2637 2328/7/2584
f 2281/7/2537 2328/7/2584 2405/7/2661 2338/7/2594
f 2281/7/2537 2338/7/2594 2379/7/2635 2305/7/2561
f 2281/7/2537 2305/7/2561 2387/7/2643 2295/7/2551
f 2282/7/2538 2294/7/2550 2379/7/2635 2338/7/2594
f 2282/7/2538 2338/7/2594 2405/7/2661 2309/7/2565
f 2282/7/2538 2309/7/2565 2389/7/2645 2336/7/2592
f 2282/7/2538 2336/7/2592 2380/7/2636 2294/7/2550
f 2443/7/2699 2417/7/2673 2357/7/2613 2373/7/2629
f 2374/7/2630 2348/7/2604 2418/7/2674 2444/7/2700
f 2432/7/2688 2454/7/2710 2373/7/2629 2357/7/2613
f 2422/7/2678 2344/7/2600 2372/7/2628 2446/7/2702
f 2436/7/2692 2366/7/2622 2345/7/2601 2423/7/2679
f 2421/7/2677 2350/7/2606 2365/7/2621 2437/7/2693
f 2425/7/2681 2346/7/2602 2364/7/2620 2438/7/2694
f 2365/7/2621 2350/7/2606 2425/7/2681 2438/7/2694
f 2419/7/2675 2351/7/2607 2371/7/2627 2445/7/2701
f 2372/7/2628 2344/7/2600 2419/7/2675 2445/7/2701
f 2443/7/2699 2376/7/2632 2375/7/2631 2417/7/2673
f 2371/7/2627 2351/7/2607 2421/7/2677 2447/7/2703
f 2283/7/2539 2346/7/2602 2425/7/2681 2350/7/2606
f 2283/7/2539 2350/7/2606 2421/7/2677 2351/7/2607
f 2283/7/2539 2351/7/2607 2419/7/2675 2347/7/2603
f 2283/7/2539 2347/7/2603 2420/7/2676 2346/7/2602
f 2284/7/2540 2343/7/2599 2423/7/2679 2345/7/2601
f 2284/7/2540 2345/7/2601 2420/7/2676 2347/7/2603
f 2284/7/2540 2347/7/2603 2419/7/2675 2344/7/2600
f 2284/7/2540 2344/7/2600 2422/7/2678 2343/7/2599
f 2446/7/2702 2412/7/2668 2325/7/2581 2370/7/2626
f 2364/7/2620 2346/7/2602 2420/7/2676 2435/7/2691
f 2428/7/2684 2426/7/2682 2310/7/2566 2354/7/2610
f 2376/7/2632 2335/7/2591 2426/7/2682 2428/7/2684
f 2427/7/2683 2428/7/2684 2354/7/2610 2353/7/2609
f 2375/7/2631 2376/7/2632 2428/7/2684 2427/7/2683
f 2437/7/2693 2356/7/2612 2378/7/2634 2451/7/2707
f 2353/7/2609 2354/7/2610 2429/7/2685 2448/7/2704
f 2413/7/2669 2447/7/2703 2451/7/2707 2439/7/2695
f 2354/7/2610 2310/7/2566 2449/7/2705 2429/7/2685
f 2285/7/2541 2355/7/2611 2415/7/2671 2349/7/2605
f 2285/7/2541 2349/7/2605 2424/7/2680 2352/7/2608
f 2285/7/2541 2352/7/2608 2433/7/2689 2359/7/2615
f 2285/7/2541 2359/7/2615 2430/7/2686 2355/7/2611
f 2286/7/2542 2352/7/2608 2424/7/2680 2342/7/2598
f 2286/7/2542 2342/7/2598 2418/7/2674 2348/7/2604
f 2286/7/2542 2348/7/2604 2431/7/2687 2360/7/2616
f 2286/7/2542 2360/7/2616 2433/7/2689 2352/7/2608
f 2287/7/2543 2341/7/2597 2415/7/2671 2355/7/2611
f 2287/7/2543 2355/7/2611 2430/7/2686 2361/7/2617
f 2287/7/2543 2361/7/2617 2432/7/2688 2357/7/2613
f 2287/7/2543 2357/7/2613 2417/7/2673 2341/7/2597
f 2288/7/2544 2362/7/2618 2430/7/2686 2359/7/2615
f 2288/7/2544 2359/7/2615 2433/7/2689 2358/7/2614
f 2288/7/2544 2358/7/2614 2438/7/2694 2364/7/2620
f 2288/7/2544 2364/7/2620 2435/7/2691 2362/7/2618
f 2289/7/2545 2358/7/2614 2433/7/2689 2360/7/2616
f 2289/7/2545 2360/7/2616 2431/7/2687 2356/7/2612
f 2289/7/2545 2356/7/2612 2437/7/2693 2365/7/2621
f 2289/7/2545 2365/7/2621 2438/7/2694 2358/7/2614
f 2290/7/2546 2361/7/2617 2430/7/2686 2362/7/2618
f 2290/7/2546 2362/7/2618 2435/7/2691 2366/7/2622
f 2290/7/2546 2366/7/2622 2436/7/2692 2363/7/2619
f 2290/7/2546 2363/7/2619 2432/7/2688 2361/7/2617
f 2431/7/2687 2450/7/2706 2378/7/2634 2356/7/2612
f 2436/7/2692 2453/7/2709 2369/7/2625 2363/7/2619
f 2453/7/2709 2441/7/2697 2326/7/2582 2369/7/2625
f 2440/7/2696 2441/7/2697 2453/7/2709 2452/7/2708
f 2370/7/2626 2325/7/2581 2440/7/2696 2452/7/2708
f 2422/7/2678 2446/7/2702 2370/7/2626 2343/7/2599
f 2450/7/2706 2434/7/2690 2340/7/2596 2378/7/2634
f 2369/7/2625 2326/7/2582 2442/7/2698 2454/7/2710
f 2453/7/2709 2436/7/2692 2423/7/2679 2452/7/2708
f 2363/7/2619 2369/7/2625 2454/7/2710 2432/7/2688
f 2448/7/2704 2429/7/2685 2367/7/2623 2368/7/2624
f 2447/7/2703 2421/7/2677 2437/7/2693 2451/7/2707
f 2343/7/2599 2370/7/2626 2452/7/2708 2423/7/2679
f 2451/7/2707 2378/7/2634 2340/7/2596 2439/7/2695
f 2429/7/2685 2449/7/2705 2312/7/2568 2367/7/2623
f 2445/7/2701 2371/7/2627 2304/7/2560 2411/7/2667
f 2367/7/2623 2312/7/2568 2416/7/2672 2444/7/2700
f 2368/7/2624 2367/7/2623 2444/7/2700 2418/7/2674
f 2446/7/2702 2372/7/2628 2293/7/2549 2412/7/2668
f 2304/7/2560 2371/7/2627 2447/7/2703 2413/7/2669
f 2414/7/2670 2443/7/2699 2373/7/2629 2296/7/2552
f 2293/7/2549 2372/7/2628 2445/7/2701 2411/7/2667
f 2454/7/2710 2442/7/2698 2296/7/2552 2373/7/2629
f 2450/7/2706 2374/7/2630 2297/7/2553 2434/7/2690
f 2297/7/2553 2374/7/2630 2444/7/2700 2416/7/2672
f 2291/7/2547 2368/7/2624 2418/7/2674 2342/7/2598
f 2291/7/2547 2342/7/2598 2424/7/2680 2349/7/2605
f 2291/7/2547 2349/7/2605 2415/7/2671 2377/7/2633
f 2291/7/2547 2377/7/2633 2448/7/2704 2368/7/2624
f 2292/7/2548 2377/7/2633 2415/7/2671 2341/7/2597
f 2292/7/2548 2341/7/2597 2417/7/2673 2375/7/2631
f 2292/7/2548 2375/7/2631 2427/7/2683 2353/7/2609
f 2292/7/2548 2353/7/2609 2448/7/2704 2377/7/2633
f 2397/7/2653 2386/7/2642 2300/7/2556 2324/7/2580
f 2390/7/2646 2426/7/2682 2335/7/2591 2337/7/2593
f 2381/7/2637 2303/7/2559 2334/7/2590 2401/7/2657
